"","site_id","CellName","Quadrant","detector_model","detector_type","night","spp","n_calls","legacy_model","site_night"
"1","Castlegar_NE","Castlegar","NE","SM2","Other_FS",2025-06-16,"ANPA",3,"SM2","Castlegar_NE|2025-06-16"
"2","Castlegar_NE","Castlegar","NE","SM2","Other_FS",2025-06-16,"COTO",1,"SM2","Castlegar_NE|2025-06-16"
"3","Castlegar_NE","Castlegar","NE","SM2","Other_FS",2025-06-16,"EPFU",2,"SM2","Castlegar_NE|2025-06-16"
"4","Castlegar_NE","Castlegar","NE","SM2","Other_FS",2025-06-16,"EUMA",0,"SM2","Castlegar_NE|2025-06-16"
"5","Castlegar_NE","Castlegar","NE","SM2","Other_FS",2025-06-16,"LABO",1,"SM2","Castlegar_NE|2025-06-16"
"6","Castlegar_NE","Castlegar","NE","SM2","Other_FS",2025-06-16,"LACI",1,"SM2","Castlegar_NE|2025-06-16"
"7","Castlegar_NE","Castlegar","NE","SM2","Other_FS",2025-06-16,"LANO",1,"SM2","Castlegar_NE|2025-06-16"
"8","Castlegar_NE","Castlegar","NE","SM2","Other_FS",2025-06-16,"MYCA",0,"SM2","Castlegar_NE|2025-06-16"
"9","Castlegar_NE","Castlegar","NE","SM2","Other_FS",2025-06-16,"MYCI",1,"SM2","Castlegar_NE|2025-06-16"
"10","Castlegar_NE","Castlegar","NE","SM2","Other_FS",2025-06-16,"MYEV",1,"SM2","Castlegar_NE|2025-06-16"
"11","Castlegar_NE","Castlegar","NE","SM2","Other_FS",2025-06-16,"MYLU",10,"SM2","Castlegar_NE|2025-06-16"
"12","Castlegar_NE","Castlegar","NE","SM2","Other_FS",2025-06-16,"MYSE",0,"SM2","Castlegar_NE|2025-06-16"
"13","Castlegar_NE","Castlegar","NE","SM2","Other_FS",2025-06-16,"MYTH",0,"SM2","Castlegar_NE|2025-06-16"
"14","Castlegar_NE","Castlegar","NE","SM2","Other_FS",2025-06-16,"MYVO",0,"SM2","Castlegar_NE|2025-06-16"
"15","Castlegar_NE","Castlegar","NE","SM2","Other_FS",2025-06-16,"MYYU",0,"SM2","Castlegar_NE|2025-06-16"
"16","Castlegar_NE","Castlegar","NE","SM2","Other_FS",2025-06-16,"PAHE",0,"SM2","Castlegar_NE|2025-06-16"
"17","Castlegar_NE","Castlegar","NE","SM2","Other_FS",2025-06-17,"ANPA",0,"SM2","Castlegar_NE|2025-06-17"
"18","Castlegar_NE","Castlegar","NE","SM2","Other_FS",2025-06-17,"COTO",0,"SM2","Castlegar_NE|2025-06-17"
"19","Castlegar_NE","Castlegar","NE","SM2","Other_FS",2025-06-17,"EPFU",0,"SM2","Castlegar_NE|2025-06-17"
"20","Castlegar_NE","Castlegar","NE","SM2","Other_FS",2025-06-17,"EUMA",0,"SM2","Castlegar_NE|2025-06-17"
"21","Castlegar_NE","Castlegar","NE","SM2","Other_FS",2025-06-17,"LABO",0,"SM2","Castlegar_NE|2025-06-17"
"22","Castlegar_NE","Castlegar","NE","SM2","Other_FS",2025-06-17,"LACI",12,"SM2","Castlegar_NE|2025-06-17"
"23","Castlegar_NE","Castlegar","NE","SM2","Other_FS",2025-06-17,"LANO",1,"SM2","Castlegar_NE|2025-06-17"
"24","Castlegar_NE","Castlegar","NE","SM2","Other_FS",2025-06-17,"MYCA",0,"SM2","Castlegar_NE|2025-06-17"
"25","Castlegar_NE","Castlegar","NE","SM2","Other_FS",2025-06-17,"MYCI",0,"SM2","Castlegar_NE|2025-06-17"
"26","Castlegar_NE","Castlegar","NE","SM2","Other_FS",2025-06-17,"MYEV",1,"SM2","Castlegar_NE|2025-06-17"
"27","Castlegar_NE","Castlegar","NE","SM2","Other_FS",2025-06-17,"MYLU",6,"SM2","Castlegar_NE|2025-06-17"
"28","Castlegar_NE","Castlegar","NE","SM2","Other_FS",2025-06-17,"MYSE",0,"SM2","Castlegar_NE|2025-06-17"
"29","Castlegar_NE","Castlegar","NE","SM2","Other_FS",2025-06-17,"MYTH",0,"SM2","Castlegar_NE|2025-06-17"
"30","Castlegar_NE","Castlegar","NE","SM2","Other_FS",2025-06-17,"MYVO",1,"SM2","Castlegar_NE|2025-06-17"
"31","Castlegar_NE","Castlegar","NE","SM2","Other_FS",2025-06-17,"MYYU",1,"SM2","Castlegar_NE|2025-06-17"
"32","Castlegar_NE","Castlegar","NE","SM2","Other_FS",2025-06-17,"PAHE",0,"SM2","Castlegar_NE|2025-06-17"
"33","Castlegar_NE","Castlegar","NE","SM2","Other_FS",2025-06-18,"ANPA",1,"SM2","Castlegar_NE|2025-06-18"
"34","Castlegar_NE","Castlegar","NE","SM2","Other_FS",2025-06-18,"COTO",1,"SM2","Castlegar_NE|2025-06-18"
"35","Castlegar_NE","Castlegar","NE","SM2","Other_FS",2025-06-18,"EPFU",3,"SM2","Castlegar_NE|2025-06-18"
"36","Castlegar_NE","Castlegar","NE","SM2","Other_FS",2025-06-18,"EUMA",0,"SM2","Castlegar_NE|2025-06-18"
"37","Castlegar_NE","Castlegar","NE","SM2","Other_FS",2025-06-18,"LABO",0,"SM2","Castlegar_NE|2025-06-18"
"38","Castlegar_NE","Castlegar","NE","SM2","Other_FS",2025-06-18,"LACI",0,"SM2","Castlegar_NE|2025-06-18"
"39","Castlegar_NE","Castlegar","NE","SM2","Other_FS",2025-06-18,"LANO",2,"SM2","Castlegar_NE|2025-06-18"
"40","Castlegar_NE","Castlegar","NE","SM2","Other_FS",2025-06-18,"MYCA",1,"SM2","Castlegar_NE|2025-06-18"
"41","Castlegar_NE","Castlegar","NE","SM2","Other_FS",2025-06-18,"MYCI",0,"SM2","Castlegar_NE|2025-06-18"
"42","Castlegar_NE","Castlegar","NE","SM2","Other_FS",2025-06-18,"MYEV",0,"SM2","Castlegar_NE|2025-06-18"
"43","Castlegar_NE","Castlegar","NE","SM2","Other_FS",2025-06-18,"MYLU",13,"SM2","Castlegar_NE|2025-06-18"
"44","Castlegar_NE","Castlegar","NE","SM2","Other_FS",2025-06-18,"MYSE",3,"SM2","Castlegar_NE|2025-06-18"
"45","Castlegar_NE","Castlegar","NE","SM2","Other_FS",2025-06-18,"MYTH",0,"SM2","Castlegar_NE|2025-06-18"
"46","Castlegar_NE","Castlegar","NE","SM2","Other_FS",2025-06-18,"MYVO",2,"SM2","Castlegar_NE|2025-06-18"
"47","Castlegar_NE","Castlegar","NE","SM2","Other_FS",2025-06-18,"MYYU",1,"SM2","Castlegar_NE|2025-06-18"
"48","Castlegar_NE","Castlegar","NE","SM2","Other_FS",2025-06-18,"PAHE",0,"SM2","Castlegar_NE|2025-06-18"
"49","Castlegar_NE","Castlegar","NE","SM2","Other_FS",2025-06-19,"ANPA",4,"SM2","Castlegar_NE|2025-06-19"
"50","Castlegar_NE","Castlegar","NE","SM2","Other_FS",2025-06-19,"COTO",0,"SM2","Castlegar_NE|2025-06-19"
"51","Castlegar_NE","Castlegar","NE","SM2","Other_FS",2025-06-19,"EPFU",4,"SM2","Castlegar_NE|2025-06-19"
"52","Castlegar_NE","Castlegar","NE","SM2","Other_FS",2025-06-19,"EUMA",0,"SM2","Castlegar_NE|2025-06-19"
"53","Castlegar_NE","Castlegar","NE","SM2","Other_FS",2025-06-19,"LABO",0,"SM2","Castlegar_NE|2025-06-19"
"54","Castlegar_NE","Castlegar","NE","SM2","Other_FS",2025-06-19,"LACI",0,"SM2","Castlegar_NE|2025-06-19"
"55","Castlegar_NE","Castlegar","NE","SM2","Other_FS",2025-06-19,"LANO",1,"SM2","Castlegar_NE|2025-06-19"
"56","Castlegar_NE","Castlegar","NE","SM2","Other_FS",2025-06-19,"MYCA",0,"SM2","Castlegar_NE|2025-06-19"
"57","Castlegar_NE","Castlegar","NE","SM2","Other_FS",2025-06-19,"MYCI",0,"SM2","Castlegar_NE|2025-06-19"
"58","Castlegar_NE","Castlegar","NE","SM2","Other_FS",2025-06-19,"MYEV",0,"SM2","Castlegar_NE|2025-06-19"
"59","Castlegar_NE","Castlegar","NE","SM2","Other_FS",2025-06-19,"MYLU",13,"SM2","Castlegar_NE|2025-06-19"
"60","Castlegar_NE","Castlegar","NE","SM2","Other_FS",2025-06-19,"MYSE",1,"SM2","Castlegar_NE|2025-06-19"
"61","Castlegar_NE","Castlegar","NE","SM2","Other_FS",2025-06-19,"MYTH",0,"SM2","Castlegar_NE|2025-06-19"
"62","Castlegar_NE","Castlegar","NE","SM2","Other_FS",2025-06-19,"MYVO",0,"SM2","Castlegar_NE|2025-06-19"
"63","Castlegar_NE","Castlegar","NE","SM2","Other_FS",2025-06-19,"MYYU",0,"SM2","Castlegar_NE|2025-06-19"
"64","Castlegar_NE","Castlegar","NE","SM2","Other_FS",2025-06-19,"PAHE",0,"SM2","Castlegar_NE|2025-06-19"
"65","Castlegar_NE","Castlegar","NE","SM2","Other_FS",2025-06-20,"ANPA",0,"SM2","Castlegar_NE|2025-06-20"
"66","Castlegar_NE","Castlegar","NE","SM2","Other_FS",2025-06-20,"COTO",0,"SM2","Castlegar_NE|2025-06-20"
"67","Castlegar_NE","Castlegar","NE","SM2","Other_FS",2025-06-20,"EPFU",0,"SM2","Castlegar_NE|2025-06-20"
"68","Castlegar_NE","Castlegar","NE","SM2","Other_FS",2025-06-20,"EUMA",0,"SM2","Castlegar_NE|2025-06-20"
"69","Castlegar_NE","Castlegar","NE","SM2","Other_FS",2025-06-20,"LABO",0,"SM2","Castlegar_NE|2025-06-20"
"70","Castlegar_NE","Castlegar","NE","SM2","Other_FS",2025-06-20,"LACI",0,"SM2","Castlegar_NE|2025-06-20"
"71","Castlegar_NE","Castlegar","NE","SM2","Other_FS",2025-06-20,"LANO",0,"SM2","Castlegar_NE|2025-06-20"
"72","Castlegar_NE","Castlegar","NE","SM2","Other_FS",2025-06-20,"MYCA",0,"SM2","Castlegar_NE|2025-06-20"
"73","Castlegar_NE","Castlegar","NE","SM2","Other_FS",2025-06-20,"MYCI",0,"SM2","Castlegar_NE|2025-06-20"
"74","Castlegar_NE","Castlegar","NE","SM2","Other_FS",2025-06-20,"MYEV",0,"SM2","Castlegar_NE|2025-06-20"
"75","Castlegar_NE","Castlegar","NE","SM2","Other_FS",2025-06-20,"MYLU",0,"SM2","Castlegar_NE|2025-06-20"
"76","Castlegar_NE","Castlegar","NE","SM2","Other_FS",2025-06-20,"MYSE",0,"SM2","Castlegar_NE|2025-06-20"
"77","Castlegar_NE","Castlegar","NE","SM2","Other_FS",2025-06-20,"MYTH",0,"SM2","Castlegar_NE|2025-06-20"
"78","Castlegar_NE","Castlegar","NE","SM2","Other_FS",2025-06-20,"MYVO",1,"SM2","Castlegar_NE|2025-06-20"
"79","Castlegar_NE","Castlegar","NE","SM2","Other_FS",2025-06-20,"MYYU",0,"SM2","Castlegar_NE|2025-06-20"
"80","Castlegar_NE","Castlegar","NE","SM2","Other_FS",2025-06-20,"PAHE",0,"SM2","Castlegar_NE|2025-06-20"
"81","Castlegar_NE","Castlegar","NE","SM2","Other_FS",2025-06-21,"ANPA",0,"SM2","Castlegar_NE|2025-06-21"
"82","Castlegar_NE","Castlegar","NE","SM2","Other_FS",2025-06-21,"COTO",0,"SM2","Castlegar_NE|2025-06-21"
"83","Castlegar_NE","Castlegar","NE","SM2","Other_FS",2025-06-21,"EPFU",0,"SM2","Castlegar_NE|2025-06-21"
"84","Castlegar_NE","Castlegar","NE","SM2","Other_FS",2025-06-21,"EUMA",0,"SM2","Castlegar_NE|2025-06-21"
"85","Castlegar_NE","Castlegar","NE","SM2","Other_FS",2025-06-21,"LABO",0,"SM2","Castlegar_NE|2025-06-21"
"86","Castlegar_NE","Castlegar","NE","SM2","Other_FS",2025-06-21,"LACI",0,"SM2","Castlegar_NE|2025-06-21"
"87","Castlegar_NE","Castlegar","NE","SM2","Other_FS",2025-06-21,"LANO",0,"SM2","Castlegar_NE|2025-06-21"
"88","Castlegar_NE","Castlegar","NE","SM2","Other_FS",2025-06-21,"MYCA",0,"SM2","Castlegar_NE|2025-06-21"
"89","Castlegar_NE","Castlegar","NE","SM2","Other_FS",2025-06-21,"MYCI",0,"SM2","Castlegar_NE|2025-06-21"
"90","Castlegar_NE","Castlegar","NE","SM2","Other_FS",2025-06-21,"MYEV",0,"SM2","Castlegar_NE|2025-06-21"
"91","Castlegar_NE","Castlegar","NE","SM2","Other_FS",2025-06-21,"MYLU",1,"SM2","Castlegar_NE|2025-06-21"
"92","Castlegar_NE","Castlegar","NE","SM2","Other_FS",2025-06-21,"MYSE",0,"SM2","Castlegar_NE|2025-06-21"
"93","Castlegar_NE","Castlegar","NE","SM2","Other_FS",2025-06-21,"MYTH",0,"SM2","Castlegar_NE|2025-06-21"
"94","Castlegar_NE","Castlegar","NE","SM2","Other_FS",2025-06-21,"MYVO",0,"SM2","Castlegar_NE|2025-06-21"
"95","Castlegar_NE","Castlegar","NE","SM2","Other_FS",2025-06-21,"MYYU",0,"SM2","Castlegar_NE|2025-06-21"
"96","Castlegar_NE","Castlegar","NE","SM2","Other_FS",2025-06-21,"PAHE",0,"SM2","Castlegar_NE|2025-06-21"
"97","Castlegar_NE","Castlegar","NE","SM2","Other_FS",2025-06-22,"ANPA",0,"SM2","Castlegar_NE|2025-06-22"
"98","Castlegar_NE","Castlegar","NE","SM2","Other_FS",2025-06-22,"COTO",0,"SM2","Castlegar_NE|2025-06-22"
"99","Castlegar_NE","Castlegar","NE","SM2","Other_FS",2025-06-22,"EPFU",0,"SM2","Castlegar_NE|2025-06-22"
"100","Castlegar_NE","Castlegar","NE","SM2","Other_FS",2025-06-22,"EUMA",0,"SM2","Castlegar_NE|2025-06-22"
"101","Castlegar_NE","Castlegar","NE","SM2","Other_FS",2025-06-22,"LABO",0,"SM2","Castlegar_NE|2025-06-22"
"102","Castlegar_NE","Castlegar","NE","SM2","Other_FS",2025-06-22,"LACI",0,"SM2","Castlegar_NE|2025-06-22"
"103","Castlegar_NE","Castlegar","NE","SM2","Other_FS",2025-06-22,"LANO",3,"SM2","Castlegar_NE|2025-06-22"
"104","Castlegar_NE","Castlegar","NE","SM2","Other_FS",2025-06-22,"MYCA",0,"SM2","Castlegar_NE|2025-06-22"
"105","Castlegar_NE","Castlegar","NE","SM2","Other_FS",2025-06-22,"MYCI",1,"SM2","Castlegar_NE|2025-06-22"
"106","Castlegar_NE","Castlegar","NE","SM2","Other_FS",2025-06-22,"MYEV",0,"SM2","Castlegar_NE|2025-06-22"
"107","Castlegar_NE","Castlegar","NE","SM2","Other_FS",2025-06-22,"MYLU",2,"SM2","Castlegar_NE|2025-06-22"
"108","Castlegar_NE","Castlegar","NE","SM2","Other_FS",2025-06-22,"MYSE",0,"SM2","Castlegar_NE|2025-06-22"
"109","Castlegar_NE","Castlegar","NE","SM2","Other_FS",2025-06-22,"MYTH",0,"SM2","Castlegar_NE|2025-06-22"
"110","Castlegar_NE","Castlegar","NE","SM2","Other_FS",2025-06-22,"MYVO",0,"SM2","Castlegar_NE|2025-06-22"
"111","Castlegar_NE","Castlegar","NE","SM2","Other_FS",2025-06-22,"MYYU",0,"SM2","Castlegar_NE|2025-06-22"
"112","Castlegar_NE","Castlegar","NE","SM2","Other_FS",2025-06-22,"PAHE",0,"SM2","Castlegar_NE|2025-06-22"
"113","Castlegar_NE","Castlegar","NE","SM2","Other_FS",2025-06-23,"ANPA",0,"SM2","Castlegar_NE|2025-06-23"
"114","Castlegar_NE","Castlegar","NE","SM2","Other_FS",2025-06-23,"COTO",0,"SM2","Castlegar_NE|2025-06-23"
"115","Castlegar_NE","Castlegar","NE","SM2","Other_FS",2025-06-23,"EPFU",1,"SM2","Castlegar_NE|2025-06-23"
"116","Castlegar_NE","Castlegar","NE","SM2","Other_FS",2025-06-23,"EUMA",0,"SM2","Castlegar_NE|2025-06-23"
"117","Castlegar_NE","Castlegar","NE","SM2","Other_FS",2025-06-23,"LABO",0,"SM2","Castlegar_NE|2025-06-23"
"118","Castlegar_NE","Castlegar","NE","SM2","Other_FS",2025-06-23,"LACI",3,"SM2","Castlegar_NE|2025-06-23"
"119","Castlegar_NE","Castlegar","NE","SM2","Other_FS",2025-06-23,"LANO",1,"SM2","Castlegar_NE|2025-06-23"
"120","Castlegar_NE","Castlegar","NE","SM2","Other_FS",2025-06-23,"MYCA",2,"SM2","Castlegar_NE|2025-06-23"
"121","Castlegar_NE","Castlegar","NE","SM2","Other_FS",2025-06-23,"MYCI",0,"SM2","Castlegar_NE|2025-06-23"
"122","Castlegar_NE","Castlegar","NE","SM2","Other_FS",2025-06-23,"MYEV",0,"SM2","Castlegar_NE|2025-06-23"
"123","Castlegar_NE","Castlegar","NE","SM2","Other_FS",2025-06-23,"MYLU",9,"SM2","Castlegar_NE|2025-06-23"
"124","Castlegar_NE","Castlegar","NE","SM2","Other_FS",2025-06-23,"MYSE",1,"SM2","Castlegar_NE|2025-06-23"
"125","Castlegar_NE","Castlegar","NE","SM2","Other_FS",2025-06-23,"MYTH",0,"SM2","Castlegar_NE|2025-06-23"
"126","Castlegar_NE","Castlegar","NE","SM2","Other_FS",2025-06-23,"MYVO",0,"SM2","Castlegar_NE|2025-06-23"
"127","Castlegar_NE","Castlegar","NE","SM2","Other_FS",2025-06-23,"MYYU",0,"SM2","Castlegar_NE|2025-06-23"
"128","Castlegar_NE","Castlegar","NE","SM2","Other_FS",2025-06-23,"PAHE",0,"SM2","Castlegar_NE|2025-06-23"
"129","Castlegar_NE","Castlegar","NE","Anabat_Chorus","Anabat_Chorus",2025-06-16,"ANPA",1,"SM2","Castlegar_NE|2025-06-16"
"130","Castlegar_NE","Castlegar","NE","Anabat_Chorus","Anabat_Chorus",2025-06-16,"COTO",2,"SM2","Castlegar_NE|2025-06-16"
"131","Castlegar_NE","Castlegar","NE","Anabat_Chorus","Anabat_Chorus",2025-06-16,"EPFU",4,"SM2","Castlegar_NE|2025-06-16"
"132","Castlegar_NE","Castlegar","NE","Anabat_Chorus","Anabat_Chorus",2025-06-16,"EUMA",0,"SM2","Castlegar_NE|2025-06-16"
"133","Castlegar_NE","Castlegar","NE","Anabat_Chorus","Anabat_Chorus",2025-06-16,"LABO",1,"SM2","Castlegar_NE|2025-06-16"
"134","Castlegar_NE","Castlegar","NE","Anabat_Chorus","Anabat_Chorus",2025-06-16,"LACI",1,"SM2","Castlegar_NE|2025-06-16"
"135","Castlegar_NE","Castlegar","NE","Anabat_Chorus","Anabat_Chorus",2025-06-16,"LANO",2,"SM2","Castlegar_NE|2025-06-16"
"136","Castlegar_NE","Castlegar","NE","Anabat_Chorus","Anabat_Chorus",2025-06-16,"MYCA",0,"SM2","Castlegar_NE|2025-06-16"
"137","Castlegar_NE","Castlegar","NE","Anabat_Chorus","Anabat_Chorus",2025-06-16,"MYCI",3,"SM2","Castlegar_NE|2025-06-16"
"138","Castlegar_NE","Castlegar","NE","Anabat_Chorus","Anabat_Chorus",2025-06-16,"MYEV",0,"SM2","Castlegar_NE|2025-06-16"
"139","Castlegar_NE","Castlegar","NE","Anabat_Chorus","Anabat_Chorus",2025-06-16,"MYLU",13,"SM2","Castlegar_NE|2025-06-16"
"140","Castlegar_NE","Castlegar","NE","Anabat_Chorus","Anabat_Chorus",2025-06-16,"MYSE",5,"SM2","Castlegar_NE|2025-06-16"
"141","Castlegar_NE","Castlegar","NE","Anabat_Chorus","Anabat_Chorus",2025-06-16,"MYTH",0,"SM2","Castlegar_NE|2025-06-16"
"142","Castlegar_NE","Castlegar","NE","Anabat_Chorus","Anabat_Chorus",2025-06-16,"MYVO",1,"SM2","Castlegar_NE|2025-06-16"
"143","Castlegar_NE","Castlegar","NE","Anabat_Chorus","Anabat_Chorus",2025-06-16,"MYYU",0,"SM2","Castlegar_NE|2025-06-16"
"144","Castlegar_NE","Castlegar","NE","Anabat_Chorus","Anabat_Chorus",2025-06-16,"PAHE",0,"SM2","Castlegar_NE|2025-06-16"
"145","Castlegar_NE","Castlegar","NE","Anabat_Chorus","Anabat_Chorus",2025-06-17,"ANPA",0,"SM2","Castlegar_NE|2025-06-17"
"146","Castlegar_NE","Castlegar","NE","Anabat_Chorus","Anabat_Chorus",2025-06-17,"COTO",0,"SM2","Castlegar_NE|2025-06-17"
"147","Castlegar_NE","Castlegar","NE","Anabat_Chorus","Anabat_Chorus",2025-06-17,"EPFU",1,"SM2","Castlegar_NE|2025-06-17"
"148","Castlegar_NE","Castlegar","NE","Anabat_Chorus","Anabat_Chorus",2025-06-17,"EUMA",0,"SM2","Castlegar_NE|2025-06-17"
"149","Castlegar_NE","Castlegar","NE","Anabat_Chorus","Anabat_Chorus",2025-06-17,"LABO",1,"SM2","Castlegar_NE|2025-06-17"
"150","Castlegar_NE","Castlegar","NE","Anabat_Chorus","Anabat_Chorus",2025-06-17,"LACI",3,"SM2","Castlegar_NE|2025-06-17"
"151","Castlegar_NE","Castlegar","NE","Anabat_Chorus","Anabat_Chorus",2025-06-17,"LANO",0,"SM2","Castlegar_NE|2025-06-17"
"152","Castlegar_NE","Castlegar","NE","Anabat_Chorus","Anabat_Chorus",2025-06-17,"MYCA",1,"SM2","Castlegar_NE|2025-06-17"
"153","Castlegar_NE","Castlegar","NE","Anabat_Chorus","Anabat_Chorus",2025-06-17,"MYCI",0,"SM2","Castlegar_NE|2025-06-17"
"154","Castlegar_NE","Castlegar","NE","Anabat_Chorus","Anabat_Chorus",2025-06-17,"MYEV",1,"SM2","Castlegar_NE|2025-06-17"
"155","Castlegar_NE","Castlegar","NE","Anabat_Chorus","Anabat_Chorus",2025-06-17,"MYLU",5,"SM2","Castlegar_NE|2025-06-17"
"156","Castlegar_NE","Castlegar","NE","Anabat_Chorus","Anabat_Chorus",2025-06-17,"MYSE",2,"SM2","Castlegar_NE|2025-06-17"
"157","Castlegar_NE","Castlegar","NE","Anabat_Chorus","Anabat_Chorus",2025-06-17,"MYTH",0,"SM2","Castlegar_NE|2025-06-17"
"158","Castlegar_NE","Castlegar","NE","Anabat_Chorus","Anabat_Chorus",2025-06-17,"MYVO",1,"SM2","Castlegar_NE|2025-06-17"
"159","Castlegar_NE","Castlegar","NE","Anabat_Chorus","Anabat_Chorus",2025-06-17,"MYYU",3,"SM2","Castlegar_NE|2025-06-17"
"160","Castlegar_NE","Castlegar","NE","Anabat_Chorus","Anabat_Chorus",2025-06-17,"PAHE",0,"SM2","Castlegar_NE|2025-06-17"
"161","Castlegar_NE","Castlegar","NE","Anabat_Chorus","Anabat_Chorus",2025-06-18,"ANPA",1,"SM2","Castlegar_NE|2025-06-18"
"162","Castlegar_NE","Castlegar","NE","Anabat_Chorus","Anabat_Chorus",2025-06-18,"COTO",2,"SM2","Castlegar_NE|2025-06-18"
"163","Castlegar_NE","Castlegar","NE","Anabat_Chorus","Anabat_Chorus",2025-06-18,"EPFU",3,"SM2","Castlegar_NE|2025-06-18"
"164","Castlegar_NE","Castlegar","NE","Anabat_Chorus","Anabat_Chorus",2025-06-18,"EUMA",0,"SM2","Castlegar_NE|2025-06-18"
"165","Castlegar_NE","Castlegar","NE","Anabat_Chorus","Anabat_Chorus",2025-06-18,"LABO",0,"SM2","Castlegar_NE|2025-06-18"
"166","Castlegar_NE","Castlegar","NE","Anabat_Chorus","Anabat_Chorus",2025-06-18,"LACI",1,"SM2","Castlegar_NE|2025-06-18"
"167","Castlegar_NE","Castlegar","NE","Anabat_Chorus","Anabat_Chorus",2025-06-18,"LANO",2,"SM2","Castlegar_NE|2025-06-18"
"168","Castlegar_NE","Castlegar","NE","Anabat_Chorus","Anabat_Chorus",2025-06-18,"MYCA",4,"SM2","Castlegar_NE|2025-06-18"
"169","Castlegar_NE","Castlegar","NE","Anabat_Chorus","Anabat_Chorus",2025-06-18,"MYCI",0,"SM2","Castlegar_NE|2025-06-18"
"170","Castlegar_NE","Castlegar","NE","Anabat_Chorus","Anabat_Chorus",2025-06-18,"MYEV",1,"SM2","Castlegar_NE|2025-06-18"
"171","Castlegar_NE","Castlegar","NE","Anabat_Chorus","Anabat_Chorus",2025-06-18,"MYLU",12,"SM2","Castlegar_NE|2025-06-18"
"172","Castlegar_NE","Castlegar","NE","Anabat_Chorus","Anabat_Chorus",2025-06-18,"MYSE",4,"SM2","Castlegar_NE|2025-06-18"
"173","Castlegar_NE","Castlegar","NE","Anabat_Chorus","Anabat_Chorus",2025-06-18,"MYTH",0,"SM2","Castlegar_NE|2025-06-18"
"174","Castlegar_NE","Castlegar","NE","Anabat_Chorus","Anabat_Chorus",2025-06-18,"MYVO",1,"SM2","Castlegar_NE|2025-06-18"
"175","Castlegar_NE","Castlegar","NE","Anabat_Chorus","Anabat_Chorus",2025-06-18,"MYYU",0,"SM2","Castlegar_NE|2025-06-18"
"176","Castlegar_NE","Castlegar","NE","Anabat_Chorus","Anabat_Chorus",2025-06-18,"PAHE",0,"SM2","Castlegar_NE|2025-06-18"
"177","Castlegar_NE","Castlegar","NE","Anabat_Chorus","Anabat_Chorus",2025-06-19,"ANPA",3,"SM2","Castlegar_NE|2025-06-19"
"178","Castlegar_NE","Castlegar","NE","Anabat_Chorus","Anabat_Chorus",2025-06-19,"COTO",0,"SM2","Castlegar_NE|2025-06-19"
"179","Castlegar_NE","Castlegar","NE","Anabat_Chorus","Anabat_Chorus",2025-06-19,"EPFU",3,"SM2","Castlegar_NE|2025-06-19"
"180","Castlegar_NE","Castlegar","NE","Anabat_Chorus","Anabat_Chorus",2025-06-19,"EUMA",0,"SM2","Castlegar_NE|2025-06-19"
"181","Castlegar_NE","Castlegar","NE","Anabat_Chorus","Anabat_Chorus",2025-06-19,"LABO",0,"SM2","Castlegar_NE|2025-06-19"
"182","Castlegar_NE","Castlegar","NE","Anabat_Chorus","Anabat_Chorus",2025-06-19,"LACI",1,"SM2","Castlegar_NE|2025-06-19"
"183","Castlegar_NE","Castlegar","NE","Anabat_Chorus","Anabat_Chorus",2025-06-19,"LANO",1,"SM2","Castlegar_NE|2025-06-19"
"184","Castlegar_NE","Castlegar","NE","Anabat_Chorus","Anabat_Chorus",2025-06-19,"MYCA",0,"SM2","Castlegar_NE|2025-06-19"
"185","Castlegar_NE","Castlegar","NE","Anabat_Chorus","Anabat_Chorus",2025-06-19,"MYCI",0,"SM2","Castlegar_NE|2025-06-19"
"186","Castlegar_NE","Castlegar","NE","Anabat_Chorus","Anabat_Chorus",2025-06-19,"MYEV",0,"SM2","Castlegar_NE|2025-06-19"
"187","Castlegar_NE","Castlegar","NE","Anabat_Chorus","Anabat_Chorus",2025-06-19,"MYLU",13,"SM2","Castlegar_NE|2025-06-19"
"188","Castlegar_NE","Castlegar","NE","Anabat_Chorus","Anabat_Chorus",2025-06-19,"MYSE",2,"SM2","Castlegar_NE|2025-06-19"
"189","Castlegar_NE","Castlegar","NE","Anabat_Chorus","Anabat_Chorus",2025-06-19,"MYTH",0,"SM2","Castlegar_NE|2025-06-19"
"190","Castlegar_NE","Castlegar","NE","Anabat_Chorus","Anabat_Chorus",2025-06-19,"MYVO",1,"SM2","Castlegar_NE|2025-06-19"
"191","Castlegar_NE","Castlegar","NE","Anabat_Chorus","Anabat_Chorus",2025-06-19,"MYYU",0,"SM2","Castlegar_NE|2025-06-19"
"192","Castlegar_NE","Castlegar","NE","Anabat_Chorus","Anabat_Chorus",2025-06-19,"PAHE",0,"SM2","Castlegar_NE|2025-06-19"
"193","Castlegar_NE","Castlegar","NE","Anabat_Chorus","Anabat_Chorus",2025-06-20,"ANPA",0,"SM2","Castlegar_NE|2025-06-20"
"194","Castlegar_NE","Castlegar","NE","Anabat_Chorus","Anabat_Chorus",2025-06-20,"COTO",0,"SM2","Castlegar_NE|2025-06-20"
"195","Castlegar_NE","Castlegar","NE","Anabat_Chorus","Anabat_Chorus",2025-06-20,"EPFU",0,"SM2","Castlegar_NE|2025-06-20"
"196","Castlegar_NE","Castlegar","NE","Anabat_Chorus","Anabat_Chorus",2025-06-20,"EUMA",0,"SM2","Castlegar_NE|2025-06-20"
"197","Castlegar_NE","Castlegar","NE","Anabat_Chorus","Anabat_Chorus",2025-06-20,"LABO",0,"SM2","Castlegar_NE|2025-06-20"
"198","Castlegar_NE","Castlegar","NE","Anabat_Chorus","Anabat_Chorus",2025-06-20,"LACI",0,"SM2","Castlegar_NE|2025-06-20"
"199","Castlegar_NE","Castlegar","NE","Anabat_Chorus","Anabat_Chorus",2025-06-20,"LANO",0,"SM2","Castlegar_NE|2025-06-20"
"200","Castlegar_NE","Castlegar","NE","Anabat_Chorus","Anabat_Chorus",2025-06-20,"MYCA",0,"SM2","Castlegar_NE|2025-06-20"
"201","Castlegar_NE","Castlegar","NE","Anabat_Chorus","Anabat_Chorus",2025-06-20,"MYCI",0,"SM2","Castlegar_NE|2025-06-20"
"202","Castlegar_NE","Castlegar","NE","Anabat_Chorus","Anabat_Chorus",2025-06-20,"MYEV",0,"SM2","Castlegar_NE|2025-06-20"
"203","Castlegar_NE","Castlegar","NE","Anabat_Chorus","Anabat_Chorus",2025-06-20,"MYLU",3,"SM2","Castlegar_NE|2025-06-20"
"204","Castlegar_NE","Castlegar","NE","Anabat_Chorus","Anabat_Chorus",2025-06-20,"MYSE",0,"SM2","Castlegar_NE|2025-06-20"
"205","Castlegar_NE","Castlegar","NE","Anabat_Chorus","Anabat_Chorus",2025-06-20,"MYTH",0,"SM2","Castlegar_NE|2025-06-20"
"206","Castlegar_NE","Castlegar","NE","Anabat_Chorus","Anabat_Chorus",2025-06-20,"MYVO",1,"SM2","Castlegar_NE|2025-06-20"
"207","Castlegar_NE","Castlegar","NE","Anabat_Chorus","Anabat_Chorus",2025-06-20,"MYYU",1,"SM2","Castlegar_NE|2025-06-20"
"208","Castlegar_NE","Castlegar","NE","Anabat_Chorus","Anabat_Chorus",2025-06-20,"PAHE",0,"SM2","Castlegar_NE|2025-06-20"
"209","Castlegar_NE","Castlegar","NE","Anabat_Chorus","Anabat_Chorus",2025-06-21,"ANPA",0,"SM2","Castlegar_NE|2025-06-21"
"210","Castlegar_NE","Castlegar","NE","Anabat_Chorus","Anabat_Chorus",2025-06-21,"COTO",0,"SM2","Castlegar_NE|2025-06-21"
"211","Castlegar_NE","Castlegar","NE","Anabat_Chorus","Anabat_Chorus",2025-06-21,"EPFU",0,"SM2","Castlegar_NE|2025-06-21"
"212","Castlegar_NE","Castlegar","NE","Anabat_Chorus","Anabat_Chorus",2025-06-21,"EUMA",0,"SM2","Castlegar_NE|2025-06-21"
"213","Castlegar_NE","Castlegar","NE","Anabat_Chorus","Anabat_Chorus",2025-06-21,"LABO",0,"SM2","Castlegar_NE|2025-06-21"
"214","Castlegar_NE","Castlegar","NE","Anabat_Chorus","Anabat_Chorus",2025-06-21,"LACI",0,"SM2","Castlegar_NE|2025-06-21"
"215","Castlegar_NE","Castlegar","NE","Anabat_Chorus","Anabat_Chorus",2025-06-21,"LANO",0,"SM2","Castlegar_NE|2025-06-21"
"216","Castlegar_NE","Castlegar","NE","Anabat_Chorus","Anabat_Chorus",2025-06-21,"MYCA",0,"SM2","Castlegar_NE|2025-06-21"
"217","Castlegar_NE","Castlegar","NE","Anabat_Chorus","Anabat_Chorus",2025-06-21,"MYCI",1,"SM2","Castlegar_NE|2025-06-21"
"218","Castlegar_NE","Castlegar","NE","Anabat_Chorus","Anabat_Chorus",2025-06-21,"MYEV",0,"SM2","Castlegar_NE|2025-06-21"
"219","Castlegar_NE","Castlegar","NE","Anabat_Chorus","Anabat_Chorus",2025-06-21,"MYLU",5,"SM2","Castlegar_NE|2025-06-21"
"220","Castlegar_NE","Castlegar","NE","Anabat_Chorus","Anabat_Chorus",2025-06-21,"MYSE",0,"SM2","Castlegar_NE|2025-06-21"
"221","Castlegar_NE","Castlegar","NE","Anabat_Chorus","Anabat_Chorus",2025-06-21,"MYTH",0,"SM2","Castlegar_NE|2025-06-21"
"222","Castlegar_NE","Castlegar","NE","Anabat_Chorus","Anabat_Chorus",2025-06-21,"MYVO",1,"SM2","Castlegar_NE|2025-06-21"
"223","Castlegar_NE","Castlegar","NE","Anabat_Chorus","Anabat_Chorus",2025-06-21,"MYYU",0,"SM2","Castlegar_NE|2025-06-21"
"224","Castlegar_NE","Castlegar","NE","Anabat_Chorus","Anabat_Chorus",2025-06-21,"PAHE",0,"SM2","Castlegar_NE|2025-06-21"
"225","Castlegar_NE","Castlegar","NE","Anabat_Chorus","Anabat_Chorus",2025-06-22,"ANPA",0,"SM2","Castlegar_NE|2025-06-22"
"226","Castlegar_NE","Castlegar","NE","Anabat_Chorus","Anabat_Chorus",2025-06-22,"COTO",0,"SM2","Castlegar_NE|2025-06-22"
"227","Castlegar_NE","Castlegar","NE","Anabat_Chorus","Anabat_Chorus",2025-06-22,"EPFU",0,"SM2","Castlegar_NE|2025-06-22"
"228","Castlegar_NE","Castlegar","NE","Anabat_Chorus","Anabat_Chorus",2025-06-22,"EUMA",0,"SM2","Castlegar_NE|2025-06-22"
"229","Castlegar_NE","Castlegar","NE","Anabat_Chorus","Anabat_Chorus",2025-06-22,"LABO",0,"SM2","Castlegar_NE|2025-06-22"
"230","Castlegar_NE","Castlegar","NE","Anabat_Chorus","Anabat_Chorus",2025-06-22,"LACI",4,"SM2","Castlegar_NE|2025-06-22"
"231","Castlegar_NE","Castlegar","NE","Anabat_Chorus","Anabat_Chorus",2025-06-22,"LANO",3,"SM2","Castlegar_NE|2025-06-22"
"232","Castlegar_NE","Castlegar","NE","Anabat_Chorus","Anabat_Chorus",2025-06-22,"MYCA",1,"SM2","Castlegar_NE|2025-06-22"
"233","Castlegar_NE","Castlegar","NE","Anabat_Chorus","Anabat_Chorus",2025-06-22,"MYCI",1,"SM2","Castlegar_NE|2025-06-22"
"234","Castlegar_NE","Castlegar","NE","Anabat_Chorus","Anabat_Chorus",2025-06-22,"MYEV",0,"SM2","Castlegar_NE|2025-06-22"
"235","Castlegar_NE","Castlegar","NE","Anabat_Chorus","Anabat_Chorus",2025-06-22,"MYLU",16,"SM2","Castlegar_NE|2025-06-22"
"236","Castlegar_NE","Castlegar","NE","Anabat_Chorus","Anabat_Chorus",2025-06-22,"MYSE",0,"SM2","Castlegar_NE|2025-06-22"
"237","Castlegar_NE","Castlegar","NE","Anabat_Chorus","Anabat_Chorus",2025-06-22,"MYTH",0,"SM2","Castlegar_NE|2025-06-22"
"238","Castlegar_NE","Castlegar","NE","Anabat_Chorus","Anabat_Chorus",2025-06-22,"MYVO",1,"SM2","Castlegar_NE|2025-06-22"
"239","Castlegar_NE","Castlegar","NE","Anabat_Chorus","Anabat_Chorus",2025-06-22,"MYYU",0,"SM2","Castlegar_NE|2025-06-22"
"240","Castlegar_NE","Castlegar","NE","Anabat_Chorus","Anabat_Chorus",2025-06-22,"PAHE",0,"SM2","Castlegar_NE|2025-06-22"
"241","Castlegar_NE","Castlegar","NE","Anabat_Chorus","Anabat_Chorus",2025-06-23,"ANPA",0,"SM2","Castlegar_NE|2025-06-23"
"242","Castlegar_NE","Castlegar","NE","Anabat_Chorus","Anabat_Chorus",2025-06-23,"COTO",0,"SM2","Castlegar_NE|2025-06-23"
"243","Castlegar_NE","Castlegar","NE","Anabat_Chorus","Anabat_Chorus",2025-06-23,"EPFU",1,"SM2","Castlegar_NE|2025-06-23"
"244","Castlegar_NE","Castlegar","NE","Anabat_Chorus","Anabat_Chorus",2025-06-23,"EUMA",0,"SM2","Castlegar_NE|2025-06-23"
"245","Castlegar_NE","Castlegar","NE","Anabat_Chorus","Anabat_Chorus",2025-06-23,"LABO",0,"SM2","Castlegar_NE|2025-06-23"
"246","Castlegar_NE","Castlegar","NE","Anabat_Chorus","Anabat_Chorus",2025-06-23,"LACI",8,"SM2","Castlegar_NE|2025-06-23"
"247","Castlegar_NE","Castlegar","NE","Anabat_Chorus","Anabat_Chorus",2025-06-23,"LANO",1,"SM2","Castlegar_NE|2025-06-23"
"248","Castlegar_NE","Castlegar","NE","Anabat_Chorus","Anabat_Chorus",2025-06-23,"MYCA",1,"SM2","Castlegar_NE|2025-06-23"
"249","Castlegar_NE","Castlegar","NE","Anabat_Chorus","Anabat_Chorus",2025-06-23,"MYCI",0,"SM2","Castlegar_NE|2025-06-23"
"250","Castlegar_NE","Castlegar","NE","Anabat_Chorus","Anabat_Chorus",2025-06-23,"MYEV",1,"SM2","Castlegar_NE|2025-06-23"
"251","Castlegar_NE","Castlegar","NE","Anabat_Chorus","Anabat_Chorus",2025-06-23,"MYLU",8,"SM2","Castlegar_NE|2025-06-23"
"252","Castlegar_NE","Castlegar","NE","Anabat_Chorus","Anabat_Chorus",2025-06-23,"MYSE",2,"SM2","Castlegar_NE|2025-06-23"
"253","Castlegar_NE","Castlegar","NE","Anabat_Chorus","Anabat_Chorus",2025-06-23,"MYTH",0,"SM2","Castlegar_NE|2025-06-23"
"254","Castlegar_NE","Castlegar","NE","Anabat_Chorus","Anabat_Chorus",2025-06-23,"MYVO",1,"SM2","Castlegar_NE|2025-06-23"
"255","Castlegar_NE","Castlegar","NE","Anabat_Chorus","Anabat_Chorus",2025-06-23,"MYYU",2,"SM2","Castlegar_NE|2025-06-23"
"256","Castlegar_NE","Castlegar","NE","Anabat_Chorus","Anabat_Chorus",2025-06-23,"PAHE",0,"SM2","Castlegar_NE|2025-06-23"
"257","Castlegar_SE","Castlegar","SE","SM2","Other_FS",2025-06-16,"ANPA",0,"SM2","Castlegar_SE|2025-06-16"
"258","Castlegar_SE","Castlegar","SE","SM2","Other_FS",2025-06-16,"COTO",0,"SM2","Castlegar_SE|2025-06-16"
"259","Castlegar_SE","Castlegar","SE","SM2","Other_FS",2025-06-16,"EPFU",5,"SM2","Castlegar_SE|2025-06-16"
"260","Castlegar_SE","Castlegar","SE","SM2","Other_FS",2025-06-16,"EUMA",0,"SM2","Castlegar_SE|2025-06-16"
"261","Castlegar_SE","Castlegar","SE","SM2","Other_FS",2025-06-16,"LABO",2,"SM2","Castlegar_SE|2025-06-16"
"262","Castlegar_SE","Castlegar","SE","SM2","Other_FS",2025-06-16,"LACI",6,"SM2","Castlegar_SE|2025-06-16"
"263","Castlegar_SE","Castlegar","SE","SM2","Other_FS",2025-06-16,"LANO",15,"SM2","Castlegar_SE|2025-06-16"
"264","Castlegar_SE","Castlegar","SE","SM2","Other_FS",2025-06-16,"MYCA",4,"SM2","Castlegar_SE|2025-06-16"
"265","Castlegar_SE","Castlegar","SE","SM2","Other_FS",2025-06-16,"MYCI",0,"SM2","Castlegar_SE|2025-06-16"
"266","Castlegar_SE","Castlegar","SE","SM2","Other_FS",2025-06-16,"MYEV",0,"SM2","Castlegar_SE|2025-06-16"
"267","Castlegar_SE","Castlegar","SE","SM2","Other_FS",2025-06-16,"MYLU",5,"SM2","Castlegar_SE|2025-06-16"
"268","Castlegar_SE","Castlegar","SE","SM2","Other_FS",2025-06-16,"MYSE",1,"SM2","Castlegar_SE|2025-06-16"
"269","Castlegar_SE","Castlegar","SE","SM2","Other_FS",2025-06-16,"MYTH",0,"SM2","Castlegar_SE|2025-06-16"
"270","Castlegar_SE","Castlegar","SE","SM2","Other_FS",2025-06-16,"MYVO",0,"SM2","Castlegar_SE|2025-06-16"
"271","Castlegar_SE","Castlegar","SE","SM2","Other_FS",2025-06-16,"MYYU",1,"SM2","Castlegar_SE|2025-06-16"
"272","Castlegar_SE","Castlegar","SE","SM2","Other_FS",2025-06-16,"PAHE",0,"SM2","Castlegar_SE|2025-06-16"
"273","Castlegar_SE","Castlegar","SE","SM2","Other_FS",2025-06-17,"ANPA",0,"SM2","Castlegar_SE|2025-06-17"
"274","Castlegar_SE","Castlegar","SE","SM2","Other_FS",2025-06-17,"COTO",0,"SM2","Castlegar_SE|2025-06-17"
"275","Castlegar_SE","Castlegar","SE","SM2","Other_FS",2025-06-17,"EPFU",5,"SM2","Castlegar_SE|2025-06-17"
"276","Castlegar_SE","Castlegar","SE","SM2","Other_FS",2025-06-17,"EUMA",0,"SM2","Castlegar_SE|2025-06-17"
"277","Castlegar_SE","Castlegar","SE","SM2","Other_FS",2025-06-17,"LABO",1,"SM2","Castlegar_SE|2025-06-17"
"278","Castlegar_SE","Castlegar","SE","SM2","Other_FS",2025-06-17,"LACI",14,"SM2","Castlegar_SE|2025-06-17"
"279","Castlegar_SE","Castlegar","SE","SM2","Other_FS",2025-06-17,"LANO",17,"SM2","Castlegar_SE|2025-06-17"
"280","Castlegar_SE","Castlegar","SE","SM2","Other_FS",2025-06-17,"MYCA",2,"SM2","Castlegar_SE|2025-06-17"
"281","Castlegar_SE","Castlegar","SE","SM2","Other_FS",2025-06-17,"MYCI",0,"SM2","Castlegar_SE|2025-06-17"
"282","Castlegar_SE","Castlegar","SE","SM2","Other_FS",2025-06-17,"MYEV",0,"SM2","Castlegar_SE|2025-06-17"
"283","Castlegar_SE","Castlegar","SE","SM2","Other_FS",2025-06-17,"MYLU",9,"SM2","Castlegar_SE|2025-06-17"
"284","Castlegar_SE","Castlegar","SE","SM2","Other_FS",2025-06-17,"MYSE",0,"SM2","Castlegar_SE|2025-06-17"
"285","Castlegar_SE","Castlegar","SE","SM2","Other_FS",2025-06-17,"MYTH",0,"SM2","Castlegar_SE|2025-06-17"
"286","Castlegar_SE","Castlegar","SE","SM2","Other_FS",2025-06-17,"MYVO",0,"SM2","Castlegar_SE|2025-06-17"
"287","Castlegar_SE","Castlegar","SE","SM2","Other_FS",2025-06-17,"MYYU",2,"SM2","Castlegar_SE|2025-06-17"
"288","Castlegar_SE","Castlegar","SE","SM2","Other_FS",2025-06-17,"PAHE",0,"SM2","Castlegar_SE|2025-06-17"
"289","Castlegar_SE","Castlegar","SE","SM2","Other_FS",2025-06-18,"ANPA",0,"SM2","Castlegar_SE|2025-06-18"
"290","Castlegar_SE","Castlegar","SE","SM2","Other_FS",2025-06-18,"COTO",0,"SM2","Castlegar_SE|2025-06-18"
"291","Castlegar_SE","Castlegar","SE","SM2","Other_FS",2025-06-18,"EPFU",6,"SM2","Castlegar_SE|2025-06-18"
"292","Castlegar_SE","Castlegar","SE","SM2","Other_FS",2025-06-18,"EUMA",0,"SM2","Castlegar_SE|2025-06-18"
"293","Castlegar_SE","Castlegar","SE","SM2","Other_FS",2025-06-18,"LABO",0,"SM2","Castlegar_SE|2025-06-18"
"294","Castlegar_SE","Castlegar","SE","SM2","Other_FS",2025-06-18,"LACI",5,"SM2","Castlegar_SE|2025-06-18"
"295","Castlegar_SE","Castlegar","SE","SM2","Other_FS",2025-06-18,"LANO",22,"SM2","Castlegar_SE|2025-06-18"
"296","Castlegar_SE","Castlegar","SE","SM2","Other_FS",2025-06-18,"MYCA",1,"SM2","Castlegar_SE|2025-06-18"
"297","Castlegar_SE","Castlegar","SE","SM2","Other_FS",2025-06-18,"MYCI",0,"SM2","Castlegar_SE|2025-06-18"
"298","Castlegar_SE","Castlegar","SE","SM2","Other_FS",2025-06-18,"MYEV",0,"SM2","Castlegar_SE|2025-06-18"
"299","Castlegar_SE","Castlegar","SE","SM2","Other_FS",2025-06-18,"MYLU",17,"SM2","Castlegar_SE|2025-06-18"
"300","Castlegar_SE","Castlegar","SE","SM2","Other_FS",2025-06-18,"MYSE",0,"SM2","Castlegar_SE|2025-06-18"
"301","Castlegar_SE","Castlegar","SE","SM2","Other_FS",2025-06-18,"MYTH",0,"SM2","Castlegar_SE|2025-06-18"
"302","Castlegar_SE","Castlegar","SE","SM2","Other_FS",2025-06-18,"MYVO",0,"SM2","Castlegar_SE|2025-06-18"
"303","Castlegar_SE","Castlegar","SE","SM2","Other_FS",2025-06-18,"MYYU",0,"SM2","Castlegar_SE|2025-06-18"
"304","Castlegar_SE","Castlegar","SE","SM2","Other_FS",2025-06-18,"PAHE",2,"SM2","Castlegar_SE|2025-06-18"
"305","Castlegar_SE","Castlegar","SE","SM2","Other_FS",2025-06-19,"ANPA",1,"SM2","Castlegar_SE|2025-06-19"
"306","Castlegar_SE","Castlegar","SE","SM2","Other_FS",2025-06-19,"COTO",0,"SM2","Castlegar_SE|2025-06-19"
"307","Castlegar_SE","Castlegar","SE","SM2","Other_FS",2025-06-19,"EPFU",9,"SM2","Castlegar_SE|2025-06-19"
"308","Castlegar_SE","Castlegar","SE","SM2","Other_FS",2025-06-19,"EUMA",0,"SM2","Castlegar_SE|2025-06-19"
"309","Castlegar_SE","Castlegar","SE","SM2","Other_FS",2025-06-19,"LABO",0,"SM2","Castlegar_SE|2025-06-19"
"310","Castlegar_SE","Castlegar","SE","SM2","Other_FS",2025-06-19,"LACI",10,"SM2","Castlegar_SE|2025-06-19"
"311","Castlegar_SE","Castlegar","SE","SM2","Other_FS",2025-06-19,"LANO",19,"SM2","Castlegar_SE|2025-06-19"
"312","Castlegar_SE","Castlegar","SE","SM2","Other_FS",2025-06-19,"MYCA",2,"SM2","Castlegar_SE|2025-06-19"
"313","Castlegar_SE","Castlegar","SE","SM2","Other_FS",2025-06-19,"MYCI",0,"SM2","Castlegar_SE|2025-06-19"
"314","Castlegar_SE","Castlegar","SE","SM2","Other_FS",2025-06-19,"MYEV",1,"SM2","Castlegar_SE|2025-06-19"
"315","Castlegar_SE","Castlegar","SE","SM2","Other_FS",2025-06-19,"MYLU",21,"SM2","Castlegar_SE|2025-06-19"
"316","Castlegar_SE","Castlegar","SE","SM2","Other_FS",2025-06-19,"MYSE",1,"SM2","Castlegar_SE|2025-06-19"
"317","Castlegar_SE","Castlegar","SE","SM2","Other_FS",2025-06-19,"MYTH",0,"SM2","Castlegar_SE|2025-06-19"
"318","Castlegar_SE","Castlegar","SE","SM2","Other_FS",2025-06-19,"MYVO",1,"SM2","Castlegar_SE|2025-06-19"
"319","Castlegar_SE","Castlegar","SE","SM2","Other_FS",2025-06-19,"MYYU",1,"SM2","Castlegar_SE|2025-06-19"
"320","Castlegar_SE","Castlegar","SE","SM2","Other_FS",2025-06-19,"PAHE",2,"SM2","Castlegar_SE|2025-06-19"
"321","Castlegar_SE","Castlegar","SE","SM2","Other_FS",2025-06-20,"ANPA",0,"SM2","Castlegar_SE|2025-06-20"
"322","Castlegar_SE","Castlegar","SE","SM2","Other_FS",2025-06-20,"COTO",0,"SM2","Castlegar_SE|2025-06-20"
"323","Castlegar_SE","Castlegar","SE","SM2","Other_FS",2025-06-20,"EPFU",1,"SM2","Castlegar_SE|2025-06-20"
"324","Castlegar_SE","Castlegar","SE","SM2","Other_FS",2025-06-20,"EUMA",0,"SM2","Castlegar_SE|2025-06-20"
"325","Castlegar_SE","Castlegar","SE","SM2","Other_FS",2025-06-20,"LABO",0,"SM2","Castlegar_SE|2025-06-20"
"326","Castlegar_SE","Castlegar","SE","SM2","Other_FS",2025-06-20,"LACI",1,"SM2","Castlegar_SE|2025-06-20"
"327","Castlegar_SE","Castlegar","SE","SM2","Other_FS",2025-06-20,"LANO",2,"SM2","Castlegar_SE|2025-06-20"
"328","Castlegar_SE","Castlegar","SE","SM2","Other_FS",2025-06-20,"MYCA",0,"SM2","Castlegar_SE|2025-06-20"
"329","Castlegar_SE","Castlegar","SE","SM2","Other_FS",2025-06-20,"MYCI",1,"SM2","Castlegar_SE|2025-06-20"
"330","Castlegar_SE","Castlegar","SE","SM2","Other_FS",2025-06-20,"MYEV",0,"SM2","Castlegar_SE|2025-06-20"
"331","Castlegar_SE","Castlegar","SE","SM2","Other_FS",2025-06-20,"MYLU",3,"SM2","Castlegar_SE|2025-06-20"
"332","Castlegar_SE","Castlegar","SE","SM2","Other_FS",2025-06-20,"MYSE",0,"SM2","Castlegar_SE|2025-06-20"
"333","Castlegar_SE","Castlegar","SE","SM2","Other_FS",2025-06-20,"MYTH",0,"SM2","Castlegar_SE|2025-06-20"
"334","Castlegar_SE","Castlegar","SE","SM2","Other_FS",2025-06-20,"MYVO",0,"SM2","Castlegar_SE|2025-06-20"
"335","Castlegar_SE","Castlegar","SE","SM2","Other_FS",2025-06-20,"MYYU",2,"SM2","Castlegar_SE|2025-06-20"
"336","Castlegar_SE","Castlegar","SE","SM2","Other_FS",2025-06-20,"PAHE",0,"SM2","Castlegar_SE|2025-06-20"
"337","Castlegar_SE","Castlegar","SE","SM2","Other_FS",2025-06-21,"ANPA",0,"SM2","Castlegar_SE|2025-06-21"
"338","Castlegar_SE","Castlegar","SE","SM2","Other_FS",2025-06-21,"COTO",0,"SM2","Castlegar_SE|2025-06-21"
"339","Castlegar_SE","Castlegar","SE","SM2","Other_FS",2025-06-21,"EPFU",0,"SM2","Castlegar_SE|2025-06-21"
"340","Castlegar_SE","Castlegar","SE","SM2","Other_FS",2025-06-21,"EUMA",0,"SM2","Castlegar_SE|2025-06-21"
"341","Castlegar_SE","Castlegar","SE","SM2","Other_FS",2025-06-21,"LABO",0,"SM2","Castlegar_SE|2025-06-21"
"342","Castlegar_SE","Castlegar","SE","SM2","Other_FS",2025-06-21,"LACI",0,"SM2","Castlegar_SE|2025-06-21"
"343","Castlegar_SE","Castlegar","SE","SM2","Other_FS",2025-06-21,"LANO",1,"SM2","Castlegar_SE|2025-06-21"
"344","Castlegar_SE","Castlegar","SE","SM2","Other_FS",2025-06-21,"MYCA",0,"SM2","Castlegar_SE|2025-06-21"
"345","Castlegar_SE","Castlegar","SE","SM2","Other_FS",2025-06-21,"MYCI",0,"SM2","Castlegar_SE|2025-06-21"
"346","Castlegar_SE","Castlegar","SE","SM2","Other_FS",2025-06-21,"MYEV",0,"SM2","Castlegar_SE|2025-06-21"
"347","Castlegar_SE","Castlegar","SE","SM2","Other_FS",2025-06-21,"MYLU",1,"SM2","Castlegar_SE|2025-06-21"
"348","Castlegar_SE","Castlegar","SE","SM2","Other_FS",2025-06-21,"MYSE",0,"SM2","Castlegar_SE|2025-06-21"
"349","Castlegar_SE","Castlegar","SE","SM2","Other_FS",2025-06-21,"MYTH",0,"SM2","Castlegar_SE|2025-06-21"
"350","Castlegar_SE","Castlegar","SE","SM2","Other_FS",2025-06-21,"MYVO",0,"SM2","Castlegar_SE|2025-06-21"
"351","Castlegar_SE","Castlegar","SE","SM2","Other_FS",2025-06-21,"MYYU",0,"SM2","Castlegar_SE|2025-06-21"
"352","Castlegar_SE","Castlegar","SE","SM2","Other_FS",2025-06-21,"PAHE",0,"SM2","Castlegar_SE|2025-06-21"
"353","Castlegar_SE","Castlegar","SE","SM2","Other_FS",2025-06-23,"ANPA",0,"SM2","Castlegar_SE|2025-06-23"
"354","Castlegar_SE","Castlegar","SE","SM2","Other_FS",2025-06-23,"COTO",0,"SM2","Castlegar_SE|2025-06-23"
"355","Castlegar_SE","Castlegar","SE","SM2","Other_FS",2025-06-23,"EPFU",2,"SM2","Castlegar_SE|2025-06-23"
"356","Castlegar_SE","Castlegar","SE","SM2","Other_FS",2025-06-23,"EUMA",0,"SM2","Castlegar_SE|2025-06-23"
"357","Castlegar_SE","Castlegar","SE","SM2","Other_FS",2025-06-23,"LABO",0,"SM2","Castlegar_SE|2025-06-23"
"358","Castlegar_SE","Castlegar","SE","SM2","Other_FS",2025-06-23,"LACI",3,"SM2","Castlegar_SE|2025-06-23"
"359","Castlegar_SE","Castlegar","SE","SM2","Other_FS",2025-06-23,"LANO",11,"SM2","Castlegar_SE|2025-06-23"
"360","Castlegar_SE","Castlegar","SE","SM2","Other_FS",2025-06-23,"MYCA",3,"SM2","Castlegar_SE|2025-06-23"
"361","Castlegar_SE","Castlegar","SE","SM2","Other_FS",2025-06-23,"MYCI",0,"SM2","Castlegar_SE|2025-06-23"
"362","Castlegar_SE","Castlegar","SE","SM2","Other_FS",2025-06-23,"MYEV",0,"SM2","Castlegar_SE|2025-06-23"
"363","Castlegar_SE","Castlegar","SE","SM2","Other_FS",2025-06-23,"MYLU",12,"SM2","Castlegar_SE|2025-06-23"
"364","Castlegar_SE","Castlegar","SE","SM2","Other_FS",2025-06-23,"MYSE",0,"SM2","Castlegar_SE|2025-06-23"
"365","Castlegar_SE","Castlegar","SE","SM2","Other_FS",2025-06-23,"MYTH",0,"SM2","Castlegar_SE|2025-06-23"
"366","Castlegar_SE","Castlegar","SE","SM2","Other_FS",2025-06-23,"MYVO",0,"SM2","Castlegar_SE|2025-06-23"
"367","Castlegar_SE","Castlegar","SE","SM2","Other_FS",2025-06-23,"MYYU",1,"SM2","Castlegar_SE|2025-06-23"
"368","Castlegar_SE","Castlegar","SE","SM2","Other_FS",2025-06-23,"PAHE",1,"SM2","Castlegar_SE|2025-06-23"
"369","Castlegar_SE","Castlegar","SE","Anabat_Chorus","Anabat_Chorus",2025-06-16,"ANPA",0,"SM2","Castlegar_SE|2025-06-16"
"370","Castlegar_SE","Castlegar","SE","Anabat_Chorus","Anabat_Chorus",2025-06-16,"COTO",0,"SM2","Castlegar_SE|2025-06-16"
"371","Castlegar_SE","Castlegar","SE","Anabat_Chorus","Anabat_Chorus",2025-06-16,"EPFU",3,"SM2","Castlegar_SE|2025-06-16"
"372","Castlegar_SE","Castlegar","SE","Anabat_Chorus","Anabat_Chorus",2025-06-16,"EUMA",0,"SM2","Castlegar_SE|2025-06-16"
"373","Castlegar_SE","Castlegar","SE","Anabat_Chorus","Anabat_Chorus",2025-06-16,"LABO",3,"SM2","Castlegar_SE|2025-06-16"
"374","Castlegar_SE","Castlegar","SE","Anabat_Chorus","Anabat_Chorus",2025-06-16,"LACI",5,"SM2","Castlegar_SE|2025-06-16"
"375","Castlegar_SE","Castlegar","SE","Anabat_Chorus","Anabat_Chorus",2025-06-16,"LANO",19,"SM2","Castlegar_SE|2025-06-16"
"376","Castlegar_SE","Castlegar","SE","Anabat_Chorus","Anabat_Chorus",2025-06-16,"MYCA",5,"SM2","Castlegar_SE|2025-06-16"
"377","Castlegar_SE","Castlegar","SE","Anabat_Chorus","Anabat_Chorus",2025-06-16,"MYCI",0,"SM2","Castlegar_SE|2025-06-16"
"378","Castlegar_SE","Castlegar","SE","Anabat_Chorus","Anabat_Chorus",2025-06-16,"MYEV",0,"SM2","Castlegar_SE|2025-06-16"
"379","Castlegar_SE","Castlegar","SE","Anabat_Chorus","Anabat_Chorus",2025-06-16,"MYLU",3,"SM2","Castlegar_SE|2025-06-16"
"380","Castlegar_SE","Castlegar","SE","Anabat_Chorus","Anabat_Chorus",2025-06-16,"MYSE",1,"SM2","Castlegar_SE|2025-06-16"
"381","Castlegar_SE","Castlegar","SE","Anabat_Chorus","Anabat_Chorus",2025-06-16,"MYTH",0,"SM2","Castlegar_SE|2025-06-16"
"382","Castlegar_SE","Castlegar","SE","Anabat_Chorus","Anabat_Chorus",2025-06-16,"MYVO",1,"SM2","Castlegar_SE|2025-06-16"
"383","Castlegar_SE","Castlegar","SE","Anabat_Chorus","Anabat_Chorus",2025-06-16,"MYYU",1,"SM2","Castlegar_SE|2025-06-16"
"384","Castlegar_SE","Castlegar","SE","Anabat_Chorus","Anabat_Chorus",2025-06-16,"PAHE",0,"SM2","Castlegar_SE|2025-06-16"
"385","Castlegar_SE","Castlegar","SE","Anabat_Chorus","Anabat_Chorus",2025-06-17,"ANPA",1,"SM2","Castlegar_SE|2025-06-17"
"386","Castlegar_SE","Castlegar","SE","Anabat_Chorus","Anabat_Chorus",2025-06-17,"COTO",0,"SM2","Castlegar_SE|2025-06-17"
"387","Castlegar_SE","Castlegar","SE","Anabat_Chorus","Anabat_Chorus",2025-06-17,"EPFU",2,"SM2","Castlegar_SE|2025-06-17"
"388","Castlegar_SE","Castlegar","SE","Anabat_Chorus","Anabat_Chorus",2025-06-17,"EUMA",0,"SM2","Castlegar_SE|2025-06-17"
"389","Castlegar_SE","Castlegar","SE","Anabat_Chorus","Anabat_Chorus",2025-06-17,"LABO",2,"SM2","Castlegar_SE|2025-06-17"
"390","Castlegar_SE","Castlegar","SE","Anabat_Chorus","Anabat_Chorus",2025-06-17,"LACI",7,"SM2","Castlegar_SE|2025-06-17"
"391","Castlegar_SE","Castlegar","SE","Anabat_Chorus","Anabat_Chorus",2025-06-17,"LANO",13,"SM2","Castlegar_SE|2025-06-17"
"392","Castlegar_SE","Castlegar","SE","Anabat_Chorus","Anabat_Chorus",2025-06-17,"MYCA",4,"SM2","Castlegar_SE|2025-06-17"
"393","Castlegar_SE","Castlegar","SE","Anabat_Chorus","Anabat_Chorus",2025-06-17,"MYCI",0,"SM2","Castlegar_SE|2025-06-17"
"394","Castlegar_SE","Castlegar","SE","Anabat_Chorus","Anabat_Chorus",2025-06-17,"MYEV",0,"SM2","Castlegar_SE|2025-06-17"
"395","Castlegar_SE","Castlegar","SE","Anabat_Chorus","Anabat_Chorus",2025-06-17,"MYLU",8,"SM2","Castlegar_SE|2025-06-17"
"396","Castlegar_SE","Castlegar","SE","Anabat_Chorus","Anabat_Chorus",2025-06-17,"MYSE",0,"SM2","Castlegar_SE|2025-06-17"
"397","Castlegar_SE","Castlegar","SE","Anabat_Chorus","Anabat_Chorus",2025-06-17,"MYTH",0,"SM2","Castlegar_SE|2025-06-17"
"398","Castlegar_SE","Castlegar","SE","Anabat_Chorus","Anabat_Chorus",2025-06-17,"MYVO",0,"SM2","Castlegar_SE|2025-06-17"
"399","Castlegar_SE","Castlegar","SE","Anabat_Chorus","Anabat_Chorus",2025-06-17,"MYYU",2,"SM2","Castlegar_SE|2025-06-17"
"400","Castlegar_SE","Castlegar","SE","Anabat_Chorus","Anabat_Chorus",2025-06-17,"PAHE",0,"SM2","Castlegar_SE|2025-06-17"
"401","Castlegar_SE","Castlegar","SE","Anabat_Chorus","Anabat_Chorus",2025-06-18,"ANPA",1,"SM2","Castlegar_SE|2025-06-18"
"402","Castlegar_SE","Castlegar","SE","Anabat_Chorus","Anabat_Chorus",2025-06-18,"COTO",0,"SM2","Castlegar_SE|2025-06-18"
"403","Castlegar_SE","Castlegar","SE","Anabat_Chorus","Anabat_Chorus",2025-06-18,"EPFU",5,"SM2","Castlegar_SE|2025-06-18"
"404","Castlegar_SE","Castlegar","SE","Anabat_Chorus","Anabat_Chorus",2025-06-18,"EUMA",0,"SM2","Castlegar_SE|2025-06-18"
"405","Castlegar_SE","Castlegar","SE","Anabat_Chorus","Anabat_Chorus",2025-06-18,"LABO",1,"SM2","Castlegar_SE|2025-06-18"
"406","Castlegar_SE","Castlegar","SE","Anabat_Chorus","Anabat_Chorus",2025-06-18,"LACI",4,"SM2","Castlegar_SE|2025-06-18"
"407","Castlegar_SE","Castlegar","SE","Anabat_Chorus","Anabat_Chorus",2025-06-18,"LANO",23,"SM2","Castlegar_SE|2025-06-18"
"408","Castlegar_SE","Castlegar","SE","Anabat_Chorus","Anabat_Chorus",2025-06-18,"MYCA",2,"SM2","Castlegar_SE|2025-06-18"
"409","Castlegar_SE","Castlegar","SE","Anabat_Chorus","Anabat_Chorus",2025-06-18,"MYCI",1,"SM2","Castlegar_SE|2025-06-18"
"410","Castlegar_SE","Castlegar","SE","Anabat_Chorus","Anabat_Chorus",2025-06-18,"MYEV",0,"SM2","Castlegar_SE|2025-06-18"
"411","Castlegar_SE","Castlegar","SE","Anabat_Chorus","Anabat_Chorus",2025-06-18,"MYLU",17,"SM2","Castlegar_SE|2025-06-18"
"412","Castlegar_SE","Castlegar","SE","Anabat_Chorus","Anabat_Chorus",2025-06-18,"MYSE",0,"SM2","Castlegar_SE|2025-06-18"
"413","Castlegar_SE","Castlegar","SE","Anabat_Chorus","Anabat_Chorus",2025-06-18,"MYTH",0,"SM2","Castlegar_SE|2025-06-18"
"414","Castlegar_SE","Castlegar","SE","Anabat_Chorus","Anabat_Chorus",2025-06-18,"MYVO",0,"SM2","Castlegar_SE|2025-06-18"
"415","Castlegar_SE","Castlegar","SE","Anabat_Chorus","Anabat_Chorus",2025-06-18,"MYYU",0,"SM2","Castlegar_SE|2025-06-18"
"416","Castlegar_SE","Castlegar","SE","Anabat_Chorus","Anabat_Chorus",2025-06-18,"PAHE",0,"SM2","Castlegar_SE|2025-06-18"
"417","Castlegar_SE","Castlegar","SE","Anabat_Chorus","Anabat_Chorus",2025-06-19,"ANPA",0,"SM2","Castlegar_SE|2025-06-19"
"418","Castlegar_SE","Castlegar","SE","Anabat_Chorus","Anabat_Chorus",2025-06-19,"COTO",0,"SM2","Castlegar_SE|2025-06-19"
"419","Castlegar_SE","Castlegar","SE","Anabat_Chorus","Anabat_Chorus",2025-06-19,"EPFU",9,"SM2","Castlegar_SE|2025-06-19"
"420","Castlegar_SE","Castlegar","SE","Anabat_Chorus","Anabat_Chorus",2025-06-19,"EUMA",0,"SM2","Castlegar_SE|2025-06-19"
"421","Castlegar_SE","Castlegar","SE","Anabat_Chorus","Anabat_Chorus",2025-06-19,"LABO",2,"SM2","Castlegar_SE|2025-06-19"
"422","Castlegar_SE","Castlegar","SE","Anabat_Chorus","Anabat_Chorus",2025-06-19,"LACI",17,"SM2","Castlegar_SE|2025-06-19"
"423","Castlegar_SE","Castlegar","SE","Anabat_Chorus","Anabat_Chorus",2025-06-19,"LANO",21,"SM2","Castlegar_SE|2025-06-19"
"424","Castlegar_SE","Castlegar","SE","Anabat_Chorus","Anabat_Chorus",2025-06-19,"MYCA",3,"SM2","Castlegar_SE|2025-06-19"
"425","Castlegar_SE","Castlegar","SE","Anabat_Chorus","Anabat_Chorus",2025-06-19,"MYCI",0,"SM2","Castlegar_SE|2025-06-19"
"426","Castlegar_SE","Castlegar","SE","Anabat_Chorus","Anabat_Chorus",2025-06-19,"MYEV",0,"SM2","Castlegar_SE|2025-06-19"
"427","Castlegar_SE","Castlegar","SE","Anabat_Chorus","Anabat_Chorus",2025-06-19,"MYLU",16,"SM2","Castlegar_SE|2025-06-19"
"428","Castlegar_SE","Castlegar","SE","Anabat_Chorus","Anabat_Chorus",2025-06-19,"MYSE",3,"SM2","Castlegar_SE|2025-06-19"
"429","Castlegar_SE","Castlegar","SE","Anabat_Chorus","Anabat_Chorus",2025-06-19,"MYTH",0,"SM2","Castlegar_SE|2025-06-19"
"430","Castlegar_SE","Castlegar","SE","Anabat_Chorus","Anabat_Chorus",2025-06-19,"MYVO",1,"SM2","Castlegar_SE|2025-06-19"
"431","Castlegar_SE","Castlegar","SE","Anabat_Chorus","Anabat_Chorus",2025-06-19,"MYYU",1,"SM2","Castlegar_SE|2025-06-19"
"432","Castlegar_SE","Castlegar","SE","Anabat_Chorus","Anabat_Chorus",2025-06-19,"PAHE",0,"SM2","Castlegar_SE|2025-06-19"
"433","Castlegar_SE","Castlegar","SE","Anabat_Chorus","Anabat_Chorus",2025-06-20,"ANPA",0,"SM2","Castlegar_SE|2025-06-20"
"434","Castlegar_SE","Castlegar","SE","Anabat_Chorus","Anabat_Chorus",2025-06-20,"COTO",0,"SM2","Castlegar_SE|2025-06-20"
"435","Castlegar_SE","Castlegar","SE","Anabat_Chorus","Anabat_Chorus",2025-06-20,"EPFU",2,"SM2","Castlegar_SE|2025-06-20"
"436","Castlegar_SE","Castlegar","SE","Anabat_Chorus","Anabat_Chorus",2025-06-20,"EUMA",0,"SM2","Castlegar_SE|2025-06-20"
"437","Castlegar_SE","Castlegar","SE","Anabat_Chorus","Anabat_Chorus",2025-06-20,"LABO",0,"SM2","Castlegar_SE|2025-06-20"
"438","Castlegar_SE","Castlegar","SE","Anabat_Chorus","Anabat_Chorus",2025-06-20,"LACI",1,"SM2","Castlegar_SE|2025-06-20"
"439","Castlegar_SE","Castlegar","SE","Anabat_Chorus","Anabat_Chorus",2025-06-20,"LANO",2,"SM2","Castlegar_SE|2025-06-20"
"440","Castlegar_SE","Castlegar","SE","Anabat_Chorus","Anabat_Chorus",2025-06-20,"MYCA",0,"SM2","Castlegar_SE|2025-06-20"
"441","Castlegar_SE","Castlegar","SE","Anabat_Chorus","Anabat_Chorus",2025-06-20,"MYCI",0,"SM2","Castlegar_SE|2025-06-20"
"442","Castlegar_SE","Castlegar","SE","Anabat_Chorus","Anabat_Chorus",2025-06-20,"MYEV",0,"SM2","Castlegar_SE|2025-06-20"
"443","Castlegar_SE","Castlegar","SE","Anabat_Chorus","Anabat_Chorus",2025-06-20,"MYLU",6,"SM2","Castlegar_SE|2025-06-20"
"444","Castlegar_SE","Castlegar","SE","Anabat_Chorus","Anabat_Chorus",2025-06-20,"MYSE",0,"SM2","Castlegar_SE|2025-06-20"
"445","Castlegar_SE","Castlegar","SE","Anabat_Chorus","Anabat_Chorus",2025-06-20,"MYTH",0,"SM2","Castlegar_SE|2025-06-20"
"446","Castlegar_SE","Castlegar","SE","Anabat_Chorus","Anabat_Chorus",2025-06-20,"MYVO",0,"SM2","Castlegar_SE|2025-06-20"
"447","Castlegar_SE","Castlegar","SE","Anabat_Chorus","Anabat_Chorus",2025-06-20,"MYYU",1,"SM2","Castlegar_SE|2025-06-20"
"448","Castlegar_SE","Castlegar","SE","Anabat_Chorus","Anabat_Chorus",2025-06-20,"PAHE",0,"SM2","Castlegar_SE|2025-06-20"
"449","Castlegar_SE","Castlegar","SE","Anabat_Chorus","Anabat_Chorus",2025-06-21,"ANPA",0,"SM2","Castlegar_SE|2025-06-21"
"450","Castlegar_SE","Castlegar","SE","Anabat_Chorus","Anabat_Chorus",2025-06-21,"COTO",0,"SM2","Castlegar_SE|2025-06-21"
"451","Castlegar_SE","Castlegar","SE","Anabat_Chorus","Anabat_Chorus",2025-06-21,"EPFU",0,"SM2","Castlegar_SE|2025-06-21"
"452","Castlegar_SE","Castlegar","SE","Anabat_Chorus","Anabat_Chorus",2025-06-21,"EUMA",0,"SM2","Castlegar_SE|2025-06-21"
"453","Castlegar_SE","Castlegar","SE","Anabat_Chorus","Anabat_Chorus",2025-06-21,"LABO",0,"SM2","Castlegar_SE|2025-06-21"
"454","Castlegar_SE","Castlegar","SE","Anabat_Chorus","Anabat_Chorus",2025-06-21,"LACI",0,"SM2","Castlegar_SE|2025-06-21"
"455","Castlegar_SE","Castlegar","SE","Anabat_Chorus","Anabat_Chorus",2025-06-21,"LANO",1,"SM2","Castlegar_SE|2025-06-21"
"456","Castlegar_SE","Castlegar","SE","Anabat_Chorus","Anabat_Chorus",2025-06-21,"MYCA",2,"SM2","Castlegar_SE|2025-06-21"
"457","Castlegar_SE","Castlegar","SE","Anabat_Chorus","Anabat_Chorus",2025-06-21,"MYCI",0,"SM2","Castlegar_SE|2025-06-21"
"458","Castlegar_SE","Castlegar","SE","Anabat_Chorus","Anabat_Chorus",2025-06-21,"MYEV",0,"SM2","Castlegar_SE|2025-06-21"
"459","Castlegar_SE","Castlegar","SE","Anabat_Chorus","Anabat_Chorus",2025-06-21,"MYLU",7,"SM2","Castlegar_SE|2025-06-21"
"460","Castlegar_SE","Castlegar","SE","Anabat_Chorus","Anabat_Chorus",2025-06-21,"MYSE",0,"SM2","Castlegar_SE|2025-06-21"
"461","Castlegar_SE","Castlegar","SE","Anabat_Chorus","Anabat_Chorus",2025-06-21,"MYTH",0,"SM2","Castlegar_SE|2025-06-21"
"462","Castlegar_SE","Castlegar","SE","Anabat_Chorus","Anabat_Chorus",2025-06-21,"MYVO",0,"SM2","Castlegar_SE|2025-06-21"
"463","Castlegar_SE","Castlegar","SE","Anabat_Chorus","Anabat_Chorus",2025-06-21,"MYYU",0,"SM2","Castlegar_SE|2025-06-21"
"464","Castlegar_SE","Castlegar","SE","Anabat_Chorus","Anabat_Chorus",2025-06-21,"PAHE",0,"SM2","Castlegar_SE|2025-06-21"
"465","Castlegar_SE","Castlegar","SE","Anabat_Chorus","Anabat_Chorus",2025-06-23,"ANPA",0,"SM2","Castlegar_SE|2025-06-23"
"466","Castlegar_SE","Castlegar","SE","Anabat_Chorus","Anabat_Chorus",2025-06-23,"COTO",0,"SM2","Castlegar_SE|2025-06-23"
"467","Castlegar_SE","Castlegar","SE","Anabat_Chorus","Anabat_Chorus",2025-06-23,"EPFU",4,"SM2","Castlegar_SE|2025-06-23"
"468","Castlegar_SE","Castlegar","SE","Anabat_Chorus","Anabat_Chorus",2025-06-23,"EUMA",0,"SM2","Castlegar_SE|2025-06-23"
"469","Castlegar_SE","Castlegar","SE","Anabat_Chorus","Anabat_Chorus",2025-06-23,"LABO",0,"SM2","Castlegar_SE|2025-06-23"
"470","Castlegar_SE","Castlegar","SE","Anabat_Chorus","Anabat_Chorus",2025-06-23,"LACI",1,"SM2","Castlegar_SE|2025-06-23"
"471","Castlegar_SE","Castlegar","SE","Anabat_Chorus","Anabat_Chorus",2025-06-23,"LANO",11,"SM2","Castlegar_SE|2025-06-23"
"472","Castlegar_SE","Castlegar","SE","Anabat_Chorus","Anabat_Chorus",2025-06-23,"MYCA",4,"SM2","Castlegar_SE|2025-06-23"
"473","Castlegar_SE","Castlegar","SE","Anabat_Chorus","Anabat_Chorus",2025-06-23,"MYCI",0,"SM2","Castlegar_SE|2025-06-23"
"474","Castlegar_SE","Castlegar","SE","Anabat_Chorus","Anabat_Chorus",2025-06-23,"MYEV",0,"SM2","Castlegar_SE|2025-06-23"
"475","Castlegar_SE","Castlegar","SE","Anabat_Chorus","Anabat_Chorus",2025-06-23,"MYLU",13,"SM2","Castlegar_SE|2025-06-23"
"476","Castlegar_SE","Castlegar","SE","Anabat_Chorus","Anabat_Chorus",2025-06-23,"MYSE",1,"SM2","Castlegar_SE|2025-06-23"
"477","Castlegar_SE","Castlegar","SE","Anabat_Chorus","Anabat_Chorus",2025-06-23,"MYTH",0,"SM2","Castlegar_SE|2025-06-23"
"478","Castlegar_SE","Castlegar","SE","Anabat_Chorus","Anabat_Chorus",2025-06-23,"MYVO",0,"SM2","Castlegar_SE|2025-06-23"
"479","Castlegar_SE","Castlegar","SE","Anabat_Chorus","Anabat_Chorus",2025-06-23,"MYYU",1,"SM2","Castlegar_SE|2025-06-23"
"480","Castlegar_SE","Castlegar","SE","Anabat_Chorus","Anabat_Chorus",2025-06-23,"PAHE",0,"SM2","Castlegar_SE|2025-06-23"
"481","Castlegar_SW1","Castlegar","SW1","SM2","Other_FS",2025-06-16,"ANPA",1,"SM2","Castlegar_SW1|2025-06-16"
"482","Castlegar_SW1","Castlegar","SW1","SM2","Other_FS",2025-06-16,"COTO",0,"SM2","Castlegar_SW1|2025-06-16"
"483","Castlegar_SW1","Castlegar","SW1","SM2","Other_FS",2025-06-16,"EPFU",52,"SM2","Castlegar_SW1|2025-06-16"
"484","Castlegar_SW1","Castlegar","SW1","SM2","Other_FS",2025-06-16,"EUMA",0,"SM2","Castlegar_SW1|2025-06-16"
"485","Castlegar_SW1","Castlegar","SW1","SM2","Other_FS",2025-06-16,"LABO",0,"SM2","Castlegar_SW1|2025-06-16"
"486","Castlegar_SW1","Castlegar","SW1","SM2","Other_FS",2025-06-16,"LACI",6,"SM2","Castlegar_SW1|2025-06-16"
"487","Castlegar_SW1","Castlegar","SW1","SM2","Other_FS",2025-06-16,"LANO",36,"SM2","Castlegar_SW1|2025-06-16"
"488","Castlegar_SW1","Castlegar","SW1","SM2","Other_FS",2025-06-16,"MYCA",1,"SM2","Castlegar_SW1|2025-06-16"
"489","Castlegar_SW1","Castlegar","SW1","SM2","Other_FS",2025-06-16,"MYCI",0,"SM2","Castlegar_SW1|2025-06-16"
"490","Castlegar_SW1","Castlegar","SW1","SM2","Other_FS",2025-06-16,"MYEV",0,"SM2","Castlegar_SW1|2025-06-16"
"491","Castlegar_SW1","Castlegar","SW1","SM2","Other_FS",2025-06-16,"MYLU",20,"SM2","Castlegar_SW1|2025-06-16"
"492","Castlegar_SW1","Castlegar","SW1","SM2","Other_FS",2025-06-16,"MYSE",1,"SM2","Castlegar_SW1|2025-06-16"
"493","Castlegar_SW1","Castlegar","SW1","SM2","Other_FS",2025-06-16,"MYTH",0,"SM2","Castlegar_SW1|2025-06-16"
"494","Castlegar_SW1","Castlegar","SW1","SM2","Other_FS",2025-06-16,"MYVO",0,"SM2","Castlegar_SW1|2025-06-16"
"495","Castlegar_SW1","Castlegar","SW1","SM2","Other_FS",2025-06-16,"MYYU",0,"SM2","Castlegar_SW1|2025-06-16"
"496","Castlegar_SW1","Castlegar","SW1","SM2","Other_FS",2025-06-16,"PAHE",0,"SM2","Castlegar_SW1|2025-06-16"
"497","Castlegar_SW1","Castlegar","SW1","SM2","Other_FS",2025-06-17,"ANPA",0,"SM2","Castlegar_SW1|2025-06-17"
"498","Castlegar_SW1","Castlegar","SW1","SM2","Other_FS",2025-06-17,"COTO",0,"SM2","Castlegar_SW1|2025-06-17"
"499","Castlegar_SW1","Castlegar","SW1","SM2","Other_FS",2025-06-17,"EPFU",85,"SM2","Castlegar_SW1|2025-06-17"
"500","Castlegar_SW1","Castlegar","SW1","SM2","Other_FS",2025-06-17,"EUMA",0,"SM2","Castlegar_SW1|2025-06-17"
"501","Castlegar_SW1","Castlegar","SW1","SM2","Other_FS",2025-06-17,"LABO",0,"SM2","Castlegar_SW1|2025-06-17"
"502","Castlegar_SW1","Castlegar","SW1","SM2","Other_FS",2025-06-17,"LACI",7,"SM2","Castlegar_SW1|2025-06-17"
"503","Castlegar_SW1","Castlegar","SW1","SM2","Other_FS",2025-06-17,"LANO",34,"SM2","Castlegar_SW1|2025-06-17"
"504","Castlegar_SW1","Castlegar","SW1","SM2","Other_FS",2025-06-17,"MYCA",3,"SM2","Castlegar_SW1|2025-06-17"
"505","Castlegar_SW1","Castlegar","SW1","SM2","Other_FS",2025-06-17,"MYCI",0,"SM2","Castlegar_SW1|2025-06-17"
"506","Castlegar_SW1","Castlegar","SW1","SM2","Other_FS",2025-06-17,"MYEV",1,"SM2","Castlegar_SW1|2025-06-17"
"507","Castlegar_SW1","Castlegar","SW1","SM2","Other_FS",2025-06-17,"MYLU",29,"SM2","Castlegar_SW1|2025-06-17"
"508","Castlegar_SW1","Castlegar","SW1","SM2","Other_FS",2025-06-17,"MYSE",0,"SM2","Castlegar_SW1|2025-06-17"
"509","Castlegar_SW1","Castlegar","SW1","SM2","Other_FS",2025-06-17,"MYTH",0,"SM2","Castlegar_SW1|2025-06-17"
"510","Castlegar_SW1","Castlegar","SW1","SM2","Other_FS",2025-06-17,"MYVO",2,"SM2","Castlegar_SW1|2025-06-17"
"511","Castlegar_SW1","Castlegar","SW1","SM2","Other_FS",2025-06-17,"MYYU",1,"SM2","Castlegar_SW1|2025-06-17"
"512","Castlegar_SW1","Castlegar","SW1","SM2","Other_FS",2025-06-17,"PAHE",0,"SM2","Castlegar_SW1|2025-06-17"
"513","Castlegar_SW1","Castlegar","SW1","SM2","Other_FS",2025-06-18,"ANPA",1,"SM2","Castlegar_SW1|2025-06-18"
"514","Castlegar_SW1","Castlegar","SW1","SM2","Other_FS",2025-06-18,"COTO",0,"SM2","Castlegar_SW1|2025-06-18"
"515","Castlegar_SW1","Castlegar","SW1","SM2","Other_FS",2025-06-18,"EPFU",25,"SM2","Castlegar_SW1|2025-06-18"
"516","Castlegar_SW1","Castlegar","SW1","SM2","Other_FS",2025-06-18,"EUMA",0,"SM2","Castlegar_SW1|2025-06-18"
"517","Castlegar_SW1","Castlegar","SW1","SM2","Other_FS",2025-06-18,"LABO",0,"SM2","Castlegar_SW1|2025-06-18"
"518","Castlegar_SW1","Castlegar","SW1","SM2","Other_FS",2025-06-18,"LACI",3,"SM2","Castlegar_SW1|2025-06-18"
"519","Castlegar_SW1","Castlegar","SW1","SM2","Other_FS",2025-06-18,"LANO",41,"SM2","Castlegar_SW1|2025-06-18"
"520","Castlegar_SW1","Castlegar","SW1","SM2","Other_FS",2025-06-18,"MYCA",10,"SM2","Castlegar_SW1|2025-06-18"
"521","Castlegar_SW1","Castlegar","SW1","SM2","Other_FS",2025-06-18,"MYCI",1,"SM2","Castlegar_SW1|2025-06-18"
"522","Castlegar_SW1","Castlegar","SW1","SM2","Other_FS",2025-06-18,"MYEV",0,"SM2","Castlegar_SW1|2025-06-18"
"523","Castlegar_SW1","Castlegar","SW1","SM2","Other_FS",2025-06-18,"MYLU",50,"SM2","Castlegar_SW1|2025-06-18"
"524","Castlegar_SW1","Castlegar","SW1","SM2","Other_FS",2025-06-18,"MYSE",0,"SM2","Castlegar_SW1|2025-06-18"
"525","Castlegar_SW1","Castlegar","SW1","SM2","Other_FS",2025-06-18,"MYTH",0,"SM2","Castlegar_SW1|2025-06-18"
"526","Castlegar_SW1","Castlegar","SW1","SM2","Other_FS",2025-06-18,"MYVO",0,"SM2","Castlegar_SW1|2025-06-18"
"527","Castlegar_SW1","Castlegar","SW1","SM2","Other_FS",2025-06-18,"MYYU",8,"SM2","Castlegar_SW1|2025-06-18"
"528","Castlegar_SW1","Castlegar","SW1","SM2","Other_FS",2025-06-18,"PAHE",1,"SM2","Castlegar_SW1|2025-06-18"
"529","Castlegar_SW1","Castlegar","SW1","SM2","Other_FS",2025-06-19,"ANPA",1,"SM2","Castlegar_SW1|2025-06-19"
"530","Castlegar_SW1","Castlegar","SW1","SM2","Other_FS",2025-06-19,"COTO",1,"SM2","Castlegar_SW1|2025-06-19"
"531","Castlegar_SW1","Castlegar","SW1","SM2","Other_FS",2025-06-19,"EPFU",49,"SM2","Castlegar_SW1|2025-06-19"
"532","Castlegar_SW1","Castlegar","SW1","SM2","Other_FS",2025-06-19,"EUMA",0,"SM2","Castlegar_SW1|2025-06-19"
"533","Castlegar_SW1","Castlegar","SW1","SM2","Other_FS",2025-06-19,"LABO",1,"SM2","Castlegar_SW1|2025-06-19"
"534","Castlegar_SW1","Castlegar","SW1","SM2","Other_FS",2025-06-19,"LACI",11,"SM2","Castlegar_SW1|2025-06-19"
"535","Castlegar_SW1","Castlegar","SW1","SM2","Other_FS",2025-06-19,"LANO",32,"SM2","Castlegar_SW1|2025-06-19"
"536","Castlegar_SW1","Castlegar","SW1","SM2","Other_FS",2025-06-19,"MYCA",6,"SM2","Castlegar_SW1|2025-06-19"
"537","Castlegar_SW1","Castlegar","SW1","SM2","Other_FS",2025-06-19,"MYCI",0,"SM2","Castlegar_SW1|2025-06-19"
"538","Castlegar_SW1","Castlegar","SW1","SM2","Other_FS",2025-06-19,"MYEV",0,"SM2","Castlegar_SW1|2025-06-19"
"539","Castlegar_SW1","Castlegar","SW1","SM2","Other_FS",2025-06-19,"MYLU",16,"SM2","Castlegar_SW1|2025-06-19"
"540","Castlegar_SW1","Castlegar","SW1","SM2","Other_FS",2025-06-19,"MYSE",1,"SM2","Castlegar_SW1|2025-06-19"
"541","Castlegar_SW1","Castlegar","SW1","SM2","Other_FS",2025-06-19,"MYTH",0,"SM2","Castlegar_SW1|2025-06-19"
"542","Castlegar_SW1","Castlegar","SW1","SM2","Other_FS",2025-06-19,"MYVO",0,"SM2","Castlegar_SW1|2025-06-19"
"543","Castlegar_SW1","Castlegar","SW1","SM2","Other_FS",2025-06-19,"MYYU",2,"SM2","Castlegar_SW1|2025-06-19"
"544","Castlegar_SW1","Castlegar","SW1","SM2","Other_FS",2025-06-19,"PAHE",2,"SM2","Castlegar_SW1|2025-06-19"
"545","Castlegar_SW1","Castlegar","SW1","SM2","Other_FS",2025-06-20,"ANPA",0,"SM2","Castlegar_SW1|2025-06-20"
"546","Castlegar_SW1","Castlegar","SW1","SM2","Other_FS",2025-06-20,"COTO",0,"SM2","Castlegar_SW1|2025-06-20"
"547","Castlegar_SW1","Castlegar","SW1","SM2","Other_FS",2025-06-20,"EPFU",1,"SM2","Castlegar_SW1|2025-06-20"
"548","Castlegar_SW1","Castlegar","SW1","SM2","Other_FS",2025-06-20,"EUMA",0,"SM2","Castlegar_SW1|2025-06-20"
"549","Castlegar_SW1","Castlegar","SW1","SM2","Other_FS",2025-06-20,"LABO",0,"SM2","Castlegar_SW1|2025-06-20"
"550","Castlegar_SW1","Castlegar","SW1","SM2","Other_FS",2025-06-20,"LACI",0,"SM2","Castlegar_SW1|2025-06-20"
"551","Castlegar_SW1","Castlegar","SW1","SM2","Other_FS",2025-06-20,"LANO",3,"SM2","Castlegar_SW1|2025-06-20"
"552","Castlegar_SW1","Castlegar","SW1","SM2","Other_FS",2025-06-20,"MYCA",0,"SM2","Castlegar_SW1|2025-06-20"
"553","Castlegar_SW1","Castlegar","SW1","SM2","Other_FS",2025-06-20,"MYCI",0,"SM2","Castlegar_SW1|2025-06-20"
"554","Castlegar_SW1","Castlegar","SW1","SM2","Other_FS",2025-06-20,"MYEV",0,"SM2","Castlegar_SW1|2025-06-20"
"555","Castlegar_SW1","Castlegar","SW1","SM2","Other_FS",2025-06-20,"MYLU",0,"SM2","Castlegar_SW1|2025-06-20"
"556","Castlegar_SW1","Castlegar","SW1","SM2","Other_FS",2025-06-20,"MYSE",0,"SM2","Castlegar_SW1|2025-06-20"
"557","Castlegar_SW1","Castlegar","SW1","SM2","Other_FS",2025-06-20,"MYTH",0,"SM2","Castlegar_SW1|2025-06-20"
"558","Castlegar_SW1","Castlegar","SW1","SM2","Other_FS",2025-06-20,"MYVO",0,"SM2","Castlegar_SW1|2025-06-20"
"559","Castlegar_SW1","Castlegar","SW1","SM2","Other_FS",2025-06-20,"MYYU",0,"SM2","Castlegar_SW1|2025-06-20"
"560","Castlegar_SW1","Castlegar","SW1","SM2","Other_FS",2025-06-20,"PAHE",0,"SM2","Castlegar_SW1|2025-06-20"
"561","Castlegar_SW1","Castlegar","SW1","SM2","Other_FS",2025-06-22,"ANPA",0,"SM2","Castlegar_SW1|2025-06-22"
"562","Castlegar_SW1","Castlegar","SW1","SM2","Other_FS",2025-06-22,"COTO",0,"SM2","Castlegar_SW1|2025-06-22"
"563","Castlegar_SW1","Castlegar","SW1","SM2","Other_FS",2025-06-22,"EPFU",2,"SM2","Castlegar_SW1|2025-06-22"
"564","Castlegar_SW1","Castlegar","SW1","SM2","Other_FS",2025-06-22,"EUMA",0,"SM2","Castlegar_SW1|2025-06-22"
"565","Castlegar_SW1","Castlegar","SW1","SM2","Other_FS",2025-06-22,"LABO",0,"SM2","Castlegar_SW1|2025-06-22"
"566","Castlegar_SW1","Castlegar","SW1","SM2","Other_FS",2025-06-22,"LACI",4,"SM2","Castlegar_SW1|2025-06-22"
"567","Castlegar_SW1","Castlegar","SW1","SM2","Other_FS",2025-06-22,"LANO",7,"SM2","Castlegar_SW1|2025-06-22"
"568","Castlegar_SW1","Castlegar","SW1","SM2","Other_FS",2025-06-22,"MYCA",1,"SM2","Castlegar_SW1|2025-06-22"
"569","Castlegar_SW1","Castlegar","SW1","SM2","Other_FS",2025-06-22,"MYCI",0,"SM2","Castlegar_SW1|2025-06-22"
"570","Castlegar_SW1","Castlegar","SW1","SM2","Other_FS",2025-06-22,"MYEV",0,"SM2","Castlegar_SW1|2025-06-22"
"571","Castlegar_SW1","Castlegar","SW1","SM2","Other_FS",2025-06-22,"MYLU",1,"SM2","Castlegar_SW1|2025-06-22"
"572","Castlegar_SW1","Castlegar","SW1","SM2","Other_FS",2025-06-22,"MYSE",0,"SM2","Castlegar_SW1|2025-06-22"
"573","Castlegar_SW1","Castlegar","SW1","SM2","Other_FS",2025-06-22,"MYTH",0,"SM2","Castlegar_SW1|2025-06-22"
"574","Castlegar_SW1","Castlegar","SW1","SM2","Other_FS",2025-06-22,"MYVO",0,"SM2","Castlegar_SW1|2025-06-22"
"575","Castlegar_SW1","Castlegar","SW1","SM2","Other_FS",2025-06-22,"MYYU",0,"SM2","Castlegar_SW1|2025-06-22"
"576","Castlegar_SW1","Castlegar","SW1","SM2","Other_FS",2025-06-22,"PAHE",0,"SM2","Castlegar_SW1|2025-06-22"
"577","Castlegar_SW1","Castlegar","SW1","SM2","Other_FS",2025-06-23,"ANPA",1,"SM2","Castlegar_SW1|2025-06-23"
"578","Castlegar_SW1","Castlegar","SW1","SM2","Other_FS",2025-06-23,"COTO",0,"SM2","Castlegar_SW1|2025-06-23"
"579","Castlegar_SW1","Castlegar","SW1","SM2","Other_FS",2025-06-23,"EPFU",22,"SM2","Castlegar_SW1|2025-06-23"
"580","Castlegar_SW1","Castlegar","SW1","SM2","Other_FS",2025-06-23,"EUMA",0,"SM2","Castlegar_SW1|2025-06-23"
"581","Castlegar_SW1","Castlegar","SW1","SM2","Other_FS",2025-06-23,"LABO",0,"SM2","Castlegar_SW1|2025-06-23"
"582","Castlegar_SW1","Castlegar","SW1","SM2","Other_FS",2025-06-23,"LACI",8,"SM2","Castlegar_SW1|2025-06-23"
"583","Castlegar_SW1","Castlegar","SW1","SM2","Other_FS",2025-06-23,"LANO",40,"SM2","Castlegar_SW1|2025-06-23"
"584","Castlegar_SW1","Castlegar","SW1","SM2","Other_FS",2025-06-23,"MYCA",2,"SM2","Castlegar_SW1|2025-06-23"
"585","Castlegar_SW1","Castlegar","SW1","SM2","Other_FS",2025-06-23,"MYCI",0,"SM2","Castlegar_SW1|2025-06-23"
"586","Castlegar_SW1","Castlegar","SW1","SM2","Other_FS",2025-06-23,"MYEV",0,"SM2","Castlegar_SW1|2025-06-23"
"587","Castlegar_SW1","Castlegar","SW1","SM2","Other_FS",2025-06-23,"MYLU",14,"SM2","Castlegar_SW1|2025-06-23"
"588","Castlegar_SW1","Castlegar","SW1","SM2","Other_FS",2025-06-23,"MYSE",2,"SM2","Castlegar_SW1|2025-06-23"
"589","Castlegar_SW1","Castlegar","SW1","SM2","Other_FS",2025-06-23,"MYTH",0,"SM2","Castlegar_SW1|2025-06-23"
"590","Castlegar_SW1","Castlegar","SW1","SM2","Other_FS",2025-06-23,"MYVO",0,"SM2","Castlegar_SW1|2025-06-23"
"591","Castlegar_SW1","Castlegar","SW1","SM2","Other_FS",2025-06-23,"MYYU",0,"SM2","Castlegar_SW1|2025-06-23"
"592","Castlegar_SW1","Castlegar","SW1","SM2","Other_FS",2025-06-23,"PAHE",0,"SM2","Castlegar_SW1|2025-06-23"
"593","Castlegar_SW1","Castlegar","SW1","Anabat_Chorus","Anabat_Chorus",2025-06-16,"ANPA",1,"SM2","Castlegar_SW1|2025-06-16"
"594","Castlegar_SW1","Castlegar","SW1","Anabat_Chorus","Anabat_Chorus",2025-06-16,"COTO",0,"SM2","Castlegar_SW1|2025-06-16"
"595","Castlegar_SW1","Castlegar","SW1","Anabat_Chorus","Anabat_Chorus",2025-06-16,"EPFU",57,"SM2","Castlegar_SW1|2025-06-16"
"596","Castlegar_SW1","Castlegar","SW1","Anabat_Chorus","Anabat_Chorus",2025-06-16,"EUMA",0,"SM2","Castlegar_SW1|2025-06-16"
"597","Castlegar_SW1","Castlegar","SW1","Anabat_Chorus","Anabat_Chorus",2025-06-16,"LABO",1,"SM2","Castlegar_SW1|2025-06-16"
"598","Castlegar_SW1","Castlegar","SW1","Anabat_Chorus","Anabat_Chorus",2025-06-16,"LACI",2,"SM2","Castlegar_SW1|2025-06-16"
"599","Castlegar_SW1","Castlegar","SW1","Anabat_Chorus","Anabat_Chorus",2025-06-16,"LANO",29,"SM2","Castlegar_SW1|2025-06-16"
"600","Castlegar_SW1","Castlegar","SW1","Anabat_Chorus","Anabat_Chorus",2025-06-16,"MYCA",4,"SM2","Castlegar_SW1|2025-06-16"
"601","Castlegar_SW1","Castlegar","SW1","Anabat_Chorus","Anabat_Chorus",2025-06-16,"MYCI",0,"SM2","Castlegar_SW1|2025-06-16"
"602","Castlegar_SW1","Castlegar","SW1","Anabat_Chorus","Anabat_Chorus",2025-06-16,"MYEV",1,"SM2","Castlegar_SW1|2025-06-16"
"603","Castlegar_SW1","Castlegar","SW1","Anabat_Chorus","Anabat_Chorus",2025-06-16,"MYLU",23,"SM2","Castlegar_SW1|2025-06-16"
"604","Castlegar_SW1","Castlegar","SW1","Anabat_Chorus","Anabat_Chorus",2025-06-16,"MYSE",1,"SM2","Castlegar_SW1|2025-06-16"
"605","Castlegar_SW1","Castlegar","SW1","Anabat_Chorus","Anabat_Chorus",2025-06-16,"MYTH",0,"SM2","Castlegar_SW1|2025-06-16"
"606","Castlegar_SW1","Castlegar","SW1","Anabat_Chorus","Anabat_Chorus",2025-06-16,"MYVO",2,"SM2","Castlegar_SW1|2025-06-16"
"607","Castlegar_SW1","Castlegar","SW1","Anabat_Chorus","Anabat_Chorus",2025-06-16,"MYYU",0,"SM2","Castlegar_SW1|2025-06-16"
"608","Castlegar_SW1","Castlegar","SW1","Anabat_Chorus","Anabat_Chorus",2025-06-16,"PAHE",0,"SM2","Castlegar_SW1|2025-06-16"
"609","Castlegar_SW1","Castlegar","SW1","Anabat_Chorus","Anabat_Chorus",2025-06-17,"ANPA",0,"SM2","Castlegar_SW1|2025-06-17"
"610","Castlegar_SW1","Castlegar","SW1","Anabat_Chorus","Anabat_Chorus",2025-06-17,"COTO",0,"SM2","Castlegar_SW1|2025-06-17"
"611","Castlegar_SW1","Castlegar","SW1","Anabat_Chorus","Anabat_Chorus",2025-06-17,"EPFU",79,"SM2","Castlegar_SW1|2025-06-17"
"612","Castlegar_SW1","Castlegar","SW1","Anabat_Chorus","Anabat_Chorus",2025-06-17,"EUMA",0,"SM2","Castlegar_SW1|2025-06-17"
"613","Castlegar_SW1","Castlegar","SW1","Anabat_Chorus","Anabat_Chorus",2025-06-17,"LABO",0,"SM2","Castlegar_SW1|2025-06-17"
"614","Castlegar_SW1","Castlegar","SW1","Anabat_Chorus","Anabat_Chorus",2025-06-17,"LACI",6,"SM2","Castlegar_SW1|2025-06-17"
"615","Castlegar_SW1","Castlegar","SW1","Anabat_Chorus","Anabat_Chorus",2025-06-17,"LANO",26,"SM2","Castlegar_SW1|2025-06-17"
"616","Castlegar_SW1","Castlegar","SW1","Anabat_Chorus","Anabat_Chorus",2025-06-17,"MYCA",4,"SM2","Castlegar_SW1|2025-06-17"
"617","Castlegar_SW1","Castlegar","SW1","Anabat_Chorus","Anabat_Chorus",2025-06-17,"MYCI",0,"SM2","Castlegar_SW1|2025-06-17"
"618","Castlegar_SW1","Castlegar","SW1","Anabat_Chorus","Anabat_Chorus",2025-06-17,"MYEV",1,"SM2","Castlegar_SW1|2025-06-17"
"619","Castlegar_SW1","Castlegar","SW1","Anabat_Chorus","Anabat_Chorus",2025-06-17,"MYLU",32,"SM2","Castlegar_SW1|2025-06-17"
"620","Castlegar_SW1","Castlegar","SW1","Anabat_Chorus","Anabat_Chorus",2025-06-17,"MYSE",0,"SM2","Castlegar_SW1|2025-06-17"
"621","Castlegar_SW1","Castlegar","SW1","Anabat_Chorus","Anabat_Chorus",2025-06-17,"MYTH",0,"SM2","Castlegar_SW1|2025-06-17"
"622","Castlegar_SW1","Castlegar","SW1","Anabat_Chorus","Anabat_Chorus",2025-06-17,"MYVO",2,"SM2","Castlegar_SW1|2025-06-17"
"623","Castlegar_SW1","Castlegar","SW1","Anabat_Chorus","Anabat_Chorus",2025-06-17,"MYYU",1,"SM2","Castlegar_SW1|2025-06-17"
"624","Castlegar_SW1","Castlegar","SW1","Anabat_Chorus","Anabat_Chorus",2025-06-17,"PAHE",0,"SM2","Castlegar_SW1|2025-06-17"
"625","Castlegar_SW1","Castlegar","SW1","Anabat_Chorus","Anabat_Chorus",2025-06-18,"ANPA",1,"SM2","Castlegar_SW1|2025-06-18"
"626","Castlegar_SW1","Castlegar","SW1","Anabat_Chorus","Anabat_Chorus",2025-06-18,"COTO",0,"SM2","Castlegar_SW1|2025-06-18"
"627","Castlegar_SW1","Castlegar","SW1","Anabat_Chorus","Anabat_Chorus",2025-06-18,"EPFU",27,"SM2","Castlegar_SW1|2025-06-18"
"628","Castlegar_SW1","Castlegar","SW1","Anabat_Chorus","Anabat_Chorus",2025-06-18,"EUMA",0,"SM2","Castlegar_SW1|2025-06-18"
"629","Castlegar_SW1","Castlegar","SW1","Anabat_Chorus","Anabat_Chorus",2025-06-18,"LABO",2,"SM2","Castlegar_SW1|2025-06-18"
"630","Castlegar_SW1","Castlegar","SW1","Anabat_Chorus","Anabat_Chorus",2025-06-18,"LACI",2,"SM2","Castlegar_SW1|2025-06-18"
"631","Castlegar_SW1","Castlegar","SW1","Anabat_Chorus","Anabat_Chorus",2025-06-18,"LANO",34,"SM2","Castlegar_SW1|2025-06-18"
"632","Castlegar_SW1","Castlegar","SW1","Anabat_Chorus","Anabat_Chorus",2025-06-18,"MYCA",10,"SM2","Castlegar_SW1|2025-06-18"
"633","Castlegar_SW1","Castlegar","SW1","Anabat_Chorus","Anabat_Chorus",2025-06-18,"MYCI",1,"SM2","Castlegar_SW1|2025-06-18"
"634","Castlegar_SW1","Castlegar","SW1","Anabat_Chorus","Anabat_Chorus",2025-06-18,"MYEV",0,"SM2","Castlegar_SW1|2025-06-18"
"635","Castlegar_SW1","Castlegar","SW1","Anabat_Chorus","Anabat_Chorus",2025-06-18,"MYLU",49,"SM2","Castlegar_SW1|2025-06-18"
"636","Castlegar_SW1","Castlegar","SW1","Anabat_Chorus","Anabat_Chorus",2025-06-18,"MYSE",1,"SM2","Castlegar_SW1|2025-06-18"
"637","Castlegar_SW1","Castlegar","SW1","Anabat_Chorus","Anabat_Chorus",2025-06-18,"MYTH",0,"SM2","Castlegar_SW1|2025-06-18"
"638","Castlegar_SW1","Castlegar","SW1","Anabat_Chorus","Anabat_Chorus",2025-06-18,"MYVO",1,"SM2","Castlegar_SW1|2025-06-18"
"639","Castlegar_SW1","Castlegar","SW1","Anabat_Chorus","Anabat_Chorus",2025-06-18,"MYYU",8,"SM2","Castlegar_SW1|2025-06-18"
"640","Castlegar_SW1","Castlegar","SW1","Anabat_Chorus","Anabat_Chorus",2025-06-18,"PAHE",0,"SM2","Castlegar_SW1|2025-06-18"
"641","Castlegar_SW1","Castlegar","SW1","Anabat_Chorus","Anabat_Chorus",2025-06-19,"ANPA",0,"SM2","Castlegar_SW1|2025-06-19"
"642","Castlegar_SW1","Castlegar","SW1","Anabat_Chorus","Anabat_Chorus",2025-06-19,"COTO",0,"SM2","Castlegar_SW1|2025-06-19"
"643","Castlegar_SW1","Castlegar","SW1","Anabat_Chorus","Anabat_Chorus",2025-06-19,"EPFU",45,"SM2","Castlegar_SW1|2025-06-19"
"644","Castlegar_SW1","Castlegar","SW1","Anabat_Chorus","Anabat_Chorus",2025-06-19,"EUMA",0,"SM2","Castlegar_SW1|2025-06-19"
"645","Castlegar_SW1","Castlegar","SW1","Anabat_Chorus","Anabat_Chorus",2025-06-19,"LABO",1,"SM2","Castlegar_SW1|2025-06-19"
"646","Castlegar_SW1","Castlegar","SW1","Anabat_Chorus","Anabat_Chorus",2025-06-19,"LACI",6,"SM2","Castlegar_SW1|2025-06-19"
"647","Castlegar_SW1","Castlegar","SW1","Anabat_Chorus","Anabat_Chorus",2025-06-19,"LANO",33,"SM2","Castlegar_SW1|2025-06-19"
"648","Castlegar_SW1","Castlegar","SW1","Anabat_Chorus","Anabat_Chorus",2025-06-19,"MYCA",8,"SM2","Castlegar_SW1|2025-06-19"
"649","Castlegar_SW1","Castlegar","SW1","Anabat_Chorus","Anabat_Chorus",2025-06-19,"MYCI",0,"SM2","Castlegar_SW1|2025-06-19"
"650","Castlegar_SW1","Castlegar","SW1","Anabat_Chorus","Anabat_Chorus",2025-06-19,"MYEV",0,"SM2","Castlegar_SW1|2025-06-19"
"651","Castlegar_SW1","Castlegar","SW1","Anabat_Chorus","Anabat_Chorus",2025-06-19,"MYLU",17,"SM2","Castlegar_SW1|2025-06-19"
"652","Castlegar_SW1","Castlegar","SW1","Anabat_Chorus","Anabat_Chorus",2025-06-19,"MYSE",1,"SM2","Castlegar_SW1|2025-06-19"
"653","Castlegar_SW1","Castlegar","SW1","Anabat_Chorus","Anabat_Chorus",2025-06-19,"MYTH",0,"SM2","Castlegar_SW1|2025-06-19"
"654","Castlegar_SW1","Castlegar","SW1","Anabat_Chorus","Anabat_Chorus",2025-06-19,"MYVO",1,"SM2","Castlegar_SW1|2025-06-19"
"655","Castlegar_SW1","Castlegar","SW1","Anabat_Chorus","Anabat_Chorus",2025-06-19,"MYYU",1,"SM2","Castlegar_SW1|2025-06-19"
"656","Castlegar_SW1","Castlegar","SW1","Anabat_Chorus","Anabat_Chorus",2025-06-19,"PAHE",0,"SM2","Castlegar_SW1|2025-06-19"
"657","Castlegar_SW1","Castlegar","SW1","Anabat_Chorus","Anabat_Chorus",2025-06-20,"ANPA",0,"SM2","Castlegar_SW1|2025-06-20"
"658","Castlegar_SW1","Castlegar","SW1","Anabat_Chorus","Anabat_Chorus",2025-06-20,"COTO",0,"SM2","Castlegar_SW1|2025-06-20"
"659","Castlegar_SW1","Castlegar","SW1","Anabat_Chorus","Anabat_Chorus",2025-06-20,"EPFU",1,"SM2","Castlegar_SW1|2025-06-20"
"660","Castlegar_SW1","Castlegar","SW1","Anabat_Chorus","Anabat_Chorus",2025-06-20,"EUMA",0,"SM2","Castlegar_SW1|2025-06-20"
"661","Castlegar_SW1","Castlegar","SW1","Anabat_Chorus","Anabat_Chorus",2025-06-20,"LABO",0,"SM2","Castlegar_SW1|2025-06-20"
"662","Castlegar_SW1","Castlegar","SW1","Anabat_Chorus","Anabat_Chorus",2025-06-20,"LACI",1,"SM2","Castlegar_SW1|2025-06-20"
"663","Castlegar_SW1","Castlegar","SW1","Anabat_Chorus","Anabat_Chorus",2025-06-20,"LANO",5,"SM2","Castlegar_SW1|2025-06-20"
"664","Castlegar_SW1","Castlegar","SW1","Anabat_Chorus","Anabat_Chorus",2025-06-20,"MYCA",0,"SM2","Castlegar_SW1|2025-06-20"
"665","Castlegar_SW1","Castlegar","SW1","Anabat_Chorus","Anabat_Chorus",2025-06-20,"MYCI",0,"SM2","Castlegar_SW1|2025-06-20"
"666","Castlegar_SW1","Castlegar","SW1","Anabat_Chorus","Anabat_Chorus",2025-06-20,"MYEV",0,"SM2","Castlegar_SW1|2025-06-20"
"667","Castlegar_SW1","Castlegar","SW1","Anabat_Chorus","Anabat_Chorus",2025-06-20,"MYLU",4,"SM2","Castlegar_SW1|2025-06-20"
"668","Castlegar_SW1","Castlegar","SW1","Anabat_Chorus","Anabat_Chorus",2025-06-20,"MYSE",0,"SM2","Castlegar_SW1|2025-06-20"
"669","Castlegar_SW1","Castlegar","SW1","Anabat_Chorus","Anabat_Chorus",2025-06-20,"MYTH",0,"SM2","Castlegar_SW1|2025-06-20"
"670","Castlegar_SW1","Castlegar","SW1","Anabat_Chorus","Anabat_Chorus",2025-06-20,"MYVO",0,"SM2","Castlegar_SW1|2025-06-20"
"671","Castlegar_SW1","Castlegar","SW1","Anabat_Chorus","Anabat_Chorus",2025-06-20,"MYYU",0,"SM2","Castlegar_SW1|2025-06-20"
"672","Castlegar_SW1","Castlegar","SW1","Anabat_Chorus","Anabat_Chorus",2025-06-20,"PAHE",0,"SM2","Castlegar_SW1|2025-06-20"
"673","Castlegar_SW1","Castlegar","SW1","Anabat_Chorus","Anabat_Chorus",2025-06-22,"ANPA",0,"SM2","Castlegar_SW1|2025-06-22"
"674","Castlegar_SW1","Castlegar","SW1","Anabat_Chorus","Anabat_Chorus",2025-06-22,"COTO",0,"SM2","Castlegar_SW1|2025-06-22"
"675","Castlegar_SW1","Castlegar","SW1","Anabat_Chorus","Anabat_Chorus",2025-06-22,"EPFU",0,"SM2","Castlegar_SW1|2025-06-22"
"676","Castlegar_SW1","Castlegar","SW1","Anabat_Chorus","Anabat_Chorus",2025-06-22,"EUMA",0,"SM2","Castlegar_SW1|2025-06-22"
"677","Castlegar_SW1","Castlegar","SW1","Anabat_Chorus","Anabat_Chorus",2025-06-22,"LABO",0,"SM2","Castlegar_SW1|2025-06-22"
"678","Castlegar_SW1","Castlegar","SW1","Anabat_Chorus","Anabat_Chorus",2025-06-22,"LACI",1,"SM2","Castlegar_SW1|2025-06-22"
"679","Castlegar_SW1","Castlegar","SW1","Anabat_Chorus","Anabat_Chorus",2025-06-22,"LANO",0,"SM2","Castlegar_SW1|2025-06-22"
"680","Castlegar_SW1","Castlegar","SW1","Anabat_Chorus","Anabat_Chorus",2025-06-22,"MYCA",0,"SM2","Castlegar_SW1|2025-06-22"
"681","Castlegar_SW1","Castlegar","SW1","Anabat_Chorus","Anabat_Chorus",2025-06-22,"MYCI",0,"SM2","Castlegar_SW1|2025-06-22"
"682","Castlegar_SW1","Castlegar","SW1","Anabat_Chorus","Anabat_Chorus",2025-06-22,"MYEV",0,"SM2","Castlegar_SW1|2025-06-22"
"683","Castlegar_SW1","Castlegar","SW1","Anabat_Chorus","Anabat_Chorus",2025-06-22,"MYLU",4,"SM2","Castlegar_SW1|2025-06-22"
"684","Castlegar_SW1","Castlegar","SW1","Anabat_Chorus","Anabat_Chorus",2025-06-22,"MYSE",0,"SM2","Castlegar_SW1|2025-06-22"
"685","Castlegar_SW1","Castlegar","SW1","Anabat_Chorus","Anabat_Chorus",2025-06-22,"MYTH",0,"SM2","Castlegar_SW1|2025-06-22"
"686","Castlegar_SW1","Castlegar","SW1","Anabat_Chorus","Anabat_Chorus",2025-06-22,"MYVO",0,"SM2","Castlegar_SW1|2025-06-22"
"687","Castlegar_SW1","Castlegar","SW1","Anabat_Chorus","Anabat_Chorus",2025-06-22,"MYYU",0,"SM2","Castlegar_SW1|2025-06-22"
"688","Castlegar_SW1","Castlegar","SW1","Anabat_Chorus","Anabat_Chorus",2025-06-22,"PAHE",2,"SM2","Castlegar_SW1|2025-06-22"
"689","Castlegar_SW1","Castlegar","SW1","Anabat_Chorus","Anabat_Chorus",2025-06-23,"ANPA",0,"SM2","Castlegar_SW1|2025-06-23"
"690","Castlegar_SW1","Castlegar","SW1","Anabat_Chorus","Anabat_Chorus",2025-06-23,"COTO",0,"SM2","Castlegar_SW1|2025-06-23"
"691","Castlegar_SW1","Castlegar","SW1","Anabat_Chorus","Anabat_Chorus",2025-06-23,"EPFU",22,"SM2","Castlegar_SW1|2025-06-23"
"692","Castlegar_SW1","Castlegar","SW1","Anabat_Chorus","Anabat_Chorus",2025-06-23,"EUMA",0,"SM2","Castlegar_SW1|2025-06-23"
"693","Castlegar_SW1","Castlegar","SW1","Anabat_Chorus","Anabat_Chorus",2025-06-23,"LABO",0,"SM2","Castlegar_SW1|2025-06-23"
"694","Castlegar_SW1","Castlegar","SW1","Anabat_Chorus","Anabat_Chorus",2025-06-23,"LACI",2,"SM2","Castlegar_SW1|2025-06-23"
"695","Castlegar_SW1","Castlegar","SW1","Anabat_Chorus","Anabat_Chorus",2025-06-23,"LANO",30,"SM2","Castlegar_SW1|2025-06-23"
"696","Castlegar_SW1","Castlegar","SW1","Anabat_Chorus","Anabat_Chorus",2025-06-23,"MYCA",5,"SM2","Castlegar_SW1|2025-06-23"
"697","Castlegar_SW1","Castlegar","SW1","Anabat_Chorus","Anabat_Chorus",2025-06-23,"MYCI",0,"SM2","Castlegar_SW1|2025-06-23"
"698","Castlegar_SW1","Castlegar","SW1","Anabat_Chorus","Anabat_Chorus",2025-06-23,"MYEV",1,"SM2","Castlegar_SW1|2025-06-23"
"699","Castlegar_SW1","Castlegar","SW1","Anabat_Chorus","Anabat_Chorus",2025-06-23,"MYLU",11,"SM2","Castlegar_SW1|2025-06-23"
"700","Castlegar_SW1","Castlegar","SW1","Anabat_Chorus","Anabat_Chorus",2025-06-23,"MYSE",2,"SM2","Castlegar_SW1|2025-06-23"
"701","Castlegar_SW1","Castlegar","SW1","Anabat_Chorus","Anabat_Chorus",2025-06-23,"MYTH",0,"SM2","Castlegar_SW1|2025-06-23"
"702","Castlegar_SW1","Castlegar","SW1","Anabat_Chorus","Anabat_Chorus",2025-06-23,"MYVO",0,"SM2","Castlegar_SW1|2025-06-23"
"703","Castlegar_SW1","Castlegar","SW1","Anabat_Chorus","Anabat_Chorus",2025-06-23,"MYYU",0,"SM2","Castlegar_SW1|2025-06-23"
"704","Castlegar_SW1","Castlegar","SW1","Anabat_Chorus","Anabat_Chorus",2025-06-23,"PAHE",1,"SM2","Castlegar_SW1|2025-06-23"
"705","Castlegar_SW2","Castlegar","SW2","SM2","Other_FS",2025-06-16,"ANPA",0,"SM2","Castlegar_SW2|2025-06-16"
"706","Castlegar_SW2","Castlegar","SW2","SM2","Other_FS",2025-06-16,"COTO",0,"SM2","Castlegar_SW2|2025-06-16"
"707","Castlegar_SW2","Castlegar","SW2","SM2","Other_FS",2025-06-16,"EPFU",6,"SM2","Castlegar_SW2|2025-06-16"
"708","Castlegar_SW2","Castlegar","SW2","SM2","Other_FS",2025-06-16,"EUMA",0,"SM2","Castlegar_SW2|2025-06-16"
"709","Castlegar_SW2","Castlegar","SW2","SM2","Other_FS",2025-06-16,"LABO",2,"SM2","Castlegar_SW2|2025-06-16"
"710","Castlegar_SW2","Castlegar","SW2","SM2","Other_FS",2025-06-16,"LACI",2,"SM2","Castlegar_SW2|2025-06-16"
"711","Castlegar_SW2","Castlegar","SW2","SM2","Other_FS",2025-06-16,"LANO",12,"SM2","Castlegar_SW2|2025-06-16"
"712","Castlegar_SW2","Castlegar","SW2","SM2","Other_FS",2025-06-16,"MYCA",86,"SM2","Castlegar_SW2|2025-06-16"
"713","Castlegar_SW2","Castlegar","SW2","SM2","Other_FS",2025-06-16,"MYCI",1,"SM2","Castlegar_SW2|2025-06-16"
"714","Castlegar_SW2","Castlegar","SW2","SM2","Other_FS",2025-06-16,"MYEV",0,"SM2","Castlegar_SW2|2025-06-16"
"715","Castlegar_SW2","Castlegar","SW2","SM2","Other_FS",2025-06-16,"MYLU",54,"SM2","Castlegar_SW2|2025-06-16"
"716","Castlegar_SW2","Castlegar","SW2","SM2","Other_FS",2025-06-16,"MYSE",0,"SM2","Castlegar_SW2|2025-06-16"
"717","Castlegar_SW2","Castlegar","SW2","SM2","Other_FS",2025-06-16,"MYTH",0,"SM2","Castlegar_SW2|2025-06-16"
"718","Castlegar_SW2","Castlegar","SW2","SM2","Other_FS",2025-06-16,"MYVO",0,"SM2","Castlegar_SW2|2025-06-16"
"719","Castlegar_SW2","Castlegar","SW2","SM2","Other_FS",2025-06-16,"MYYU",28,"SM2","Castlegar_SW2|2025-06-16"
"720","Castlegar_SW2","Castlegar","SW2","SM2","Other_FS",2025-06-16,"PAHE",2,"SM2","Castlegar_SW2|2025-06-16"
"721","Castlegar_SW2","Castlegar","SW2","SM2","Other_FS",2025-06-17,"ANPA",0,"SM2","Castlegar_SW2|2025-06-17"
"722","Castlegar_SW2","Castlegar","SW2","SM2","Other_FS",2025-06-17,"COTO",0,"SM2","Castlegar_SW2|2025-06-17"
"723","Castlegar_SW2","Castlegar","SW2","SM2","Other_FS",2025-06-17,"EPFU",3,"SM2","Castlegar_SW2|2025-06-17"
"724","Castlegar_SW2","Castlegar","SW2","SM2","Other_FS",2025-06-17,"EUMA",0,"SM2","Castlegar_SW2|2025-06-17"
"725","Castlegar_SW2","Castlegar","SW2","SM2","Other_FS",2025-06-17,"LABO",0,"SM2","Castlegar_SW2|2025-06-17"
"726","Castlegar_SW2","Castlegar","SW2","SM2","Other_FS",2025-06-17,"LACI",13,"SM2","Castlegar_SW2|2025-06-17"
"727","Castlegar_SW2","Castlegar","SW2","SM2","Other_FS",2025-06-17,"LANO",22,"SM2","Castlegar_SW2|2025-06-17"
"728","Castlegar_SW2","Castlegar","SW2","SM2","Other_FS",2025-06-17,"MYCA",112,"SM2","Castlegar_SW2|2025-06-17"
"729","Castlegar_SW2","Castlegar","SW2","SM2","Other_FS",2025-06-17,"MYCI",0,"SM2","Castlegar_SW2|2025-06-17"
"730","Castlegar_SW2","Castlegar","SW2","SM2","Other_FS",2025-06-17,"MYEV",0,"SM2","Castlegar_SW2|2025-06-17"
"731","Castlegar_SW2","Castlegar","SW2","SM2","Other_FS",2025-06-17,"MYLU",63,"SM2","Castlegar_SW2|2025-06-17"
"732","Castlegar_SW2","Castlegar","SW2","SM2","Other_FS",2025-06-17,"MYSE",0,"SM2","Castlegar_SW2|2025-06-17"
"733","Castlegar_SW2","Castlegar","SW2","SM2","Other_FS",2025-06-17,"MYTH",0,"SM2","Castlegar_SW2|2025-06-17"
"734","Castlegar_SW2","Castlegar","SW2","SM2","Other_FS",2025-06-17,"MYVO",0,"SM2","Castlegar_SW2|2025-06-17"
"735","Castlegar_SW2","Castlegar","SW2","SM2","Other_FS",2025-06-17,"MYYU",60,"SM2","Castlegar_SW2|2025-06-17"
"736","Castlegar_SW2","Castlegar","SW2","SM2","Other_FS",2025-06-17,"PAHE",5,"SM2","Castlegar_SW2|2025-06-17"
"737","Castlegar_SW2","Castlegar","SW2","SM2","Other_FS",2025-06-18,"ANPA",1,"SM2","Castlegar_SW2|2025-06-18"
"738","Castlegar_SW2","Castlegar","SW2","SM2","Other_FS",2025-06-18,"COTO",0,"SM2","Castlegar_SW2|2025-06-18"
"739","Castlegar_SW2","Castlegar","SW2","SM2","Other_FS",2025-06-18,"EPFU",18,"SM2","Castlegar_SW2|2025-06-18"
"740","Castlegar_SW2","Castlegar","SW2","SM2","Other_FS",2025-06-18,"EUMA",0,"SM2","Castlegar_SW2|2025-06-18"
"741","Castlegar_SW2","Castlegar","SW2","SM2","Other_FS",2025-06-18,"LABO",0,"SM2","Castlegar_SW2|2025-06-18"
"742","Castlegar_SW2","Castlegar","SW2","SM2","Other_FS",2025-06-18,"LACI",18,"SM2","Castlegar_SW2|2025-06-18"
"743","Castlegar_SW2","Castlegar","SW2","SM2","Other_FS",2025-06-18,"LANO",96,"SM2","Castlegar_SW2|2025-06-18"
"744","Castlegar_SW2","Castlegar","SW2","SM2","Other_FS",2025-06-18,"MYCA",38,"SM2","Castlegar_SW2|2025-06-18"
"745","Castlegar_SW2","Castlegar","SW2","SM2","Other_FS",2025-06-18,"MYCI",1,"SM2","Castlegar_SW2|2025-06-18"
"746","Castlegar_SW2","Castlegar","SW2","SM2","Other_FS",2025-06-18,"MYEV",1,"SM2","Castlegar_SW2|2025-06-18"
"747","Castlegar_SW2","Castlegar","SW2","SM2","Other_FS",2025-06-18,"MYLU",134,"SM2","Castlegar_SW2|2025-06-18"
"748","Castlegar_SW2","Castlegar","SW2","SM2","Other_FS",2025-06-18,"MYSE",0,"SM2","Castlegar_SW2|2025-06-18"
"749","Castlegar_SW2","Castlegar","SW2","SM2","Other_FS",2025-06-18,"MYTH",0,"SM2","Castlegar_SW2|2025-06-18"
"750","Castlegar_SW2","Castlegar","SW2","SM2","Other_FS",2025-06-18,"MYVO",1,"SM2","Castlegar_SW2|2025-06-18"
"751","Castlegar_SW2","Castlegar","SW2","SM2","Other_FS",2025-06-18,"MYYU",12,"SM2","Castlegar_SW2|2025-06-18"
"752","Castlegar_SW2","Castlegar","SW2","SM2","Other_FS",2025-06-18,"PAHE",8,"SM2","Castlegar_SW2|2025-06-18"
"753","Castlegar_SW2","Castlegar","SW2","SM2","Other_FS",2025-06-19,"ANPA",1,"SM2","Castlegar_SW2|2025-06-19"
"754","Castlegar_SW2","Castlegar","SW2","SM2","Other_FS",2025-06-19,"COTO",0,"SM2","Castlegar_SW2|2025-06-19"
"755","Castlegar_SW2","Castlegar","SW2","SM2","Other_FS",2025-06-19,"EPFU",3,"SM2","Castlegar_SW2|2025-06-19"
"756","Castlegar_SW2","Castlegar","SW2","SM2","Other_FS",2025-06-19,"EUMA",0,"SM2","Castlegar_SW2|2025-06-19"
"757","Castlegar_SW2","Castlegar","SW2","SM2","Other_FS",2025-06-19,"LABO",3,"SM2","Castlegar_SW2|2025-06-19"
"758","Castlegar_SW2","Castlegar","SW2","SM2","Other_FS",2025-06-19,"LACI",4,"SM2","Castlegar_SW2|2025-06-19"
"759","Castlegar_SW2","Castlegar","SW2","SM2","Other_FS",2025-06-19,"LANO",17,"SM2","Castlegar_SW2|2025-06-19"
"760","Castlegar_SW2","Castlegar","SW2","SM2","Other_FS",2025-06-19,"MYCA",92,"SM2","Castlegar_SW2|2025-06-19"
"761","Castlegar_SW2","Castlegar","SW2","SM2","Other_FS",2025-06-19,"MYCI",7,"SM2","Castlegar_SW2|2025-06-19"
"762","Castlegar_SW2","Castlegar","SW2","SM2","Other_FS",2025-06-19,"MYEV",0,"SM2","Castlegar_SW2|2025-06-19"
"763","Castlegar_SW2","Castlegar","SW2","SM2","Other_FS",2025-06-19,"MYLU",138,"SM2","Castlegar_SW2|2025-06-19"
"764","Castlegar_SW2","Castlegar","SW2","SM2","Other_FS",2025-06-19,"MYSE",0,"SM2","Castlegar_SW2|2025-06-19"
"765","Castlegar_SW2","Castlegar","SW2","SM2","Other_FS",2025-06-19,"MYTH",0,"SM2","Castlegar_SW2|2025-06-19"
"766","Castlegar_SW2","Castlegar","SW2","SM2","Other_FS",2025-06-19,"MYVO",1,"SM2","Castlegar_SW2|2025-06-19"
"767","Castlegar_SW2","Castlegar","SW2","SM2","Other_FS",2025-06-19,"MYYU",16,"SM2","Castlegar_SW2|2025-06-19"
"768","Castlegar_SW2","Castlegar","SW2","SM2","Other_FS",2025-06-19,"PAHE",4,"SM2","Castlegar_SW2|2025-06-19"
"769","Castlegar_SW2","Castlegar","SW2","SM2","Other_FS",2025-06-20,"ANPA",0,"SM2","Castlegar_SW2|2025-06-20"
"770","Castlegar_SW2","Castlegar","SW2","SM2","Other_FS",2025-06-20,"COTO",0,"SM2","Castlegar_SW2|2025-06-20"
"771","Castlegar_SW2","Castlegar","SW2","SM2","Other_FS",2025-06-20,"EPFU",1,"SM2","Castlegar_SW2|2025-06-20"
"772","Castlegar_SW2","Castlegar","SW2","SM2","Other_FS",2025-06-20,"EUMA",0,"SM2","Castlegar_SW2|2025-06-20"
"773","Castlegar_SW2","Castlegar","SW2","SM2","Other_FS",2025-06-20,"LABO",0,"SM2","Castlegar_SW2|2025-06-20"
"774","Castlegar_SW2","Castlegar","SW2","SM2","Other_FS",2025-06-20,"LACI",1,"SM2","Castlegar_SW2|2025-06-20"
"775","Castlegar_SW2","Castlegar","SW2","SM2","Other_FS",2025-06-20,"LANO",3,"SM2","Castlegar_SW2|2025-06-20"
"776","Castlegar_SW2","Castlegar","SW2","SM2","Other_FS",2025-06-20,"MYCA",2,"SM2","Castlegar_SW2|2025-06-20"
"777","Castlegar_SW2","Castlegar","SW2","SM2","Other_FS",2025-06-20,"MYCI",2,"SM2","Castlegar_SW2|2025-06-20"
"778","Castlegar_SW2","Castlegar","SW2","SM2","Other_FS",2025-06-20,"MYEV",0,"SM2","Castlegar_SW2|2025-06-20"
"779","Castlegar_SW2","Castlegar","SW2","SM2","Other_FS",2025-06-20,"MYLU",39,"SM2","Castlegar_SW2|2025-06-20"
"780","Castlegar_SW2","Castlegar","SW2","SM2","Other_FS",2025-06-20,"MYSE",0,"SM2","Castlegar_SW2|2025-06-20"
"781","Castlegar_SW2","Castlegar","SW2","SM2","Other_FS",2025-06-20,"MYTH",0,"SM2","Castlegar_SW2|2025-06-20"
"782","Castlegar_SW2","Castlegar","SW2","SM2","Other_FS",2025-06-20,"MYVO",0,"SM2","Castlegar_SW2|2025-06-20"
"783","Castlegar_SW2","Castlegar","SW2","SM2","Other_FS",2025-06-20,"MYYU",5,"SM2","Castlegar_SW2|2025-06-20"
"784","Castlegar_SW2","Castlegar","SW2","SM2","Other_FS",2025-06-20,"PAHE",1,"SM2","Castlegar_SW2|2025-06-20"
"785","Castlegar_SW2","Castlegar","SW2","SM2","Other_FS",2025-06-21,"ANPA",0,"SM2","Castlegar_SW2|2025-06-21"
"786","Castlegar_SW2","Castlegar","SW2","SM2","Other_FS",2025-06-21,"COTO",0,"SM2","Castlegar_SW2|2025-06-21"
"787","Castlegar_SW2","Castlegar","SW2","SM2","Other_FS",2025-06-21,"EPFU",0,"SM2","Castlegar_SW2|2025-06-21"
"788","Castlegar_SW2","Castlegar","SW2","SM2","Other_FS",2025-06-21,"EUMA",0,"SM2","Castlegar_SW2|2025-06-21"
"789","Castlegar_SW2","Castlegar","SW2","SM2","Other_FS",2025-06-21,"LABO",3,"SM2","Castlegar_SW2|2025-06-21"
"790","Castlegar_SW2","Castlegar","SW2","SM2","Other_FS",2025-06-21,"LACI",3,"SM2","Castlegar_SW2|2025-06-21"
"791","Castlegar_SW2","Castlegar","SW2","SM2","Other_FS",2025-06-21,"LANO",7,"SM2","Castlegar_SW2|2025-06-21"
"792","Castlegar_SW2","Castlegar","SW2","SM2","Other_FS",2025-06-21,"MYCA",3,"SM2","Castlegar_SW2|2025-06-21"
"793","Castlegar_SW2","Castlegar","SW2","SM2","Other_FS",2025-06-21,"MYCI",2,"SM2","Castlegar_SW2|2025-06-21"
"794","Castlegar_SW2","Castlegar","SW2","SM2","Other_FS",2025-06-21,"MYEV",0,"SM2","Castlegar_SW2|2025-06-21"
"795","Castlegar_SW2","Castlegar","SW2","SM2","Other_FS",2025-06-21,"MYLU",74,"SM2","Castlegar_SW2|2025-06-21"
"796","Castlegar_SW2","Castlegar","SW2","SM2","Other_FS",2025-06-21,"MYSE",0,"SM2","Castlegar_SW2|2025-06-21"
"797","Castlegar_SW2","Castlegar","SW2","SM2","Other_FS",2025-06-21,"MYTH",0,"SM2","Castlegar_SW2|2025-06-21"
"798","Castlegar_SW2","Castlegar","SW2","SM2","Other_FS",2025-06-21,"MYVO",1,"SM2","Castlegar_SW2|2025-06-21"
"799","Castlegar_SW2","Castlegar","SW2","SM2","Other_FS",2025-06-21,"MYYU",5,"SM2","Castlegar_SW2|2025-06-21"
"800","Castlegar_SW2","Castlegar","SW2","SM2","Other_FS",2025-06-21,"PAHE",5,"SM2","Castlegar_SW2|2025-06-21"
"801","Castlegar_SW2","Castlegar","SW2","SM2","Other_FS",2025-06-22,"ANPA",0,"SM2","Castlegar_SW2|2025-06-22"
"802","Castlegar_SW2","Castlegar","SW2","SM2","Other_FS",2025-06-22,"COTO",0,"SM2","Castlegar_SW2|2025-06-22"
"803","Castlegar_SW2","Castlegar","SW2","SM2","Other_FS",2025-06-22,"EPFU",0,"SM2","Castlegar_SW2|2025-06-22"
"804","Castlegar_SW2","Castlegar","SW2","SM2","Other_FS",2025-06-22,"EUMA",0,"SM2","Castlegar_SW2|2025-06-22"
"805","Castlegar_SW2","Castlegar","SW2","SM2","Other_FS",2025-06-22,"LABO",2,"SM2","Castlegar_SW2|2025-06-22"
"806","Castlegar_SW2","Castlegar","SW2","SM2","Other_FS",2025-06-22,"LACI",3,"SM2","Castlegar_SW2|2025-06-22"
"807","Castlegar_SW2","Castlegar","SW2","SM2","Other_FS",2025-06-22,"LANO",17,"SM2","Castlegar_SW2|2025-06-22"
"808","Castlegar_SW2","Castlegar","SW2","SM2","Other_FS",2025-06-22,"MYCA",4,"SM2","Castlegar_SW2|2025-06-22"
"809","Castlegar_SW2","Castlegar","SW2","SM2","Other_FS",2025-06-22,"MYCI",1,"SM2","Castlegar_SW2|2025-06-22"
"810","Castlegar_SW2","Castlegar","SW2","SM2","Other_FS",2025-06-22,"MYEV",0,"SM2","Castlegar_SW2|2025-06-22"
"811","Castlegar_SW2","Castlegar","SW2","SM2","Other_FS",2025-06-22,"MYLU",51,"SM2","Castlegar_SW2|2025-06-22"
"812","Castlegar_SW2","Castlegar","SW2","SM2","Other_FS",2025-06-22,"MYSE",0,"SM2","Castlegar_SW2|2025-06-22"
"813","Castlegar_SW2","Castlegar","SW2","SM2","Other_FS",2025-06-22,"MYTH",0,"SM2","Castlegar_SW2|2025-06-22"
"814","Castlegar_SW2","Castlegar","SW2","SM2","Other_FS",2025-06-22,"MYVO",0,"SM2","Castlegar_SW2|2025-06-22"
"815","Castlegar_SW2","Castlegar","SW2","SM2","Other_FS",2025-06-22,"MYYU",2,"SM2","Castlegar_SW2|2025-06-22"
"816","Castlegar_SW2","Castlegar","SW2","SM2","Other_FS",2025-06-22,"PAHE",5,"SM2","Castlegar_SW2|2025-06-22"
"817","Castlegar_SW2","Castlegar","SW2","Anabat_Chorus","Anabat_Chorus",2025-06-16,"ANPA",0,"SM2","Castlegar_SW2|2025-06-16"
"818","Castlegar_SW2","Castlegar","SW2","Anabat_Chorus","Anabat_Chorus",2025-06-16,"COTO",0,"SM2","Castlegar_SW2|2025-06-16"
"819","Castlegar_SW2","Castlegar","SW2","Anabat_Chorus","Anabat_Chorus",2025-06-16,"EPFU",5,"SM2","Castlegar_SW2|2025-06-16"
"820","Castlegar_SW2","Castlegar","SW2","Anabat_Chorus","Anabat_Chorus",2025-06-16,"EUMA",0,"SM2","Castlegar_SW2|2025-06-16"
"821","Castlegar_SW2","Castlegar","SW2","Anabat_Chorus","Anabat_Chorus",2025-06-16,"LABO",0,"SM2","Castlegar_SW2|2025-06-16"
"822","Castlegar_SW2","Castlegar","SW2","Anabat_Chorus","Anabat_Chorus",2025-06-16,"LACI",1,"SM2","Castlegar_SW2|2025-06-16"
"823","Castlegar_SW2","Castlegar","SW2","Anabat_Chorus","Anabat_Chorus",2025-06-16,"LANO",7,"SM2","Castlegar_SW2|2025-06-16"
"824","Castlegar_SW2","Castlegar","SW2","Anabat_Chorus","Anabat_Chorus",2025-06-16,"MYCA",123,"SM2","Castlegar_SW2|2025-06-16"
"825","Castlegar_SW2","Castlegar","SW2","Anabat_Chorus","Anabat_Chorus",2025-06-16,"MYCI",0,"SM2","Castlegar_SW2|2025-06-16"
"826","Castlegar_SW2","Castlegar","SW2","Anabat_Chorus","Anabat_Chorus",2025-06-16,"MYEV",0,"SM2","Castlegar_SW2|2025-06-16"
"827","Castlegar_SW2","Castlegar","SW2","Anabat_Chorus","Anabat_Chorus",2025-06-16,"MYLU",30,"SM2","Castlegar_SW2|2025-06-16"
"828","Castlegar_SW2","Castlegar","SW2","Anabat_Chorus","Anabat_Chorus",2025-06-16,"MYSE",0,"SM2","Castlegar_SW2|2025-06-16"
"829","Castlegar_SW2","Castlegar","SW2","Anabat_Chorus","Anabat_Chorus",2025-06-16,"MYTH",0,"SM2","Castlegar_SW2|2025-06-16"
"830","Castlegar_SW2","Castlegar","SW2","Anabat_Chorus","Anabat_Chorus",2025-06-16,"MYVO",1,"SM2","Castlegar_SW2|2025-06-16"
"831","Castlegar_SW2","Castlegar","SW2","Anabat_Chorus","Anabat_Chorus",2025-06-16,"MYYU",26,"SM2","Castlegar_SW2|2025-06-16"
"832","Castlegar_SW2","Castlegar","SW2","Anabat_Chorus","Anabat_Chorus",2025-06-16,"PAHE",0,"SM2","Castlegar_SW2|2025-06-16"
"833","Castlegar_SW2","Castlegar","SW2","Anabat_Chorus","Anabat_Chorus",2025-06-17,"ANPA",0,"SM2","Castlegar_SW2|2025-06-17"
"834","Castlegar_SW2","Castlegar","SW2","Anabat_Chorus","Anabat_Chorus",2025-06-17,"COTO",0,"SM2","Castlegar_SW2|2025-06-17"
"835","Castlegar_SW2","Castlegar","SW2","Anabat_Chorus","Anabat_Chorus",2025-06-17,"EPFU",1,"SM2","Castlegar_SW2|2025-06-17"
"836","Castlegar_SW2","Castlegar","SW2","Anabat_Chorus","Anabat_Chorus",2025-06-17,"EUMA",0,"SM2","Castlegar_SW2|2025-06-17"
"837","Castlegar_SW2","Castlegar","SW2","Anabat_Chorus","Anabat_Chorus",2025-06-17,"LABO",0,"SM2","Castlegar_SW2|2025-06-17"
"838","Castlegar_SW2","Castlegar","SW2","Anabat_Chorus","Anabat_Chorus",2025-06-17,"LACI",4,"SM2","Castlegar_SW2|2025-06-17"
"839","Castlegar_SW2","Castlegar","SW2","Anabat_Chorus","Anabat_Chorus",2025-06-17,"LANO",6,"SM2","Castlegar_SW2|2025-06-17"
"840","Castlegar_SW2","Castlegar","SW2","Anabat_Chorus","Anabat_Chorus",2025-06-17,"MYCA",166,"SM2","Castlegar_SW2|2025-06-17"
"841","Castlegar_SW2","Castlegar","SW2","Anabat_Chorus","Anabat_Chorus",2025-06-17,"MYCI",1,"SM2","Castlegar_SW2|2025-06-17"
"842","Castlegar_SW2","Castlegar","SW2","Anabat_Chorus","Anabat_Chorus",2025-06-17,"MYEV",0,"SM2","Castlegar_SW2|2025-06-17"
"843","Castlegar_SW2","Castlegar","SW2","Anabat_Chorus","Anabat_Chorus",2025-06-17,"MYLU",37,"SM2","Castlegar_SW2|2025-06-17"
"844","Castlegar_SW2","Castlegar","SW2","Anabat_Chorus","Anabat_Chorus",2025-06-17,"MYSE",0,"SM2","Castlegar_SW2|2025-06-17"
"845","Castlegar_SW2","Castlegar","SW2","Anabat_Chorus","Anabat_Chorus",2025-06-17,"MYTH",0,"SM2","Castlegar_SW2|2025-06-17"
"846","Castlegar_SW2","Castlegar","SW2","Anabat_Chorus","Anabat_Chorus",2025-06-17,"MYVO",5,"SM2","Castlegar_SW2|2025-06-17"
"847","Castlegar_SW2","Castlegar","SW2","Anabat_Chorus","Anabat_Chorus",2025-06-17,"MYYU",51,"SM2","Castlegar_SW2|2025-06-17"
"848","Castlegar_SW2","Castlegar","SW2","Anabat_Chorus","Anabat_Chorus",2025-06-17,"PAHE",0,"SM2","Castlegar_SW2|2025-06-17"
"849","Castlegar_SW2","Castlegar","SW2","Anabat_Chorus","Anabat_Chorus",2025-06-18,"ANPA",1,"SM2","Castlegar_SW2|2025-06-18"
"850","Castlegar_SW2","Castlegar","SW2","Anabat_Chorus","Anabat_Chorus",2025-06-18,"COTO",0,"SM2","Castlegar_SW2|2025-06-18"
"851","Castlegar_SW2","Castlegar","SW2","Anabat_Chorus","Anabat_Chorus",2025-06-18,"EPFU",16,"SM2","Castlegar_SW2|2025-06-18"
"852","Castlegar_SW2","Castlegar","SW2","Anabat_Chorus","Anabat_Chorus",2025-06-18,"EUMA",0,"SM2","Castlegar_SW2|2025-06-18"
"853","Castlegar_SW2","Castlegar","SW2","Anabat_Chorus","Anabat_Chorus",2025-06-18,"LABO",2,"SM2","Castlegar_SW2|2025-06-18"
"854","Castlegar_SW2","Castlegar","SW2","Anabat_Chorus","Anabat_Chorus",2025-06-18,"LACI",6,"SM2","Castlegar_SW2|2025-06-18"
"855","Castlegar_SW2","Castlegar","SW2","Anabat_Chorus","Anabat_Chorus",2025-06-18,"LANO",63,"SM2","Castlegar_SW2|2025-06-18"
"856","Castlegar_SW2","Castlegar","SW2","Anabat_Chorus","Anabat_Chorus",2025-06-18,"MYCA",51,"SM2","Castlegar_SW2|2025-06-18"
"857","Castlegar_SW2","Castlegar","SW2","Anabat_Chorus","Anabat_Chorus",2025-06-18,"MYCI",2,"SM2","Castlegar_SW2|2025-06-18"
"858","Castlegar_SW2","Castlegar","SW2","Anabat_Chorus","Anabat_Chorus",2025-06-18,"MYEV",0,"SM2","Castlegar_SW2|2025-06-18"
"859","Castlegar_SW2","Castlegar","SW2","Anabat_Chorus","Anabat_Chorus",2025-06-18,"MYLU",110,"SM2","Castlegar_SW2|2025-06-18"
"860","Castlegar_SW2","Castlegar","SW2","Anabat_Chorus","Anabat_Chorus",2025-06-18,"MYSE",2,"SM2","Castlegar_SW2|2025-06-18"
"861","Castlegar_SW2","Castlegar","SW2","Anabat_Chorus","Anabat_Chorus",2025-06-18,"MYTH",0,"SM2","Castlegar_SW2|2025-06-18"
"862","Castlegar_SW2","Castlegar","SW2","Anabat_Chorus","Anabat_Chorus",2025-06-18,"MYVO",2,"SM2","Castlegar_SW2|2025-06-18"
"863","Castlegar_SW2","Castlegar","SW2","Anabat_Chorus","Anabat_Chorus",2025-06-18,"MYYU",11,"SM2","Castlegar_SW2|2025-06-18"
"864","Castlegar_SW2","Castlegar","SW2","Anabat_Chorus","Anabat_Chorus",2025-06-18,"PAHE",5,"SM2","Castlegar_SW2|2025-06-18"
"865","Castlegar_SW2","Castlegar","SW2","Anabat_Chorus","Anabat_Chorus",2025-06-19,"ANPA",0,"SM2","Castlegar_SW2|2025-06-19"
"866","Castlegar_SW2","Castlegar","SW2","Anabat_Chorus","Anabat_Chorus",2025-06-19,"COTO",0,"SM2","Castlegar_SW2|2025-06-19"
"867","Castlegar_SW2","Castlegar","SW2","Anabat_Chorus","Anabat_Chorus",2025-06-19,"EPFU",1,"SM2","Castlegar_SW2|2025-06-19"
"868","Castlegar_SW2","Castlegar","SW2","Anabat_Chorus","Anabat_Chorus",2025-06-19,"EUMA",0,"SM2","Castlegar_SW2|2025-06-19"
"869","Castlegar_SW2","Castlegar","SW2","Anabat_Chorus","Anabat_Chorus",2025-06-19,"LABO",3,"SM2","Castlegar_SW2|2025-06-19"
"870","Castlegar_SW2","Castlegar","SW2","Anabat_Chorus","Anabat_Chorus",2025-06-19,"LACI",0,"SM2","Castlegar_SW2|2025-06-19"
"871","Castlegar_SW2","Castlegar","SW2","Anabat_Chorus","Anabat_Chorus",2025-06-19,"LANO",6,"SM2","Castlegar_SW2|2025-06-19"
"872","Castlegar_SW2","Castlegar","SW2","Anabat_Chorus","Anabat_Chorus",2025-06-19,"MYCA",156,"SM2","Castlegar_SW2|2025-06-19"
"873","Castlegar_SW2","Castlegar","SW2","Anabat_Chorus","Anabat_Chorus",2025-06-19,"MYCI",5,"SM2","Castlegar_SW2|2025-06-19"
"874","Castlegar_SW2","Castlegar","SW2","Anabat_Chorus","Anabat_Chorus",2025-06-19,"MYEV",0,"SM2","Castlegar_SW2|2025-06-19"
"875","Castlegar_SW2","Castlegar","SW2","Anabat_Chorus","Anabat_Chorus",2025-06-19,"MYLU",94,"SM2","Castlegar_SW2|2025-06-19"
"876","Castlegar_SW2","Castlegar","SW2","Anabat_Chorus","Anabat_Chorus",2025-06-19,"MYSE",0,"SM2","Castlegar_SW2|2025-06-19"
"877","Castlegar_SW2","Castlegar","SW2","Anabat_Chorus","Anabat_Chorus",2025-06-19,"MYTH",0,"SM2","Castlegar_SW2|2025-06-19"
"878","Castlegar_SW2","Castlegar","SW2","Anabat_Chorus","Anabat_Chorus",2025-06-19,"MYVO",2,"SM2","Castlegar_SW2|2025-06-19"
"879","Castlegar_SW2","Castlegar","SW2","Anabat_Chorus","Anabat_Chorus",2025-06-19,"MYYU",11,"SM2","Castlegar_SW2|2025-06-19"
"880","Castlegar_SW2","Castlegar","SW2","Anabat_Chorus","Anabat_Chorus",2025-06-19,"PAHE",2,"SM2","Castlegar_SW2|2025-06-19"
"881","Castlegar_SW2","Castlegar","SW2","Anabat_Chorus","Anabat_Chorus",2025-06-20,"ANPA",0,"SM2","Castlegar_SW2|2025-06-20"
"882","Castlegar_SW2","Castlegar","SW2","Anabat_Chorus","Anabat_Chorus",2025-06-20,"COTO",0,"SM2","Castlegar_SW2|2025-06-20"
"883","Castlegar_SW2","Castlegar","SW2","Anabat_Chorus","Anabat_Chorus",2025-06-20,"EPFU",0,"SM2","Castlegar_SW2|2025-06-20"
"884","Castlegar_SW2","Castlegar","SW2","Anabat_Chorus","Anabat_Chorus",2025-06-20,"EUMA",0,"SM2","Castlegar_SW2|2025-06-20"
"885","Castlegar_SW2","Castlegar","SW2","Anabat_Chorus","Anabat_Chorus",2025-06-20,"LABO",0,"SM2","Castlegar_SW2|2025-06-20"
"886","Castlegar_SW2","Castlegar","SW2","Anabat_Chorus","Anabat_Chorus",2025-06-20,"LACI",0,"SM2","Castlegar_SW2|2025-06-20"
"887","Castlegar_SW2","Castlegar","SW2","Anabat_Chorus","Anabat_Chorus",2025-06-20,"LANO",0,"SM2","Castlegar_SW2|2025-06-20"
"888","Castlegar_SW2","Castlegar","SW2","Anabat_Chorus","Anabat_Chorus",2025-06-20,"MYCA",0,"SM2","Castlegar_SW2|2025-06-20"
"889","Castlegar_SW2","Castlegar","SW2","Anabat_Chorus","Anabat_Chorus",2025-06-20,"MYCI",0,"SM2","Castlegar_SW2|2025-06-20"
"890","Castlegar_SW2","Castlegar","SW2","Anabat_Chorus","Anabat_Chorus",2025-06-20,"MYEV",0,"SM2","Castlegar_SW2|2025-06-20"
"891","Castlegar_SW2","Castlegar","SW2","Anabat_Chorus","Anabat_Chorus",2025-06-20,"MYLU",11,"SM2","Castlegar_SW2|2025-06-20"
"892","Castlegar_SW2","Castlegar","SW2","Anabat_Chorus","Anabat_Chorus",2025-06-20,"MYSE",0,"SM2","Castlegar_SW2|2025-06-20"
"893","Castlegar_SW2","Castlegar","SW2","Anabat_Chorus","Anabat_Chorus",2025-06-20,"MYTH",0,"SM2","Castlegar_SW2|2025-06-20"
"894","Castlegar_SW2","Castlegar","SW2","Anabat_Chorus","Anabat_Chorus",2025-06-20,"MYVO",0,"SM2","Castlegar_SW2|2025-06-20"
"895","Castlegar_SW2","Castlegar","SW2","Anabat_Chorus","Anabat_Chorus",2025-06-20,"MYYU",1,"SM2","Castlegar_SW2|2025-06-20"
"896","Castlegar_SW2","Castlegar","SW2","Anabat_Chorus","Anabat_Chorus",2025-06-20,"PAHE",0,"SM2","Castlegar_SW2|2025-06-20"
"897","Castlegar_SW2","Castlegar","SW2","Anabat_Chorus","Anabat_Chorus",2025-06-21,"ANPA",0,"SM2","Castlegar_SW2|2025-06-21"
"898","Castlegar_SW2","Castlegar","SW2","Anabat_Chorus","Anabat_Chorus",2025-06-21,"COTO",0,"SM2","Castlegar_SW2|2025-06-21"
"899","Castlegar_SW2","Castlegar","SW2","Anabat_Chorus","Anabat_Chorus",2025-06-21,"EPFU",1,"SM2","Castlegar_SW2|2025-06-21"
"900","Castlegar_SW2","Castlegar","SW2","Anabat_Chorus","Anabat_Chorus",2025-06-21,"EUMA",0,"SM2","Castlegar_SW2|2025-06-21"
"901","Castlegar_SW2","Castlegar","SW2","Anabat_Chorus","Anabat_Chorus",2025-06-21,"LABO",2,"SM2","Castlegar_SW2|2025-06-21"
"902","Castlegar_SW2","Castlegar","SW2","Anabat_Chorus","Anabat_Chorus",2025-06-21,"LACI",2,"SM2","Castlegar_SW2|2025-06-21"
"903","Castlegar_SW2","Castlegar","SW2","Anabat_Chorus","Anabat_Chorus",2025-06-21,"LANO",8,"SM2","Castlegar_SW2|2025-06-21"
"904","Castlegar_SW2","Castlegar","SW2","Anabat_Chorus","Anabat_Chorus",2025-06-21,"MYCA",13,"SM2","Castlegar_SW2|2025-06-21"
"905","Castlegar_SW2","Castlegar","SW2","Anabat_Chorus","Anabat_Chorus",2025-06-21,"MYCI",1,"SM2","Castlegar_SW2|2025-06-21"
"906","Castlegar_SW2","Castlegar","SW2","Anabat_Chorus","Anabat_Chorus",2025-06-21,"MYEV",0,"SM2","Castlegar_SW2|2025-06-21"
"907","Castlegar_SW2","Castlegar","SW2","Anabat_Chorus","Anabat_Chorus",2025-06-21,"MYLU",120,"SM2","Castlegar_SW2|2025-06-21"
"908","Castlegar_SW2","Castlegar","SW2","Anabat_Chorus","Anabat_Chorus",2025-06-21,"MYSE",2,"SM2","Castlegar_SW2|2025-06-21"
"909","Castlegar_SW2","Castlegar","SW2","Anabat_Chorus","Anabat_Chorus",2025-06-21,"MYTH",0,"SM2","Castlegar_SW2|2025-06-21"
"910","Castlegar_SW2","Castlegar","SW2","Anabat_Chorus","Anabat_Chorus",2025-06-21,"MYVO",5,"SM2","Castlegar_SW2|2025-06-21"
"911","Castlegar_SW2","Castlegar","SW2","Anabat_Chorus","Anabat_Chorus",2025-06-21,"MYYU",8,"SM2","Castlegar_SW2|2025-06-21"
"912","Castlegar_SW2","Castlegar","SW2","Anabat_Chorus","Anabat_Chorus",2025-06-21,"PAHE",0,"SM2","Castlegar_SW2|2025-06-21"
"913","Castlegar_SW2","Castlegar","SW2","Anabat_Chorus","Anabat_Chorus",2025-06-22,"ANPA",0,"SM2","Castlegar_SW2|2025-06-22"
"914","Castlegar_SW2","Castlegar","SW2","Anabat_Chorus","Anabat_Chorus",2025-06-22,"COTO",0,"SM2","Castlegar_SW2|2025-06-22"
"915","Castlegar_SW2","Castlegar","SW2","Anabat_Chorus","Anabat_Chorus",2025-06-22,"EPFU",4,"SM2","Castlegar_SW2|2025-06-22"
"916","Castlegar_SW2","Castlegar","SW2","Anabat_Chorus","Anabat_Chorus",2025-06-22,"EUMA",0,"SM2","Castlegar_SW2|2025-06-22"
"917","Castlegar_SW2","Castlegar","SW2","Anabat_Chorus","Anabat_Chorus",2025-06-22,"LABO",0,"SM2","Castlegar_SW2|2025-06-22"
"918","Castlegar_SW2","Castlegar","SW2","Anabat_Chorus","Anabat_Chorus",2025-06-22,"LACI",2,"SM2","Castlegar_SW2|2025-06-22"
"919","Castlegar_SW2","Castlegar","SW2","Anabat_Chorus","Anabat_Chorus",2025-06-22,"LANO",10,"SM2","Castlegar_SW2|2025-06-22"
"920","Castlegar_SW2","Castlegar","SW2","Anabat_Chorus","Anabat_Chorus",2025-06-22,"MYCA",18,"SM2","Castlegar_SW2|2025-06-22"
"921","Castlegar_SW2","Castlegar","SW2","Anabat_Chorus","Anabat_Chorus",2025-06-22,"MYCI",0,"SM2","Castlegar_SW2|2025-06-22"
"922","Castlegar_SW2","Castlegar","SW2","Anabat_Chorus","Anabat_Chorus",2025-06-22,"MYEV",0,"SM2","Castlegar_SW2|2025-06-22"
"923","Castlegar_SW2","Castlegar","SW2","Anabat_Chorus","Anabat_Chorus",2025-06-22,"MYLU",67,"SM2","Castlegar_SW2|2025-06-22"
"924","Castlegar_SW2","Castlegar","SW2","Anabat_Chorus","Anabat_Chorus",2025-06-22,"MYSE",0,"SM2","Castlegar_SW2|2025-06-22"
"925","Castlegar_SW2","Castlegar","SW2","Anabat_Chorus","Anabat_Chorus",2025-06-22,"MYTH",0,"SM2","Castlegar_SW2|2025-06-22"
"926","Castlegar_SW2","Castlegar","SW2","Anabat_Chorus","Anabat_Chorus",2025-06-22,"MYVO",3,"SM2","Castlegar_SW2|2025-06-22"
"927","Castlegar_SW2","Castlegar","SW2","Anabat_Chorus","Anabat_Chorus",2025-06-22,"MYYU",1,"SM2","Castlegar_SW2|2025-06-22"
"928","Castlegar_SW2","Castlegar","SW2","Anabat_Chorus","Anabat_Chorus",2025-06-22,"PAHE",0,"SM2","Castlegar_SW2|2025-06-22"
"929","Creston_NE1","Creston","NE1","SM2","Other_FS",2025-06-09,"ANPA",0,"SM2","Creston_NE1|2025-06-09"
"930","Creston_NE1","Creston","NE1","SM2","Other_FS",2025-06-09,"COTO",0,"SM2","Creston_NE1|2025-06-09"
"931","Creston_NE1","Creston","NE1","SM2","Other_FS",2025-06-09,"EPFU",17,"SM2","Creston_NE1|2025-06-09"
"932","Creston_NE1","Creston","NE1","SM2","Other_FS",2025-06-09,"EUMA",0,"SM2","Creston_NE1|2025-06-09"
"933","Creston_NE1","Creston","NE1","SM2","Other_FS",2025-06-09,"LABO",0,"SM2","Creston_NE1|2025-06-09"
"934","Creston_NE1","Creston","NE1","SM2","Other_FS",2025-06-09,"LACI",3,"SM2","Creston_NE1|2025-06-09"
"935","Creston_NE1","Creston","NE1","SM2","Other_FS",2025-06-09,"LANO",16,"SM2","Creston_NE1|2025-06-09"
"936","Creston_NE1","Creston","NE1","SM2","Other_FS",2025-06-09,"MYCA",12,"SM2","Creston_NE1|2025-06-09"
"937","Creston_NE1","Creston","NE1","SM2","Other_FS",2025-06-09,"MYCI",0,"SM2","Creston_NE1|2025-06-09"
"938","Creston_NE1","Creston","NE1","SM2","Other_FS",2025-06-09,"MYEV",1,"SM2","Creston_NE1|2025-06-09"
"939","Creston_NE1","Creston","NE1","SM2","Other_FS",2025-06-09,"MYLU",92,"SM2","Creston_NE1|2025-06-09"
"940","Creston_NE1","Creston","NE1","SM2","Other_FS",2025-06-09,"MYSE",0,"SM2","Creston_NE1|2025-06-09"
"941","Creston_NE1","Creston","NE1","SM2","Other_FS",2025-06-09,"MYTH",7,"SM2","Creston_NE1|2025-06-09"
"942","Creston_NE1","Creston","NE1","SM2","Other_FS",2025-06-09,"MYVO",0,"SM2","Creston_NE1|2025-06-09"
"943","Creston_NE1","Creston","NE1","SM2","Other_FS",2025-06-09,"MYYU",28,"SM2","Creston_NE1|2025-06-09"
"944","Creston_NE1","Creston","NE1","SM2","Other_FS",2025-06-09,"PAHE",0,"SM2","Creston_NE1|2025-06-09"
"945","Creston_NE1","Creston","NE1","SM2","Other_FS",2025-06-10,"ANPA",0,"SM2","Creston_NE1|2025-06-10"
"946","Creston_NE1","Creston","NE1","SM2","Other_FS",2025-06-10,"COTO",0,"SM2","Creston_NE1|2025-06-10"
"947","Creston_NE1","Creston","NE1","SM2","Other_FS",2025-06-10,"EPFU",25,"SM2","Creston_NE1|2025-06-10"
"948","Creston_NE1","Creston","NE1","SM2","Other_FS",2025-06-10,"EUMA",0,"SM2","Creston_NE1|2025-06-10"
"949","Creston_NE1","Creston","NE1","SM2","Other_FS",2025-06-10,"LABO",1,"SM2","Creston_NE1|2025-06-10"
"950","Creston_NE1","Creston","NE1","SM2","Other_FS",2025-06-10,"LACI",1,"SM2","Creston_NE1|2025-06-10"
"951","Creston_NE1","Creston","NE1","SM2","Other_FS",2025-06-10,"LANO",5,"SM2","Creston_NE1|2025-06-10"
"952","Creston_NE1","Creston","NE1","SM2","Other_FS",2025-06-10,"MYCA",14,"SM2","Creston_NE1|2025-06-10"
"953","Creston_NE1","Creston","NE1","SM2","Other_FS",2025-06-10,"MYCI",0,"SM2","Creston_NE1|2025-06-10"
"954","Creston_NE1","Creston","NE1","SM2","Other_FS",2025-06-10,"MYEV",2,"SM2","Creston_NE1|2025-06-10"
"955","Creston_NE1","Creston","NE1","SM2","Other_FS",2025-06-10,"MYLU",128,"SM2","Creston_NE1|2025-06-10"
"956","Creston_NE1","Creston","NE1","SM2","Other_FS",2025-06-10,"MYSE",0,"SM2","Creston_NE1|2025-06-10"
"957","Creston_NE1","Creston","NE1","SM2","Other_FS",2025-06-10,"MYTH",5,"SM2","Creston_NE1|2025-06-10"
"958","Creston_NE1","Creston","NE1","SM2","Other_FS",2025-06-10,"MYVO",1,"SM2","Creston_NE1|2025-06-10"
"959","Creston_NE1","Creston","NE1","SM2","Other_FS",2025-06-10,"MYYU",31,"SM2","Creston_NE1|2025-06-10"
"960","Creston_NE1","Creston","NE1","SM2","Other_FS",2025-06-10,"PAHE",0,"SM2","Creston_NE1|2025-06-10"
"961","Creston_NE1","Creston","NE1","SM2","Other_FS",2025-06-11,"ANPA",0,"SM2","Creston_NE1|2025-06-11"
"962","Creston_NE1","Creston","NE1","SM2","Other_FS",2025-06-11,"COTO",0,"SM2","Creston_NE1|2025-06-11"
"963","Creston_NE1","Creston","NE1","SM2","Other_FS",2025-06-11,"EPFU",19,"SM2","Creston_NE1|2025-06-11"
"964","Creston_NE1","Creston","NE1","SM2","Other_FS",2025-06-11,"EUMA",0,"SM2","Creston_NE1|2025-06-11"
"965","Creston_NE1","Creston","NE1","SM2","Other_FS",2025-06-11,"LABO",1,"SM2","Creston_NE1|2025-06-11"
"966","Creston_NE1","Creston","NE1","SM2","Other_FS",2025-06-11,"LACI",0,"SM2","Creston_NE1|2025-06-11"
"967","Creston_NE1","Creston","NE1","SM2","Other_FS",2025-06-11,"LANO",24,"SM2","Creston_NE1|2025-06-11"
"968","Creston_NE1","Creston","NE1","SM2","Other_FS",2025-06-11,"MYCA",7,"SM2","Creston_NE1|2025-06-11"
"969","Creston_NE1","Creston","NE1","SM2","Other_FS",2025-06-11,"MYCI",0,"SM2","Creston_NE1|2025-06-11"
"970","Creston_NE1","Creston","NE1","SM2","Other_FS",2025-06-11,"MYEV",1,"SM2","Creston_NE1|2025-06-11"
"971","Creston_NE1","Creston","NE1","SM2","Other_FS",2025-06-11,"MYLU",74,"SM2","Creston_NE1|2025-06-11"
"972","Creston_NE1","Creston","NE1","SM2","Other_FS",2025-06-11,"MYSE",1,"SM2","Creston_NE1|2025-06-11"
"973","Creston_NE1","Creston","NE1","SM2","Other_FS",2025-06-11,"MYTH",2,"SM2","Creston_NE1|2025-06-11"
"974","Creston_NE1","Creston","NE1","SM2","Other_FS",2025-06-11,"MYVO",0,"SM2","Creston_NE1|2025-06-11"
"975","Creston_NE1","Creston","NE1","SM2","Other_FS",2025-06-11,"MYYU",8,"SM2","Creston_NE1|2025-06-11"
"976","Creston_NE1","Creston","NE1","SM2","Other_FS",2025-06-11,"PAHE",0,"SM2","Creston_NE1|2025-06-11"
"977","Creston_NE1","Creston","NE1","SM2","Other_FS",2025-06-12,"ANPA",0,"SM2","Creston_NE1|2025-06-12"
"978","Creston_NE1","Creston","NE1","SM2","Other_FS",2025-06-12,"COTO",1,"SM2","Creston_NE1|2025-06-12"
"979","Creston_NE1","Creston","NE1","SM2","Other_FS",2025-06-12,"EPFU",28,"SM2","Creston_NE1|2025-06-12"
"980","Creston_NE1","Creston","NE1","SM2","Other_FS",2025-06-12,"EUMA",0,"SM2","Creston_NE1|2025-06-12"
"981","Creston_NE1","Creston","NE1","SM2","Other_FS",2025-06-12,"LABO",0,"SM2","Creston_NE1|2025-06-12"
"982","Creston_NE1","Creston","NE1","SM2","Other_FS",2025-06-12,"LACI",4,"SM2","Creston_NE1|2025-06-12"
"983","Creston_NE1","Creston","NE1","SM2","Other_FS",2025-06-12,"LANO",9,"SM2","Creston_NE1|2025-06-12"
"984","Creston_NE1","Creston","NE1","SM2","Other_FS",2025-06-12,"MYCA",5,"SM2","Creston_NE1|2025-06-12"
"985","Creston_NE1","Creston","NE1","SM2","Other_FS",2025-06-12,"MYCI",0,"SM2","Creston_NE1|2025-06-12"
"986","Creston_NE1","Creston","NE1","SM2","Other_FS",2025-06-12,"MYEV",8,"SM2","Creston_NE1|2025-06-12"
"987","Creston_NE1","Creston","NE1","SM2","Other_FS",2025-06-12,"MYLU",67,"SM2","Creston_NE1|2025-06-12"
"988","Creston_NE1","Creston","NE1","SM2","Other_FS",2025-06-12,"MYSE",2,"SM2","Creston_NE1|2025-06-12"
"989","Creston_NE1","Creston","NE1","SM2","Other_FS",2025-06-12,"MYTH",2,"SM2","Creston_NE1|2025-06-12"
"990","Creston_NE1","Creston","NE1","SM2","Other_FS",2025-06-12,"MYVO",0,"SM2","Creston_NE1|2025-06-12"
"991","Creston_NE1","Creston","NE1","SM2","Other_FS",2025-06-12,"MYYU",11,"SM2","Creston_NE1|2025-06-12"
"992","Creston_NE1","Creston","NE1","SM2","Other_FS",2025-06-12,"PAHE",0,"SM2","Creston_NE1|2025-06-12"
"993","Creston_NE1","Creston","NE1","SM2","Other_FS",2025-06-13,"ANPA",0,"SM2","Creston_NE1|2025-06-13"
"994","Creston_NE1","Creston","NE1","SM2","Other_FS",2025-06-13,"COTO",1,"SM2","Creston_NE1|2025-06-13"
"995","Creston_NE1","Creston","NE1","SM2","Other_FS",2025-06-13,"EPFU",22,"SM2","Creston_NE1|2025-06-13"
"996","Creston_NE1","Creston","NE1","SM2","Other_FS",2025-06-13,"EUMA",0,"SM2","Creston_NE1|2025-06-13"
"997","Creston_NE1","Creston","NE1","SM2","Other_FS",2025-06-13,"LABO",1,"SM2","Creston_NE1|2025-06-13"
"998","Creston_NE1","Creston","NE1","SM2","Other_FS",2025-06-13,"LACI",2,"SM2","Creston_NE1|2025-06-13"
"999","Creston_NE1","Creston","NE1","SM2","Other_FS",2025-06-13,"LANO",14,"SM2","Creston_NE1|2025-06-13"
"1000","Creston_NE1","Creston","NE1","SM2","Other_FS",2025-06-13,"MYCA",5,"SM2","Creston_NE1|2025-06-13"
"1001","Creston_NE1","Creston","NE1","SM2","Other_FS",2025-06-13,"MYCI",0,"SM2","Creston_NE1|2025-06-13"
"1002","Creston_NE1","Creston","NE1","SM2","Other_FS",2025-06-13,"MYEV",13,"SM2","Creston_NE1|2025-06-13"
"1003","Creston_NE1","Creston","NE1","SM2","Other_FS",2025-06-13,"MYLU",83,"SM2","Creston_NE1|2025-06-13"
"1004","Creston_NE1","Creston","NE1","SM2","Other_FS",2025-06-13,"MYSE",12,"SM2","Creston_NE1|2025-06-13"
"1005","Creston_NE1","Creston","NE1","SM2","Other_FS",2025-06-13,"MYTH",4,"SM2","Creston_NE1|2025-06-13"
"1006","Creston_NE1","Creston","NE1","SM2","Other_FS",2025-06-13,"MYVO",0,"SM2","Creston_NE1|2025-06-13"
"1007","Creston_NE1","Creston","NE1","SM2","Other_FS",2025-06-13,"MYYU",6,"SM2","Creston_NE1|2025-06-13"
"1008","Creston_NE1","Creston","NE1","SM2","Other_FS",2025-06-13,"PAHE",0,"SM2","Creston_NE1|2025-06-13"
"1009","Creston_NE1","Creston","NE1","SM2","Other_FS",2025-06-14,"ANPA",0,"SM2","Creston_NE1|2025-06-14"
"1010","Creston_NE1","Creston","NE1","SM2","Other_FS",2025-06-14,"COTO",1,"SM2","Creston_NE1|2025-06-14"
"1011","Creston_NE1","Creston","NE1","SM2","Other_FS",2025-06-14,"EPFU",22,"SM2","Creston_NE1|2025-06-14"
"1012","Creston_NE1","Creston","NE1","SM2","Other_FS",2025-06-14,"EUMA",0,"SM2","Creston_NE1|2025-06-14"
"1013","Creston_NE1","Creston","NE1","SM2","Other_FS",2025-06-14,"LABO",1,"SM2","Creston_NE1|2025-06-14"
"1014","Creston_NE1","Creston","NE1","SM2","Other_FS",2025-06-14,"LACI",1,"SM2","Creston_NE1|2025-06-14"
"1015","Creston_NE1","Creston","NE1","SM2","Other_FS",2025-06-14,"LANO",8,"SM2","Creston_NE1|2025-06-14"
"1016","Creston_NE1","Creston","NE1","SM2","Other_FS",2025-06-14,"MYCA",3,"SM2","Creston_NE1|2025-06-14"
"1017","Creston_NE1","Creston","NE1","SM2","Other_FS",2025-06-14,"MYCI",0,"SM2","Creston_NE1|2025-06-14"
"1018","Creston_NE1","Creston","NE1","SM2","Other_FS",2025-06-14,"MYEV",5,"SM2","Creston_NE1|2025-06-14"
"1019","Creston_NE1","Creston","NE1","SM2","Other_FS",2025-06-14,"MYLU",68,"SM2","Creston_NE1|2025-06-14"
"1020","Creston_NE1","Creston","NE1","SM2","Other_FS",2025-06-14,"MYSE",5,"SM2","Creston_NE1|2025-06-14"
"1021","Creston_NE1","Creston","NE1","SM2","Other_FS",2025-06-14,"MYTH",2,"SM2","Creston_NE1|2025-06-14"
"1022","Creston_NE1","Creston","NE1","SM2","Other_FS",2025-06-14,"MYVO",0,"SM2","Creston_NE1|2025-06-14"
"1023","Creston_NE1","Creston","NE1","SM2","Other_FS",2025-06-14,"MYYU",14,"SM2","Creston_NE1|2025-06-14"
"1024","Creston_NE1","Creston","NE1","SM2","Other_FS",2025-06-14,"PAHE",0,"SM2","Creston_NE1|2025-06-14"
"1025","Creston_NE1","Creston","NE1","SM2","Other_FS",2025-06-15,"ANPA",0,"SM2","Creston_NE1|2025-06-15"
"1026","Creston_NE1","Creston","NE1","SM2","Other_FS",2025-06-15,"COTO",2,"SM2","Creston_NE1|2025-06-15"
"1027","Creston_NE1","Creston","NE1","SM2","Other_FS",2025-06-15,"EPFU",59,"SM2","Creston_NE1|2025-06-15"
"1028","Creston_NE1","Creston","NE1","SM2","Other_FS",2025-06-15,"EUMA",0,"SM2","Creston_NE1|2025-06-15"
"1029","Creston_NE1","Creston","NE1","SM2","Other_FS",2025-06-15,"LABO",0,"SM2","Creston_NE1|2025-06-15"
"1030","Creston_NE1","Creston","NE1","SM2","Other_FS",2025-06-15,"LACI",6,"SM2","Creston_NE1|2025-06-15"
"1031","Creston_NE1","Creston","NE1","SM2","Other_FS",2025-06-15,"LANO",6,"SM2","Creston_NE1|2025-06-15"
"1032","Creston_NE1","Creston","NE1","SM2","Other_FS",2025-06-15,"MYCA",15,"SM2","Creston_NE1|2025-06-15"
"1033","Creston_NE1","Creston","NE1","SM2","Other_FS",2025-06-15,"MYCI",0,"SM2","Creston_NE1|2025-06-15"
"1034","Creston_NE1","Creston","NE1","SM2","Other_FS",2025-06-15,"MYEV",3,"SM2","Creston_NE1|2025-06-15"
"1035","Creston_NE1","Creston","NE1","SM2","Other_FS",2025-06-15,"MYLU",123,"SM2","Creston_NE1|2025-06-15"
"1036","Creston_NE1","Creston","NE1","SM2","Other_FS",2025-06-15,"MYSE",2,"SM2","Creston_NE1|2025-06-15"
"1037","Creston_NE1","Creston","NE1","SM2","Other_FS",2025-06-15,"MYTH",8,"SM2","Creston_NE1|2025-06-15"
"1038","Creston_NE1","Creston","NE1","SM2","Other_FS",2025-06-15,"MYVO",0,"SM2","Creston_NE1|2025-06-15"
"1039","Creston_NE1","Creston","NE1","SM2","Other_FS",2025-06-15,"MYYU",13,"SM2","Creston_NE1|2025-06-15"
"1040","Creston_NE1","Creston","NE1","SM2","Other_FS",2025-06-15,"PAHE",0,"SM2","Creston_NE1|2025-06-15"
"1041","Creston_NE1","Creston","NE1","Anabat_Chorus","Anabat_Chorus",2025-06-09,"ANPA",0,"SM2","Creston_NE1|2025-06-09"
"1042","Creston_NE1","Creston","NE1","Anabat_Chorus","Anabat_Chorus",2025-06-09,"COTO",0,"SM2","Creston_NE1|2025-06-09"
"1043","Creston_NE1","Creston","NE1","Anabat_Chorus","Anabat_Chorus",2025-06-09,"EPFU",3,"SM2","Creston_NE1|2025-06-09"
"1044","Creston_NE1","Creston","NE1","Anabat_Chorus","Anabat_Chorus",2025-06-09,"EUMA",0,"SM2","Creston_NE1|2025-06-09"
"1045","Creston_NE1","Creston","NE1","Anabat_Chorus","Anabat_Chorus",2025-06-09,"LABO",3,"SM2","Creston_NE1|2025-06-09"
"1046","Creston_NE1","Creston","NE1","Anabat_Chorus","Anabat_Chorus",2025-06-09,"LACI",1,"SM2","Creston_NE1|2025-06-09"
"1047","Creston_NE1","Creston","NE1","Anabat_Chorus","Anabat_Chorus",2025-06-09,"LANO",11,"SM2","Creston_NE1|2025-06-09"
"1048","Creston_NE1","Creston","NE1","Anabat_Chorus","Anabat_Chorus",2025-06-09,"MYCA",29,"SM2","Creston_NE1|2025-06-09"
"1049","Creston_NE1","Creston","NE1","Anabat_Chorus","Anabat_Chorus",2025-06-09,"MYCI",0,"SM2","Creston_NE1|2025-06-09"
"1050","Creston_NE1","Creston","NE1","Anabat_Chorus","Anabat_Chorus",2025-06-09,"MYEV",1,"SM2","Creston_NE1|2025-06-09"
"1051","Creston_NE1","Creston","NE1","Anabat_Chorus","Anabat_Chorus",2025-06-09,"MYLU",111,"SM2","Creston_NE1|2025-06-09"
"1052","Creston_NE1","Creston","NE1","Anabat_Chorus","Anabat_Chorus",2025-06-09,"MYSE",0,"SM2","Creston_NE1|2025-06-09"
"1053","Creston_NE1","Creston","NE1","Anabat_Chorus","Anabat_Chorus",2025-06-09,"MYTH",8,"SM2","Creston_NE1|2025-06-09"
"1054","Creston_NE1","Creston","NE1","Anabat_Chorus","Anabat_Chorus",2025-06-09,"MYVO",0,"SM2","Creston_NE1|2025-06-09"
"1055","Creston_NE1","Creston","NE1","Anabat_Chorus","Anabat_Chorus",2025-06-09,"MYYU",45,"SM2","Creston_NE1|2025-06-09"
"1056","Creston_NE1","Creston","NE1","Anabat_Chorus","Anabat_Chorus",2025-06-09,"PAHE",0,"SM2","Creston_NE1|2025-06-09"
"1057","Creston_NE1","Creston","NE1","Anabat_Chorus","Anabat_Chorus",2025-06-10,"ANPA",1,"SM2","Creston_NE1|2025-06-10"
"1058","Creston_NE1","Creston","NE1","Anabat_Chorus","Anabat_Chorus",2025-06-10,"COTO",1,"SM2","Creston_NE1|2025-06-10"
"1059","Creston_NE1","Creston","NE1","Anabat_Chorus","Anabat_Chorus",2025-06-10,"EPFU",7,"SM2","Creston_NE1|2025-06-10"
"1060","Creston_NE1","Creston","NE1","Anabat_Chorus","Anabat_Chorus",2025-06-10,"EUMA",0,"SM2","Creston_NE1|2025-06-10"
"1061","Creston_NE1","Creston","NE1","Anabat_Chorus","Anabat_Chorus",2025-06-10,"LABO",4,"SM2","Creston_NE1|2025-06-10"
"1062","Creston_NE1","Creston","NE1","Anabat_Chorus","Anabat_Chorus",2025-06-10,"LACI",0,"SM2","Creston_NE1|2025-06-10"
"1063","Creston_NE1","Creston","NE1","Anabat_Chorus","Anabat_Chorus",2025-06-10,"LANO",5,"SM2","Creston_NE1|2025-06-10"
"1064","Creston_NE1","Creston","NE1","Anabat_Chorus","Anabat_Chorus",2025-06-10,"MYCA",8,"SM2","Creston_NE1|2025-06-10"
"1065","Creston_NE1","Creston","NE1","Anabat_Chorus","Anabat_Chorus",2025-06-10,"MYCI",3,"SM2","Creston_NE1|2025-06-10"
"1066","Creston_NE1","Creston","NE1","Anabat_Chorus","Anabat_Chorus",2025-06-10,"MYEV",4,"SM2","Creston_NE1|2025-06-10"
"1067","Creston_NE1","Creston","NE1","Anabat_Chorus","Anabat_Chorus",2025-06-10,"MYLU",152,"SM2","Creston_NE1|2025-06-10"
"1068","Creston_NE1","Creston","NE1","Anabat_Chorus","Anabat_Chorus",2025-06-10,"MYSE",0,"SM2","Creston_NE1|2025-06-10"
"1069","Creston_NE1","Creston","NE1","Anabat_Chorus","Anabat_Chorus",2025-06-10,"MYTH",5,"SM2","Creston_NE1|2025-06-10"
"1070","Creston_NE1","Creston","NE1","Anabat_Chorus","Anabat_Chorus",2025-06-10,"MYVO",0,"SM2","Creston_NE1|2025-06-10"
"1071","Creston_NE1","Creston","NE1","Anabat_Chorus","Anabat_Chorus",2025-06-10,"MYYU",57,"SM2","Creston_NE1|2025-06-10"
"1072","Creston_NE1","Creston","NE1","Anabat_Chorus","Anabat_Chorus",2025-06-10,"PAHE",0,"SM2","Creston_NE1|2025-06-10"
"1073","Creston_NE1","Creston","NE1","Anabat_Chorus","Anabat_Chorus",2025-06-11,"ANPA",0,"SM2","Creston_NE1|2025-06-11"
"1074","Creston_NE1","Creston","NE1","Anabat_Chorus","Anabat_Chorus",2025-06-11,"COTO",0,"SM2","Creston_NE1|2025-06-11"
"1075","Creston_NE1","Creston","NE1","Anabat_Chorus","Anabat_Chorus",2025-06-11,"EPFU",12,"SM2","Creston_NE1|2025-06-11"
"1076","Creston_NE1","Creston","NE1","Anabat_Chorus","Anabat_Chorus",2025-06-11,"EUMA",0,"SM2","Creston_NE1|2025-06-11"
"1077","Creston_NE1","Creston","NE1","Anabat_Chorus","Anabat_Chorus",2025-06-11,"LABO",0,"SM2","Creston_NE1|2025-06-11"
"1078","Creston_NE1","Creston","NE1","Anabat_Chorus","Anabat_Chorus",2025-06-11,"LACI",0,"SM2","Creston_NE1|2025-06-11"
"1079","Creston_NE1","Creston","NE1","Anabat_Chorus","Anabat_Chorus",2025-06-11,"LANO",24,"SM2","Creston_NE1|2025-06-11"
"1080","Creston_NE1","Creston","NE1","Anabat_Chorus","Anabat_Chorus",2025-06-11,"MYCA",13,"SM2","Creston_NE1|2025-06-11"
"1081","Creston_NE1","Creston","NE1","Anabat_Chorus","Anabat_Chorus",2025-06-11,"MYCI",0,"SM2","Creston_NE1|2025-06-11"
"1082","Creston_NE1","Creston","NE1","Anabat_Chorus","Anabat_Chorus",2025-06-11,"MYEV",5,"SM2","Creston_NE1|2025-06-11"
"1083","Creston_NE1","Creston","NE1","Anabat_Chorus","Anabat_Chorus",2025-06-11,"MYLU",127,"SM2","Creston_NE1|2025-06-11"
"1084","Creston_NE1","Creston","NE1","Anabat_Chorus","Anabat_Chorus",2025-06-11,"MYSE",1,"SM2","Creston_NE1|2025-06-11"
"1085","Creston_NE1","Creston","NE1","Anabat_Chorus","Anabat_Chorus",2025-06-11,"MYTH",1,"SM2","Creston_NE1|2025-06-11"
"1086","Creston_NE1","Creston","NE1","Anabat_Chorus","Anabat_Chorus",2025-06-11,"MYVO",1,"SM2","Creston_NE1|2025-06-11"
"1087","Creston_NE1","Creston","NE1","Anabat_Chorus","Anabat_Chorus",2025-06-11,"MYYU",11,"SM2","Creston_NE1|2025-06-11"
"1088","Creston_NE1","Creston","NE1","Anabat_Chorus","Anabat_Chorus",2025-06-11,"PAHE",0,"SM2","Creston_NE1|2025-06-11"
"1089","Creston_NE1","Creston","NE1","Anabat_Chorus","Anabat_Chorus",2025-06-12,"ANPA",0,"SM2","Creston_NE1|2025-06-12"
"1090","Creston_NE1","Creston","NE1","Anabat_Chorus","Anabat_Chorus",2025-06-12,"COTO",1,"SM2","Creston_NE1|2025-06-12"
"1091","Creston_NE1","Creston","NE1","Anabat_Chorus","Anabat_Chorus",2025-06-12,"EPFU",17,"SM2","Creston_NE1|2025-06-12"
"1092","Creston_NE1","Creston","NE1","Anabat_Chorus","Anabat_Chorus",2025-06-12,"EUMA",0,"SM2","Creston_NE1|2025-06-12"
"1093","Creston_NE1","Creston","NE1","Anabat_Chorus","Anabat_Chorus",2025-06-12,"LABO",1,"SM2","Creston_NE1|2025-06-12"
"1094","Creston_NE1","Creston","NE1","Anabat_Chorus","Anabat_Chorus",2025-06-12,"LACI",5,"SM2","Creston_NE1|2025-06-12"
"1095","Creston_NE1","Creston","NE1","Anabat_Chorus","Anabat_Chorus",2025-06-12,"LANO",8,"SM2","Creston_NE1|2025-06-12"
"1096","Creston_NE1","Creston","NE1","Anabat_Chorus","Anabat_Chorus",2025-06-12,"MYCA",7,"SM2","Creston_NE1|2025-06-12"
"1097","Creston_NE1","Creston","NE1","Anabat_Chorus","Anabat_Chorus",2025-06-12,"MYCI",3,"SM2","Creston_NE1|2025-06-12"
"1098","Creston_NE1","Creston","NE1","Anabat_Chorus","Anabat_Chorus",2025-06-12,"MYEV",9,"SM2","Creston_NE1|2025-06-12"
"1099","Creston_NE1","Creston","NE1","Anabat_Chorus","Anabat_Chorus",2025-06-12,"MYLU",88,"SM2","Creston_NE1|2025-06-12"
"1100","Creston_NE1","Creston","NE1","Anabat_Chorus","Anabat_Chorus",2025-06-12,"MYSE",3,"SM2","Creston_NE1|2025-06-12"
"1101","Creston_NE1","Creston","NE1","Anabat_Chorus","Anabat_Chorus",2025-06-12,"MYTH",2,"SM2","Creston_NE1|2025-06-12"
"1102","Creston_NE1","Creston","NE1","Anabat_Chorus","Anabat_Chorus",2025-06-12,"MYVO",0,"SM2","Creston_NE1|2025-06-12"
"1103","Creston_NE1","Creston","NE1","Anabat_Chorus","Anabat_Chorus",2025-06-12,"MYYU",14,"SM2","Creston_NE1|2025-06-12"
"1104","Creston_NE1","Creston","NE1","Anabat_Chorus","Anabat_Chorus",2025-06-12,"PAHE",0,"SM2","Creston_NE1|2025-06-12"
"1105","Creston_NE1","Creston","NE1","Anabat_Chorus","Anabat_Chorus",2025-06-13,"ANPA",0,"SM2","Creston_NE1|2025-06-13"
"1106","Creston_NE1","Creston","NE1","Anabat_Chorus","Anabat_Chorus",2025-06-13,"COTO",1,"SM2","Creston_NE1|2025-06-13"
"1107","Creston_NE1","Creston","NE1","Anabat_Chorus","Anabat_Chorus",2025-06-13,"EPFU",18,"SM2","Creston_NE1|2025-06-13"
"1108","Creston_NE1","Creston","NE1","Anabat_Chorus","Anabat_Chorus",2025-06-13,"EUMA",0,"SM2","Creston_NE1|2025-06-13"
"1109","Creston_NE1","Creston","NE1","Anabat_Chorus","Anabat_Chorus",2025-06-13,"LABO",0,"SM2","Creston_NE1|2025-06-13"
"1110","Creston_NE1","Creston","NE1","Anabat_Chorus","Anabat_Chorus",2025-06-13,"LACI",1,"SM2","Creston_NE1|2025-06-13"
"1111","Creston_NE1","Creston","NE1","Anabat_Chorus","Anabat_Chorus",2025-06-13,"LANO",8,"SM2","Creston_NE1|2025-06-13"
"1112","Creston_NE1","Creston","NE1","Anabat_Chorus","Anabat_Chorus",2025-06-13,"MYCA",6,"SM2","Creston_NE1|2025-06-13"
"1113","Creston_NE1","Creston","NE1","Anabat_Chorus","Anabat_Chorus",2025-06-13,"MYCI",3,"SM2","Creston_NE1|2025-06-13"
"1114","Creston_NE1","Creston","NE1","Anabat_Chorus","Anabat_Chorus",2025-06-13,"MYEV",7,"SM2","Creston_NE1|2025-06-13"
"1115","Creston_NE1","Creston","NE1","Anabat_Chorus","Anabat_Chorus",2025-06-13,"MYLU",123,"SM2","Creston_NE1|2025-06-13"
"1116","Creston_NE1","Creston","NE1","Anabat_Chorus","Anabat_Chorus",2025-06-13,"MYSE",14,"SM2","Creston_NE1|2025-06-13"
"1117","Creston_NE1","Creston","NE1","Anabat_Chorus","Anabat_Chorus",2025-06-13,"MYTH",4,"SM2","Creston_NE1|2025-06-13"
"1118","Creston_NE1","Creston","NE1","Anabat_Chorus","Anabat_Chorus",2025-06-13,"MYVO",1,"SM2","Creston_NE1|2025-06-13"
"1119","Creston_NE1","Creston","NE1","Anabat_Chorus","Anabat_Chorus",2025-06-13,"MYYU",12,"SM2","Creston_NE1|2025-06-13"
"1120","Creston_NE1","Creston","NE1","Anabat_Chorus","Anabat_Chorus",2025-06-13,"PAHE",0,"SM2","Creston_NE1|2025-06-13"
"1121","Creston_NE1","Creston","NE1","Anabat_Chorus","Anabat_Chorus",2025-06-14,"ANPA",1,"SM2","Creston_NE1|2025-06-14"
"1122","Creston_NE1","Creston","NE1","Anabat_Chorus","Anabat_Chorus",2025-06-14,"COTO",1,"SM2","Creston_NE1|2025-06-14"
"1123","Creston_NE1","Creston","NE1","Anabat_Chorus","Anabat_Chorus",2025-06-14,"EPFU",13,"SM2","Creston_NE1|2025-06-14"
"1124","Creston_NE1","Creston","NE1","Anabat_Chorus","Anabat_Chorus",2025-06-14,"EUMA",0,"SM2","Creston_NE1|2025-06-14"
"1125","Creston_NE1","Creston","NE1","Anabat_Chorus","Anabat_Chorus",2025-06-14,"LABO",0,"SM2","Creston_NE1|2025-06-14"
"1126","Creston_NE1","Creston","NE1","Anabat_Chorus","Anabat_Chorus",2025-06-14,"LACI",1,"SM2","Creston_NE1|2025-06-14"
"1127","Creston_NE1","Creston","NE1","Anabat_Chorus","Anabat_Chorus",2025-06-14,"LANO",6,"SM2","Creston_NE1|2025-06-14"
"1128","Creston_NE1","Creston","NE1","Anabat_Chorus","Anabat_Chorus",2025-06-14,"MYCA",6,"SM2","Creston_NE1|2025-06-14"
"1129","Creston_NE1","Creston","NE1","Anabat_Chorus","Anabat_Chorus",2025-06-14,"MYCI",1,"SM2","Creston_NE1|2025-06-14"
"1130","Creston_NE1","Creston","NE1","Anabat_Chorus","Anabat_Chorus",2025-06-14,"MYEV",4,"SM2","Creston_NE1|2025-06-14"
"1131","Creston_NE1","Creston","NE1","Anabat_Chorus","Anabat_Chorus",2025-06-14,"MYLU",82,"SM2","Creston_NE1|2025-06-14"
"1132","Creston_NE1","Creston","NE1","Anabat_Chorus","Anabat_Chorus",2025-06-14,"MYSE",7,"SM2","Creston_NE1|2025-06-14"
"1133","Creston_NE1","Creston","NE1","Anabat_Chorus","Anabat_Chorus",2025-06-14,"MYTH",1,"SM2","Creston_NE1|2025-06-14"
"1134","Creston_NE1","Creston","NE1","Anabat_Chorus","Anabat_Chorus",2025-06-14,"MYVO",0,"SM2","Creston_NE1|2025-06-14"
"1135","Creston_NE1","Creston","NE1","Anabat_Chorus","Anabat_Chorus",2025-06-14,"MYYU",13,"SM2","Creston_NE1|2025-06-14"
"1136","Creston_NE1","Creston","NE1","Anabat_Chorus","Anabat_Chorus",2025-06-14,"PAHE",0,"SM2","Creston_NE1|2025-06-14"
"1137","Creston_NE1","Creston","NE1","Anabat_Chorus","Anabat_Chorus",2025-06-15,"ANPA",3,"SM2","Creston_NE1|2025-06-15"
"1138","Creston_NE1","Creston","NE1","Anabat_Chorus","Anabat_Chorus",2025-06-15,"COTO",1,"SM2","Creston_NE1|2025-06-15"
"1139","Creston_NE1","Creston","NE1","Anabat_Chorus","Anabat_Chorus",2025-06-15,"EPFU",21,"SM2","Creston_NE1|2025-06-15"
"1140","Creston_NE1","Creston","NE1","Anabat_Chorus","Anabat_Chorus",2025-06-15,"EUMA",0,"SM2","Creston_NE1|2025-06-15"
"1141","Creston_NE1","Creston","NE1","Anabat_Chorus","Anabat_Chorus",2025-06-15,"LABO",2,"SM2","Creston_NE1|2025-06-15"
"1142","Creston_NE1","Creston","NE1","Anabat_Chorus","Anabat_Chorus",2025-06-15,"LACI",9,"SM2","Creston_NE1|2025-06-15"
"1143","Creston_NE1","Creston","NE1","Anabat_Chorus","Anabat_Chorus",2025-06-15,"LANO",5,"SM2","Creston_NE1|2025-06-15"
"1144","Creston_NE1","Creston","NE1","Anabat_Chorus","Anabat_Chorus",2025-06-15,"MYCA",21,"SM2","Creston_NE1|2025-06-15"
"1145","Creston_NE1","Creston","NE1","Anabat_Chorus","Anabat_Chorus",2025-06-15,"MYCI",5,"SM2","Creston_NE1|2025-06-15"
"1146","Creston_NE1","Creston","NE1","Anabat_Chorus","Anabat_Chorus",2025-06-15,"MYEV",5,"SM2","Creston_NE1|2025-06-15"
"1147","Creston_NE1","Creston","NE1","Anabat_Chorus","Anabat_Chorus",2025-06-15,"MYLU",173,"SM2","Creston_NE1|2025-06-15"
"1148","Creston_NE1","Creston","NE1","Anabat_Chorus","Anabat_Chorus",2025-06-15,"MYSE",3,"SM2","Creston_NE1|2025-06-15"
"1149","Creston_NE1","Creston","NE1","Anabat_Chorus","Anabat_Chorus",2025-06-15,"MYTH",4,"SM2","Creston_NE1|2025-06-15"
"1150","Creston_NE1","Creston","NE1","Anabat_Chorus","Anabat_Chorus",2025-06-15,"MYVO",0,"SM2","Creston_NE1|2025-06-15"
"1151","Creston_NE1","Creston","NE1","Anabat_Chorus","Anabat_Chorus",2025-06-15,"MYYU",23,"SM2","Creston_NE1|2025-06-15"
"1152","Creston_NE1","Creston","NE1","Anabat_Chorus","Anabat_Chorus",2025-06-15,"PAHE",0,"SM2","Creston_NE1|2025-06-15"
"1153","Creston_NE2","Creston","NE2","SM2","Other_FS",2025-06-09,"ANPA",0,"SM2","Creston_NE2|2025-06-09"
"1154","Creston_NE2","Creston","NE2","SM2","Other_FS",2025-06-09,"COTO",1,"SM2","Creston_NE2|2025-06-09"
"1155","Creston_NE2","Creston","NE2","SM2","Other_FS",2025-06-09,"EPFU",24,"SM2","Creston_NE2|2025-06-09"
"1156","Creston_NE2","Creston","NE2","SM2","Other_FS",2025-06-09,"EUMA",0,"SM2","Creston_NE2|2025-06-09"
"1157","Creston_NE2","Creston","NE2","SM2","Other_FS",2025-06-09,"LABO",1,"SM2","Creston_NE2|2025-06-09"
"1158","Creston_NE2","Creston","NE2","SM2","Other_FS",2025-06-09,"LACI",3,"SM2","Creston_NE2|2025-06-09"
"1159","Creston_NE2","Creston","NE2","SM2","Other_FS",2025-06-09,"LANO",13,"SM2","Creston_NE2|2025-06-09"
"1160","Creston_NE2","Creston","NE2","SM2","Other_FS",2025-06-09,"MYCA",9,"SM2","Creston_NE2|2025-06-09"
"1161","Creston_NE2","Creston","NE2","SM2","Other_FS",2025-06-09,"MYCI",1,"SM2","Creston_NE2|2025-06-09"
"1162","Creston_NE2","Creston","NE2","SM2","Other_FS",2025-06-09,"MYEV",11,"SM2","Creston_NE2|2025-06-09"
"1163","Creston_NE2","Creston","NE2","SM2","Other_FS",2025-06-09,"MYLU",268,"SM2","Creston_NE2|2025-06-09"
"1164","Creston_NE2","Creston","NE2","SM2","Other_FS",2025-06-09,"MYSE",9,"SM2","Creston_NE2|2025-06-09"
"1165","Creston_NE2","Creston","NE2","SM2","Other_FS",2025-06-09,"MYTH",11,"SM2","Creston_NE2|2025-06-09"
"1166","Creston_NE2","Creston","NE2","SM2","Other_FS",2025-06-09,"MYVO",2,"SM2","Creston_NE2|2025-06-09"
"1167","Creston_NE2","Creston","NE2","SM2","Other_FS",2025-06-09,"MYYU",37,"SM2","Creston_NE2|2025-06-09"
"1168","Creston_NE2","Creston","NE2","SM2","Other_FS",2025-06-09,"PAHE",0,"SM2","Creston_NE2|2025-06-09"
"1169","Creston_NE2","Creston","NE2","SM2","Other_FS",2025-06-10,"ANPA",0,"SM2","Creston_NE2|2025-06-10"
"1170","Creston_NE2","Creston","NE2","SM2","Other_FS",2025-06-10,"COTO",1,"SM2","Creston_NE2|2025-06-10"
"1171","Creston_NE2","Creston","NE2","SM2","Other_FS",2025-06-10,"EPFU",30,"SM2","Creston_NE2|2025-06-10"
"1172","Creston_NE2","Creston","NE2","SM2","Other_FS",2025-06-10,"EUMA",0,"SM2","Creston_NE2|2025-06-10"
"1173","Creston_NE2","Creston","NE2","SM2","Other_FS",2025-06-10,"LABO",2,"SM2","Creston_NE2|2025-06-10"
"1174","Creston_NE2","Creston","NE2","SM2","Other_FS",2025-06-10,"LACI",6,"SM2","Creston_NE2|2025-06-10"
"1175","Creston_NE2","Creston","NE2","SM2","Other_FS",2025-06-10,"LANO",10,"SM2","Creston_NE2|2025-06-10"
"1176","Creston_NE2","Creston","NE2","SM2","Other_FS",2025-06-10,"MYCA",25,"SM2","Creston_NE2|2025-06-10"
"1177","Creston_NE2","Creston","NE2","SM2","Other_FS",2025-06-10,"MYCI",1,"SM2","Creston_NE2|2025-06-10"
"1178","Creston_NE2","Creston","NE2","SM2","Other_FS",2025-06-10,"MYEV",9,"SM2","Creston_NE2|2025-06-10"
"1179","Creston_NE2","Creston","NE2","SM2","Other_FS",2025-06-10,"MYLU",291,"SM2","Creston_NE2|2025-06-10"
"1180","Creston_NE2","Creston","NE2","SM2","Other_FS",2025-06-10,"MYSE",1,"SM2","Creston_NE2|2025-06-10"
"1181","Creston_NE2","Creston","NE2","SM2","Other_FS",2025-06-10,"MYTH",27,"SM2","Creston_NE2|2025-06-10"
"1182","Creston_NE2","Creston","NE2","SM2","Other_FS",2025-06-10,"MYVO",0,"SM2","Creston_NE2|2025-06-10"
"1183","Creston_NE2","Creston","NE2","SM2","Other_FS",2025-06-10,"MYYU",41,"SM2","Creston_NE2|2025-06-10"
"1184","Creston_NE2","Creston","NE2","SM2","Other_FS",2025-06-10,"PAHE",0,"SM2","Creston_NE2|2025-06-10"
"1185","Creston_NE2","Creston","NE2","SM2","Other_FS",2025-06-11,"ANPA",0,"SM2","Creston_NE2|2025-06-11"
"1186","Creston_NE2","Creston","NE2","SM2","Other_FS",2025-06-11,"COTO",1,"SM2","Creston_NE2|2025-06-11"
"1187","Creston_NE2","Creston","NE2","SM2","Other_FS",2025-06-11,"EPFU",10,"SM2","Creston_NE2|2025-06-11"
"1188","Creston_NE2","Creston","NE2","SM2","Other_FS",2025-06-11,"EUMA",0,"SM2","Creston_NE2|2025-06-11"
"1189","Creston_NE2","Creston","NE2","SM2","Other_FS",2025-06-11,"LABO",4,"SM2","Creston_NE2|2025-06-11"
"1190","Creston_NE2","Creston","NE2","SM2","Other_FS",2025-06-11,"LACI",8,"SM2","Creston_NE2|2025-06-11"
"1191","Creston_NE2","Creston","NE2","SM2","Other_FS",2025-06-11,"LANO",11,"SM2","Creston_NE2|2025-06-11"
"1192","Creston_NE2","Creston","NE2","SM2","Other_FS",2025-06-11,"MYCA",1,"SM2","Creston_NE2|2025-06-11"
"1193","Creston_NE2","Creston","NE2","SM2","Other_FS",2025-06-11,"MYCI",0,"SM2","Creston_NE2|2025-06-11"
"1194","Creston_NE2","Creston","NE2","SM2","Other_FS",2025-06-11,"MYEV",0,"SM2","Creston_NE2|2025-06-11"
"1195","Creston_NE2","Creston","NE2","SM2","Other_FS",2025-06-11,"MYLU",216,"SM2","Creston_NE2|2025-06-11"
"1196","Creston_NE2","Creston","NE2","SM2","Other_FS",2025-06-11,"MYSE",0,"SM2","Creston_NE2|2025-06-11"
"1197","Creston_NE2","Creston","NE2","SM2","Other_FS",2025-06-11,"MYTH",1,"SM2","Creston_NE2|2025-06-11"
"1198","Creston_NE2","Creston","NE2","SM2","Other_FS",2025-06-11,"MYVO",0,"SM2","Creston_NE2|2025-06-11"
"1199","Creston_NE2","Creston","NE2","SM2","Other_FS",2025-06-11,"MYYU",4,"SM2","Creston_NE2|2025-06-11"
"1200","Creston_NE2","Creston","NE2","SM2","Other_FS",2025-06-11,"PAHE",0,"SM2","Creston_NE2|2025-06-11"
"1201","Creston_NE2","Creston","NE2","SM2","Other_FS",2025-06-12,"ANPA",0,"SM2","Creston_NE2|2025-06-12"
"1202","Creston_NE2","Creston","NE2","SM2","Other_FS",2025-06-12,"COTO",1,"SM2","Creston_NE2|2025-06-12"
"1203","Creston_NE2","Creston","NE2","SM2","Other_FS",2025-06-12,"EPFU",9,"SM2","Creston_NE2|2025-06-12"
"1204","Creston_NE2","Creston","NE2","SM2","Other_FS",2025-06-12,"EUMA",0,"SM2","Creston_NE2|2025-06-12"
"1205","Creston_NE2","Creston","NE2","SM2","Other_FS",2025-06-12,"LABO",2,"SM2","Creston_NE2|2025-06-12"
"1206","Creston_NE2","Creston","NE2","SM2","Other_FS",2025-06-12,"LACI",6,"SM2","Creston_NE2|2025-06-12"
"1207","Creston_NE2","Creston","NE2","SM2","Other_FS",2025-06-12,"LANO",6,"SM2","Creston_NE2|2025-06-12"
"1208","Creston_NE2","Creston","NE2","SM2","Other_FS",2025-06-12,"MYCA",2,"SM2","Creston_NE2|2025-06-12"
"1209","Creston_NE2","Creston","NE2","SM2","Other_FS",2025-06-12,"MYCI",0,"SM2","Creston_NE2|2025-06-12"
"1210","Creston_NE2","Creston","NE2","SM2","Other_FS",2025-06-12,"MYEV",0,"SM2","Creston_NE2|2025-06-12"
"1211","Creston_NE2","Creston","NE2","SM2","Other_FS",2025-06-12,"MYLU",84,"SM2","Creston_NE2|2025-06-12"
"1212","Creston_NE2","Creston","NE2","SM2","Other_FS",2025-06-12,"MYSE",0,"SM2","Creston_NE2|2025-06-12"
"1213","Creston_NE2","Creston","NE2","SM2","Other_FS",2025-06-12,"MYTH",1,"SM2","Creston_NE2|2025-06-12"
"1214","Creston_NE2","Creston","NE2","SM2","Other_FS",2025-06-12,"MYVO",0,"SM2","Creston_NE2|2025-06-12"
"1215","Creston_NE2","Creston","NE2","SM2","Other_FS",2025-06-12,"MYYU",7,"SM2","Creston_NE2|2025-06-12"
"1216","Creston_NE2","Creston","NE2","SM2","Other_FS",2025-06-12,"PAHE",0,"SM2","Creston_NE2|2025-06-12"
"1217","Creston_NE2","Creston","NE2","SM2","Other_FS",2025-06-13,"ANPA",0,"SM2","Creston_NE2|2025-06-13"
"1218","Creston_NE2","Creston","NE2","SM2","Other_FS",2025-06-13,"COTO",1,"SM2","Creston_NE2|2025-06-13"
"1219","Creston_NE2","Creston","NE2","SM2","Other_FS",2025-06-13,"EPFU",15,"SM2","Creston_NE2|2025-06-13"
"1220","Creston_NE2","Creston","NE2","SM2","Other_FS",2025-06-13,"EUMA",0,"SM2","Creston_NE2|2025-06-13"
"1221","Creston_NE2","Creston","NE2","SM2","Other_FS",2025-06-13,"LABO",0,"SM2","Creston_NE2|2025-06-13"
"1222","Creston_NE2","Creston","NE2","SM2","Other_FS",2025-06-13,"LACI",6,"SM2","Creston_NE2|2025-06-13"
"1223","Creston_NE2","Creston","NE2","SM2","Other_FS",2025-06-13,"LANO",16,"SM2","Creston_NE2|2025-06-13"
"1224","Creston_NE2","Creston","NE2","SM2","Other_FS",2025-06-13,"MYCA",20,"SM2","Creston_NE2|2025-06-13"
"1225","Creston_NE2","Creston","NE2","SM2","Other_FS",2025-06-13,"MYCI",0,"SM2","Creston_NE2|2025-06-13"
"1226","Creston_NE2","Creston","NE2","SM2","Other_FS",2025-06-13,"MYEV",0,"SM2","Creston_NE2|2025-06-13"
"1227","Creston_NE2","Creston","NE2","SM2","Other_FS",2025-06-13,"MYLU",362,"SM2","Creston_NE2|2025-06-13"
"1228","Creston_NE2","Creston","NE2","SM2","Other_FS",2025-06-13,"MYSE",0,"SM2","Creston_NE2|2025-06-13"
"1229","Creston_NE2","Creston","NE2","SM2","Other_FS",2025-06-13,"MYTH",5,"SM2","Creston_NE2|2025-06-13"
"1230","Creston_NE2","Creston","NE2","SM2","Other_FS",2025-06-13,"MYVO",1,"SM2","Creston_NE2|2025-06-13"
"1231","Creston_NE2","Creston","NE2","SM2","Other_FS",2025-06-13,"MYYU",22,"SM2","Creston_NE2|2025-06-13"
"1232","Creston_NE2","Creston","NE2","SM2","Other_FS",2025-06-13,"PAHE",0,"SM2","Creston_NE2|2025-06-13"
"1233","Creston_NE2","Creston","NE2","SM2","Other_FS",2025-06-14,"ANPA",0,"SM2","Creston_NE2|2025-06-14"
"1234","Creston_NE2","Creston","NE2","SM2","Other_FS",2025-06-14,"COTO",0,"SM2","Creston_NE2|2025-06-14"
"1235","Creston_NE2","Creston","NE2","SM2","Other_FS",2025-06-14,"EPFU",11,"SM2","Creston_NE2|2025-06-14"
"1236","Creston_NE2","Creston","NE2","SM2","Other_FS",2025-06-14,"EUMA",0,"SM2","Creston_NE2|2025-06-14"
"1237","Creston_NE2","Creston","NE2","SM2","Other_FS",2025-06-14,"LABO",0,"SM2","Creston_NE2|2025-06-14"
"1238","Creston_NE2","Creston","NE2","SM2","Other_FS",2025-06-14,"LACI",10,"SM2","Creston_NE2|2025-06-14"
"1239","Creston_NE2","Creston","NE2","SM2","Other_FS",2025-06-14,"LANO",10,"SM2","Creston_NE2|2025-06-14"
"1240","Creston_NE2","Creston","NE2","SM2","Other_FS",2025-06-14,"MYCA",4,"SM2","Creston_NE2|2025-06-14"
"1241","Creston_NE2","Creston","NE2","SM2","Other_FS",2025-06-14,"MYCI",1,"SM2","Creston_NE2|2025-06-14"
"1242","Creston_NE2","Creston","NE2","SM2","Other_FS",2025-06-14,"MYEV",2,"SM2","Creston_NE2|2025-06-14"
"1243","Creston_NE2","Creston","NE2","SM2","Other_FS",2025-06-14,"MYLU",125,"SM2","Creston_NE2|2025-06-14"
"1244","Creston_NE2","Creston","NE2","SM2","Other_FS",2025-06-14,"MYSE",2,"SM2","Creston_NE2|2025-06-14"
"1245","Creston_NE2","Creston","NE2","SM2","Other_FS",2025-06-14,"MYTH",0,"SM2","Creston_NE2|2025-06-14"
"1246","Creston_NE2","Creston","NE2","SM2","Other_FS",2025-06-14,"MYVO",0,"SM2","Creston_NE2|2025-06-14"
"1247","Creston_NE2","Creston","NE2","SM2","Other_FS",2025-06-14,"MYYU",12,"SM2","Creston_NE2|2025-06-14"
"1248","Creston_NE2","Creston","NE2","SM2","Other_FS",2025-06-14,"PAHE",0,"SM2","Creston_NE2|2025-06-14"
"1249","Creston_NE2","Creston","NE2","SM2","Other_FS",2025-06-15,"ANPA",0,"SM2","Creston_NE2|2025-06-15"
"1250","Creston_NE2","Creston","NE2","SM2","Other_FS",2025-06-15,"COTO",3,"SM2","Creston_NE2|2025-06-15"
"1251","Creston_NE2","Creston","NE2","SM2","Other_FS",2025-06-15,"EPFU",13,"SM2","Creston_NE2|2025-06-15"
"1252","Creston_NE2","Creston","NE2","SM2","Other_FS",2025-06-15,"EUMA",0,"SM2","Creston_NE2|2025-06-15"
"1253","Creston_NE2","Creston","NE2","SM2","Other_FS",2025-06-15,"LABO",1,"SM2","Creston_NE2|2025-06-15"
"1254","Creston_NE2","Creston","NE2","SM2","Other_FS",2025-06-15,"LACI",3,"SM2","Creston_NE2|2025-06-15"
"1255","Creston_NE2","Creston","NE2","SM2","Other_FS",2025-06-15,"LANO",9,"SM2","Creston_NE2|2025-06-15"
"1256","Creston_NE2","Creston","NE2","SM2","Other_FS",2025-06-15,"MYCA",10,"SM2","Creston_NE2|2025-06-15"
"1257","Creston_NE2","Creston","NE2","SM2","Other_FS",2025-06-15,"MYCI",0,"SM2","Creston_NE2|2025-06-15"
"1258","Creston_NE2","Creston","NE2","SM2","Other_FS",2025-06-15,"MYEV",0,"SM2","Creston_NE2|2025-06-15"
"1259","Creston_NE2","Creston","NE2","SM2","Other_FS",2025-06-15,"MYLU",395,"SM2","Creston_NE2|2025-06-15"
"1260","Creston_NE2","Creston","NE2","SM2","Other_FS",2025-06-15,"MYSE",1,"SM2","Creston_NE2|2025-06-15"
"1261","Creston_NE2","Creston","NE2","SM2","Other_FS",2025-06-15,"MYTH",4,"SM2","Creston_NE2|2025-06-15"
"1262","Creston_NE2","Creston","NE2","SM2","Other_FS",2025-06-15,"MYVO",0,"SM2","Creston_NE2|2025-06-15"
"1263","Creston_NE2","Creston","NE2","SM2","Other_FS",2025-06-15,"MYYU",26,"SM2","Creston_NE2|2025-06-15"
"1264","Creston_NE2","Creston","NE2","SM2","Other_FS",2025-06-15,"PAHE",0,"SM2","Creston_NE2|2025-06-15"
"1265","Creston_NE2","Creston","NE2","Anabat_Chorus","Anabat_Chorus",2025-06-09,"ANPA",0,"SM2","Creston_NE2|2025-06-09"
"1266","Creston_NE2","Creston","NE2","Anabat_Chorus","Anabat_Chorus",2025-06-09,"COTO",3,"SM2","Creston_NE2|2025-06-09"
"1267","Creston_NE2","Creston","NE2","Anabat_Chorus","Anabat_Chorus",2025-06-09,"EPFU",20,"SM2","Creston_NE2|2025-06-09"
"1268","Creston_NE2","Creston","NE2","Anabat_Chorus","Anabat_Chorus",2025-06-09,"EUMA",0,"SM2","Creston_NE2|2025-06-09"
"1269","Creston_NE2","Creston","NE2","Anabat_Chorus","Anabat_Chorus",2025-06-09,"LABO",3,"SM2","Creston_NE2|2025-06-09"
"1270","Creston_NE2","Creston","NE2","Anabat_Chorus","Anabat_Chorus",2025-06-09,"LACI",4,"SM2","Creston_NE2|2025-06-09"
"1271","Creston_NE2","Creston","NE2","Anabat_Chorus","Anabat_Chorus",2025-06-09,"LANO",15,"SM2","Creston_NE2|2025-06-09"
"1272","Creston_NE2","Creston","NE2","Anabat_Chorus","Anabat_Chorus",2025-06-09,"MYCA",9,"SM2","Creston_NE2|2025-06-09"
"1273","Creston_NE2","Creston","NE2","Anabat_Chorus","Anabat_Chorus",2025-06-09,"MYCI",1,"SM2","Creston_NE2|2025-06-09"
"1274","Creston_NE2","Creston","NE2","Anabat_Chorus","Anabat_Chorus",2025-06-09,"MYEV",11,"SM2","Creston_NE2|2025-06-09"
"1275","Creston_NE2","Creston","NE2","Anabat_Chorus","Anabat_Chorus",2025-06-09,"MYLU",245,"SM2","Creston_NE2|2025-06-09"
"1276","Creston_NE2","Creston","NE2","Anabat_Chorus","Anabat_Chorus",2025-06-09,"MYSE",16,"SM2","Creston_NE2|2025-06-09"
"1277","Creston_NE2","Creston","NE2","Anabat_Chorus","Anabat_Chorus",2025-06-09,"MYTH",15,"SM2","Creston_NE2|2025-06-09"
"1278","Creston_NE2","Creston","NE2","Anabat_Chorus","Anabat_Chorus",2025-06-09,"MYVO",4,"SM2","Creston_NE2|2025-06-09"
"1279","Creston_NE2","Creston","NE2","Anabat_Chorus","Anabat_Chorus",2025-06-09,"MYYU",46,"SM2","Creston_NE2|2025-06-09"
"1280","Creston_NE2","Creston","NE2","Anabat_Chorus","Anabat_Chorus",2025-06-09,"PAHE",0,"SM2","Creston_NE2|2025-06-09"
"1281","Creston_NE2","Creston","NE2","Anabat_Chorus","Anabat_Chorus",2025-06-10,"ANPA",0,"SM2","Creston_NE2|2025-06-10"
"1282","Creston_NE2","Creston","NE2","Anabat_Chorus","Anabat_Chorus",2025-06-10,"COTO",1,"SM2","Creston_NE2|2025-06-10"
"1283","Creston_NE2","Creston","NE2","Anabat_Chorus","Anabat_Chorus",2025-06-10,"EPFU",29,"SM2","Creston_NE2|2025-06-10"
"1284","Creston_NE2","Creston","NE2","Anabat_Chorus","Anabat_Chorus",2025-06-10,"EUMA",0,"SM2","Creston_NE2|2025-06-10"
"1285","Creston_NE2","Creston","NE2","Anabat_Chorus","Anabat_Chorus",2025-06-10,"LABO",2,"SM2","Creston_NE2|2025-06-10"
"1286","Creston_NE2","Creston","NE2","Anabat_Chorus","Anabat_Chorus",2025-06-10,"LACI",5,"SM2","Creston_NE2|2025-06-10"
"1287","Creston_NE2","Creston","NE2","Anabat_Chorus","Anabat_Chorus",2025-06-10,"LANO",10,"SM2","Creston_NE2|2025-06-10"
"1288","Creston_NE2","Creston","NE2","Anabat_Chorus","Anabat_Chorus",2025-06-10,"MYCA",13,"SM2","Creston_NE2|2025-06-10"
"1289","Creston_NE2","Creston","NE2","Anabat_Chorus","Anabat_Chorus",2025-06-10,"MYCI",0,"SM2","Creston_NE2|2025-06-10"
"1290","Creston_NE2","Creston","NE2","Anabat_Chorus","Anabat_Chorus",2025-06-10,"MYEV",6,"SM2","Creston_NE2|2025-06-10"
"1291","Creston_NE2","Creston","NE2","Anabat_Chorus","Anabat_Chorus",2025-06-10,"MYLU",233,"SM2","Creston_NE2|2025-06-10"
"1292","Creston_NE2","Creston","NE2","Anabat_Chorus","Anabat_Chorus",2025-06-10,"MYSE",6,"SM2","Creston_NE2|2025-06-10"
"1293","Creston_NE2","Creston","NE2","Anabat_Chorus","Anabat_Chorus",2025-06-10,"MYTH",32,"SM2","Creston_NE2|2025-06-10"
"1294","Creston_NE2","Creston","NE2","Anabat_Chorus","Anabat_Chorus",2025-06-10,"MYVO",1,"SM2","Creston_NE2|2025-06-10"
"1295","Creston_NE2","Creston","NE2","Anabat_Chorus","Anabat_Chorus",2025-06-10,"MYYU",51,"SM2","Creston_NE2|2025-06-10"
"1296","Creston_NE2","Creston","NE2","Anabat_Chorus","Anabat_Chorus",2025-06-10,"PAHE",0,"SM2","Creston_NE2|2025-06-10"
"1297","Creston_NE2","Creston","NE2","Anabat_Chorus","Anabat_Chorus",2025-06-11,"ANPA",0,"SM2","Creston_NE2|2025-06-11"
"1298","Creston_NE2","Creston","NE2","Anabat_Chorus","Anabat_Chorus",2025-06-11,"COTO",1,"SM2","Creston_NE2|2025-06-11"
"1299","Creston_NE2","Creston","NE2","Anabat_Chorus","Anabat_Chorus",2025-06-11,"EPFU",14,"SM2","Creston_NE2|2025-06-11"
"1300","Creston_NE2","Creston","NE2","Anabat_Chorus","Anabat_Chorus",2025-06-11,"EUMA",0,"SM2","Creston_NE2|2025-06-11"
"1301","Creston_NE2","Creston","NE2","Anabat_Chorus","Anabat_Chorus",2025-06-11,"LABO",0,"SM2","Creston_NE2|2025-06-11"
"1302","Creston_NE2","Creston","NE2","Anabat_Chorus","Anabat_Chorus",2025-06-11,"LACI",2,"SM2","Creston_NE2|2025-06-11"
"1303","Creston_NE2","Creston","NE2","Anabat_Chorus","Anabat_Chorus",2025-06-11,"LANO",13,"SM2","Creston_NE2|2025-06-11"
"1304","Creston_NE2","Creston","NE2","Anabat_Chorus","Anabat_Chorus",2025-06-11,"MYCA",1,"SM2","Creston_NE2|2025-06-11"
"1305","Creston_NE2","Creston","NE2","Anabat_Chorus","Anabat_Chorus",2025-06-11,"MYCI",0,"SM2","Creston_NE2|2025-06-11"
"1306","Creston_NE2","Creston","NE2","Anabat_Chorus","Anabat_Chorus",2025-06-11,"MYEV",0,"SM2","Creston_NE2|2025-06-11"
"1307","Creston_NE2","Creston","NE2","Anabat_Chorus","Anabat_Chorus",2025-06-11,"MYLU",231,"SM2","Creston_NE2|2025-06-11"
"1308","Creston_NE2","Creston","NE2","Anabat_Chorus","Anabat_Chorus",2025-06-11,"MYSE",0,"SM2","Creston_NE2|2025-06-11"
"1309","Creston_NE2","Creston","NE2","Anabat_Chorus","Anabat_Chorus",2025-06-11,"MYTH",0,"SM2","Creston_NE2|2025-06-11"
"1310","Creston_NE2","Creston","NE2","Anabat_Chorus","Anabat_Chorus",2025-06-11,"MYVO",0,"SM2","Creston_NE2|2025-06-11"
"1311","Creston_NE2","Creston","NE2","Anabat_Chorus","Anabat_Chorus",2025-06-11,"MYYU",21,"SM2","Creston_NE2|2025-06-11"
"1312","Creston_NE2","Creston","NE2","Anabat_Chorus","Anabat_Chorus",2025-06-11,"PAHE",0,"SM2","Creston_NE2|2025-06-11"
"1313","Creston_NE2","Creston","NE2","Anabat_Chorus","Anabat_Chorus",2025-06-12,"ANPA",0,"SM2","Creston_NE2|2025-06-12"
"1314","Creston_NE2","Creston","NE2","Anabat_Chorus","Anabat_Chorus",2025-06-12,"COTO",0,"SM2","Creston_NE2|2025-06-12"
"1315","Creston_NE2","Creston","NE2","Anabat_Chorus","Anabat_Chorus",2025-06-12,"EPFU",5,"SM2","Creston_NE2|2025-06-12"
"1316","Creston_NE2","Creston","NE2","Anabat_Chorus","Anabat_Chorus",2025-06-12,"EUMA",0,"SM2","Creston_NE2|2025-06-12"
"1317","Creston_NE2","Creston","NE2","Anabat_Chorus","Anabat_Chorus",2025-06-12,"LABO",0,"SM2","Creston_NE2|2025-06-12"
"1318","Creston_NE2","Creston","NE2","Anabat_Chorus","Anabat_Chorus",2025-06-12,"LACI",6,"SM2","Creston_NE2|2025-06-12"
"1319","Creston_NE2","Creston","NE2","Anabat_Chorus","Anabat_Chorus",2025-06-12,"LANO",4,"SM2","Creston_NE2|2025-06-12"
"1320","Creston_NE2","Creston","NE2","Anabat_Chorus","Anabat_Chorus",2025-06-12,"MYCA",4,"SM2","Creston_NE2|2025-06-12"
"1321","Creston_NE2","Creston","NE2","Anabat_Chorus","Anabat_Chorus",2025-06-12,"MYCI",0,"SM2","Creston_NE2|2025-06-12"
"1322","Creston_NE2","Creston","NE2","Anabat_Chorus","Anabat_Chorus",2025-06-12,"MYEV",1,"SM2","Creston_NE2|2025-06-12"
"1323","Creston_NE2","Creston","NE2","Anabat_Chorus","Anabat_Chorus",2025-06-12,"MYLU",59,"SM2","Creston_NE2|2025-06-12"
"1324","Creston_NE2","Creston","NE2","Anabat_Chorus","Anabat_Chorus",2025-06-12,"MYSE",0,"SM2","Creston_NE2|2025-06-12"
"1325","Creston_NE2","Creston","NE2","Anabat_Chorus","Anabat_Chorus",2025-06-12,"MYTH",1,"SM2","Creston_NE2|2025-06-12"
"1326","Creston_NE2","Creston","NE2","Anabat_Chorus","Anabat_Chorus",2025-06-12,"MYVO",0,"SM2","Creston_NE2|2025-06-12"
"1327","Creston_NE2","Creston","NE2","Anabat_Chorus","Anabat_Chorus",2025-06-12,"MYYU",10,"SM2","Creston_NE2|2025-06-12"
"1328","Creston_NE2","Creston","NE2","Anabat_Chorus","Anabat_Chorus",2025-06-12,"PAHE",0,"SM2","Creston_NE2|2025-06-12"
"1329","Creston_NE2","Creston","NE2","Anabat_Chorus","Anabat_Chorus",2025-06-13,"ANPA",0,"SM2","Creston_NE2|2025-06-13"
"1330","Creston_NE2","Creston","NE2","Anabat_Chorus","Anabat_Chorus",2025-06-13,"COTO",2,"SM2","Creston_NE2|2025-06-13"
"1331","Creston_NE2","Creston","NE2","Anabat_Chorus","Anabat_Chorus",2025-06-13,"EPFU",14,"SM2","Creston_NE2|2025-06-13"
"1332","Creston_NE2","Creston","NE2","Anabat_Chorus","Anabat_Chorus",2025-06-13,"EUMA",0,"SM2","Creston_NE2|2025-06-13"
"1333","Creston_NE2","Creston","NE2","Anabat_Chorus","Anabat_Chorus",2025-06-13,"LABO",1,"SM2","Creston_NE2|2025-06-13"
"1334","Creston_NE2","Creston","NE2","Anabat_Chorus","Anabat_Chorus",2025-06-13,"LACI",4,"SM2","Creston_NE2|2025-06-13"
"1335","Creston_NE2","Creston","NE2","Anabat_Chorus","Anabat_Chorus",2025-06-13,"LANO",15,"SM2","Creston_NE2|2025-06-13"
"1336","Creston_NE2","Creston","NE2","Anabat_Chorus","Anabat_Chorus",2025-06-13,"MYCA",9,"SM2","Creston_NE2|2025-06-13"
"1337","Creston_NE2","Creston","NE2","Anabat_Chorus","Anabat_Chorus",2025-06-13,"MYCI",0,"SM2","Creston_NE2|2025-06-13"
"1338","Creston_NE2","Creston","NE2","Anabat_Chorus","Anabat_Chorus",2025-06-13,"MYEV",0,"SM2","Creston_NE2|2025-06-13"
"1339","Creston_NE2","Creston","NE2","Anabat_Chorus","Anabat_Chorus",2025-06-13,"MYLU",280,"SM2","Creston_NE2|2025-06-13"
"1340","Creston_NE2","Creston","NE2","Anabat_Chorus","Anabat_Chorus",2025-06-13,"MYSE",0,"SM2","Creston_NE2|2025-06-13"
"1341","Creston_NE2","Creston","NE2","Anabat_Chorus","Anabat_Chorus",2025-06-13,"MYTH",5,"SM2","Creston_NE2|2025-06-13"
"1342","Creston_NE2","Creston","NE2","Anabat_Chorus","Anabat_Chorus",2025-06-13,"MYVO",3,"SM2","Creston_NE2|2025-06-13"
"1343","Creston_NE2","Creston","NE2","Anabat_Chorus","Anabat_Chorus",2025-06-13,"MYYU",22,"SM2","Creston_NE2|2025-06-13"
"1344","Creston_NE2","Creston","NE2","Anabat_Chorus","Anabat_Chorus",2025-06-13,"PAHE",0,"SM2","Creston_NE2|2025-06-13"
"1345","Creston_NE2","Creston","NE2","Anabat_Chorus","Anabat_Chorus",2025-06-14,"ANPA",0,"SM2","Creston_NE2|2025-06-14"
"1346","Creston_NE2","Creston","NE2","Anabat_Chorus","Anabat_Chorus",2025-06-14,"COTO",0,"SM2","Creston_NE2|2025-06-14"
"1347","Creston_NE2","Creston","NE2","Anabat_Chorus","Anabat_Chorus",2025-06-14,"EPFU",6,"SM2","Creston_NE2|2025-06-14"
"1348","Creston_NE2","Creston","NE2","Anabat_Chorus","Anabat_Chorus",2025-06-14,"EUMA",0,"SM2","Creston_NE2|2025-06-14"
"1349","Creston_NE2","Creston","NE2","Anabat_Chorus","Anabat_Chorus",2025-06-14,"LABO",0,"SM2","Creston_NE2|2025-06-14"
"1350","Creston_NE2","Creston","NE2","Anabat_Chorus","Anabat_Chorus",2025-06-14,"LACI",10,"SM2","Creston_NE2|2025-06-14"
"1351","Creston_NE2","Creston","NE2","Anabat_Chorus","Anabat_Chorus",2025-06-14,"LANO",6,"SM2","Creston_NE2|2025-06-14"
"1352","Creston_NE2","Creston","NE2","Anabat_Chorus","Anabat_Chorus",2025-06-14,"MYCA",4,"SM2","Creston_NE2|2025-06-14"
"1353","Creston_NE2","Creston","NE2","Anabat_Chorus","Anabat_Chorus",2025-06-14,"MYCI",1,"SM2","Creston_NE2|2025-06-14"
"1354","Creston_NE2","Creston","NE2","Anabat_Chorus","Anabat_Chorus",2025-06-14,"MYEV",3,"SM2","Creston_NE2|2025-06-14"
"1355","Creston_NE2","Creston","NE2","Anabat_Chorus","Anabat_Chorus",2025-06-14,"MYLU",110,"SM2","Creston_NE2|2025-06-14"
"1356","Creston_NE2","Creston","NE2","Anabat_Chorus","Anabat_Chorus",2025-06-14,"MYSE",1,"SM2","Creston_NE2|2025-06-14"
"1357","Creston_NE2","Creston","NE2","Anabat_Chorus","Anabat_Chorus",2025-06-14,"MYTH",0,"SM2","Creston_NE2|2025-06-14"
"1358","Creston_NE2","Creston","NE2","Anabat_Chorus","Anabat_Chorus",2025-06-14,"MYVO",0,"SM2","Creston_NE2|2025-06-14"
"1359","Creston_NE2","Creston","NE2","Anabat_Chorus","Anabat_Chorus",2025-06-14,"MYYU",16,"SM2","Creston_NE2|2025-06-14"
"1360","Creston_NE2","Creston","NE2","Anabat_Chorus","Anabat_Chorus",2025-06-14,"PAHE",0,"SM2","Creston_NE2|2025-06-14"
"1361","Creston_NE2","Creston","NE2","Anabat_Chorus","Anabat_Chorus",2025-06-15,"ANPA",1,"SM2","Creston_NE2|2025-06-15"
"1362","Creston_NE2","Creston","NE2","Anabat_Chorus","Anabat_Chorus",2025-06-15,"COTO",1,"SM2","Creston_NE2|2025-06-15"
"1363","Creston_NE2","Creston","NE2","Anabat_Chorus","Anabat_Chorus",2025-06-15,"EPFU",11,"SM2","Creston_NE2|2025-06-15"
"1364","Creston_NE2","Creston","NE2","Anabat_Chorus","Anabat_Chorus",2025-06-15,"EUMA",0,"SM2","Creston_NE2|2025-06-15"
"1365","Creston_NE2","Creston","NE2","Anabat_Chorus","Anabat_Chorus",2025-06-15,"LABO",0,"SM2","Creston_NE2|2025-06-15"
"1366","Creston_NE2","Creston","NE2","Anabat_Chorus","Anabat_Chorus",2025-06-15,"LACI",2,"SM2","Creston_NE2|2025-06-15"
"1367","Creston_NE2","Creston","NE2","Anabat_Chorus","Anabat_Chorus",2025-06-15,"LANO",6,"SM2","Creston_NE2|2025-06-15"
"1368","Creston_NE2","Creston","NE2","Anabat_Chorus","Anabat_Chorus",2025-06-15,"MYCA",6,"SM2","Creston_NE2|2025-06-15"
"1369","Creston_NE2","Creston","NE2","Anabat_Chorus","Anabat_Chorus",2025-06-15,"MYCI",2,"SM2","Creston_NE2|2025-06-15"
"1370","Creston_NE2","Creston","NE2","Anabat_Chorus","Anabat_Chorus",2025-06-15,"MYEV",1,"SM2","Creston_NE2|2025-06-15"
"1371","Creston_NE2","Creston","NE2","Anabat_Chorus","Anabat_Chorus",2025-06-15,"MYLU",360,"SM2","Creston_NE2|2025-06-15"
"1372","Creston_NE2","Creston","NE2","Anabat_Chorus","Anabat_Chorus",2025-06-15,"MYSE",2,"SM2","Creston_NE2|2025-06-15"
"1373","Creston_NE2","Creston","NE2","Anabat_Chorus","Anabat_Chorus",2025-06-15,"MYTH",2,"SM2","Creston_NE2|2025-06-15"
"1374","Creston_NE2","Creston","NE2","Anabat_Chorus","Anabat_Chorus",2025-06-15,"MYVO",2,"SM2","Creston_NE2|2025-06-15"
"1375","Creston_NE2","Creston","NE2","Anabat_Chorus","Anabat_Chorus",2025-06-15,"MYYU",31,"SM2","Creston_NE2|2025-06-15"
"1376","Creston_NE2","Creston","NE2","Anabat_Chorus","Anabat_Chorus",2025-06-15,"PAHE",0,"SM2","Creston_NE2|2025-06-15"
"1377","Creston_SE1","Creston","SE1","SM2","Other_FS",2025-06-09,"ANPA",0,"SM2","Creston_SE1|2025-06-09"
"1378","Creston_SE1","Creston","SE1","SM2","Other_FS",2025-06-09,"COTO",0,"SM2","Creston_SE1|2025-06-09"
"1379","Creston_SE1","Creston","SE1","SM2","Other_FS",2025-06-09,"EPFU",47,"SM2","Creston_SE1|2025-06-09"
"1380","Creston_SE1","Creston","SE1","SM2","Other_FS",2025-06-09,"EUMA",0,"SM2","Creston_SE1|2025-06-09"
"1381","Creston_SE1","Creston","SE1","SM2","Other_FS",2025-06-09,"LABO",0,"SM2","Creston_SE1|2025-06-09"
"1382","Creston_SE1","Creston","SE1","SM2","Other_FS",2025-06-09,"LACI",23,"SM2","Creston_SE1|2025-06-09"
"1383","Creston_SE1","Creston","SE1","SM2","Other_FS",2025-06-09,"LANO",34,"SM2","Creston_SE1|2025-06-09"
"1384","Creston_SE1","Creston","SE1","SM2","Other_FS",2025-06-09,"MYCA",47,"SM2","Creston_SE1|2025-06-09"
"1385","Creston_SE1","Creston","SE1","SM2","Other_FS",2025-06-09,"MYCI",1,"SM2","Creston_SE1|2025-06-09"
"1386","Creston_SE1","Creston","SE1","SM2","Other_FS",2025-06-09,"MYEV",3,"SM2","Creston_SE1|2025-06-09"
"1387","Creston_SE1","Creston","SE1","SM2","Other_FS",2025-06-09,"MYLU",61,"SM2","Creston_SE1|2025-06-09"
"1388","Creston_SE1","Creston","SE1","SM2","Other_FS",2025-06-09,"MYSE",1,"SM2","Creston_SE1|2025-06-09"
"1389","Creston_SE1","Creston","SE1","SM2","Other_FS",2025-06-09,"MYTH",12,"SM2","Creston_SE1|2025-06-09"
"1390","Creston_SE1","Creston","SE1","SM2","Other_FS",2025-06-09,"MYVO",3,"SM2","Creston_SE1|2025-06-09"
"1391","Creston_SE1","Creston","SE1","SM2","Other_FS",2025-06-09,"MYYU",56,"SM2","Creston_SE1|2025-06-09"
"1392","Creston_SE1","Creston","SE1","SM2","Other_FS",2025-06-09,"PAHE",0,"SM2","Creston_SE1|2025-06-09"
"1393","Creston_SE1","Creston","SE1","SM2","Other_FS",2025-06-10,"ANPA",0,"SM2","Creston_SE1|2025-06-10"
"1394","Creston_SE1","Creston","SE1","SM2","Other_FS",2025-06-10,"COTO",1,"SM2","Creston_SE1|2025-06-10"
"1395","Creston_SE1","Creston","SE1","SM2","Other_FS",2025-06-10,"EPFU",19,"SM2","Creston_SE1|2025-06-10"
"1396","Creston_SE1","Creston","SE1","SM2","Other_FS",2025-06-10,"EUMA",0,"SM2","Creston_SE1|2025-06-10"
"1397","Creston_SE1","Creston","SE1","SM2","Other_FS",2025-06-10,"LABO",0,"SM2","Creston_SE1|2025-06-10"
"1398","Creston_SE1","Creston","SE1","SM2","Other_FS",2025-06-10,"LACI",6,"SM2","Creston_SE1|2025-06-10"
"1399","Creston_SE1","Creston","SE1","SM2","Other_FS",2025-06-10,"LANO",15,"SM2","Creston_SE1|2025-06-10"
"1400","Creston_SE1","Creston","SE1","SM2","Other_FS",2025-06-10,"MYCA",36,"SM2","Creston_SE1|2025-06-10"
"1401","Creston_SE1","Creston","SE1","SM2","Other_FS",2025-06-10,"MYCI",0,"SM2","Creston_SE1|2025-06-10"
"1402","Creston_SE1","Creston","SE1","SM2","Other_FS",2025-06-10,"MYEV",1,"SM2","Creston_SE1|2025-06-10"
"1403","Creston_SE1","Creston","SE1","SM2","Other_FS",2025-06-10,"MYLU",62,"SM2","Creston_SE1|2025-06-10"
"1404","Creston_SE1","Creston","SE1","SM2","Other_FS",2025-06-10,"MYSE",1,"SM2","Creston_SE1|2025-06-10"
"1405","Creston_SE1","Creston","SE1","SM2","Other_FS",2025-06-10,"MYTH",42,"SM2","Creston_SE1|2025-06-10"
"1406","Creston_SE1","Creston","SE1","SM2","Other_FS",2025-06-10,"MYVO",3,"SM2","Creston_SE1|2025-06-10"
"1407","Creston_SE1","Creston","SE1","SM2","Other_FS",2025-06-10,"MYYU",71,"SM2","Creston_SE1|2025-06-10"
"1408","Creston_SE1","Creston","SE1","SM2","Other_FS",2025-06-10,"PAHE",0,"SM2","Creston_SE1|2025-06-10"
"1409","Creston_SE1","Creston","SE1","SM2","Other_FS",2025-06-11,"ANPA",0,"SM2","Creston_SE1|2025-06-11"
"1410","Creston_SE1","Creston","SE1","SM2","Other_FS",2025-06-11,"COTO",1,"SM2","Creston_SE1|2025-06-11"
"1411","Creston_SE1","Creston","SE1","SM2","Other_FS",2025-06-11,"EPFU",12,"SM2","Creston_SE1|2025-06-11"
"1412","Creston_SE1","Creston","SE1","SM2","Other_FS",2025-06-11,"EUMA",0,"SM2","Creston_SE1|2025-06-11"
"1413","Creston_SE1","Creston","SE1","SM2","Other_FS",2025-06-11,"LABO",0,"SM2","Creston_SE1|2025-06-11"
"1414","Creston_SE1","Creston","SE1","SM2","Other_FS",2025-06-11,"LACI",26,"SM2","Creston_SE1|2025-06-11"
"1415","Creston_SE1","Creston","SE1","SM2","Other_FS",2025-06-11,"LANO",6,"SM2","Creston_SE1|2025-06-11"
"1416","Creston_SE1","Creston","SE1","SM2","Other_FS",2025-06-11,"MYCA",38,"SM2","Creston_SE1|2025-06-11"
"1417","Creston_SE1","Creston","SE1","SM2","Other_FS",2025-06-11,"MYCI",1,"SM2","Creston_SE1|2025-06-11"
"1418","Creston_SE1","Creston","SE1","SM2","Other_FS",2025-06-11,"MYEV",1,"SM2","Creston_SE1|2025-06-11"
"1419","Creston_SE1","Creston","SE1","SM2","Other_FS",2025-06-11,"MYLU",65,"SM2","Creston_SE1|2025-06-11"
"1420","Creston_SE1","Creston","SE1","SM2","Other_FS",2025-06-11,"MYSE",1,"SM2","Creston_SE1|2025-06-11"
"1421","Creston_SE1","Creston","SE1","SM2","Other_FS",2025-06-11,"MYTH",5,"SM2","Creston_SE1|2025-06-11"
"1422","Creston_SE1","Creston","SE1","SM2","Other_FS",2025-06-11,"MYVO",2,"SM2","Creston_SE1|2025-06-11"
"1423","Creston_SE1","Creston","SE1","SM2","Other_FS",2025-06-11,"MYYU",56,"SM2","Creston_SE1|2025-06-11"
"1424","Creston_SE1","Creston","SE1","SM2","Other_FS",2025-06-11,"PAHE",0,"SM2","Creston_SE1|2025-06-11"
"1425","Creston_SE1","Creston","SE1","SM2","Other_FS",2025-06-12,"ANPA",0,"SM2","Creston_SE1|2025-06-12"
"1426","Creston_SE1","Creston","SE1","SM2","Other_FS",2025-06-12,"COTO",0,"SM2","Creston_SE1|2025-06-12"
"1427","Creston_SE1","Creston","SE1","SM2","Other_FS",2025-06-12,"EPFU",3,"SM2","Creston_SE1|2025-06-12"
"1428","Creston_SE1","Creston","SE1","SM2","Other_FS",2025-06-12,"EUMA",0,"SM2","Creston_SE1|2025-06-12"
"1429","Creston_SE1","Creston","SE1","SM2","Other_FS",2025-06-12,"LABO",0,"SM2","Creston_SE1|2025-06-12"
"1430","Creston_SE1","Creston","SE1","SM2","Other_FS",2025-06-12,"LACI",7,"SM2","Creston_SE1|2025-06-12"
"1431","Creston_SE1","Creston","SE1","SM2","Other_FS",2025-06-12,"LANO",4,"SM2","Creston_SE1|2025-06-12"
"1432","Creston_SE1","Creston","SE1","SM2","Other_FS",2025-06-12,"MYCA",34,"SM2","Creston_SE1|2025-06-12"
"1433","Creston_SE1","Creston","SE1","SM2","Other_FS",2025-06-12,"MYCI",0,"SM2","Creston_SE1|2025-06-12"
"1434","Creston_SE1","Creston","SE1","SM2","Other_FS",2025-06-12,"MYEV",1,"SM2","Creston_SE1|2025-06-12"
"1435","Creston_SE1","Creston","SE1","SM2","Other_FS",2025-06-12,"MYLU",45,"SM2","Creston_SE1|2025-06-12"
"1436","Creston_SE1","Creston","SE1","SM2","Other_FS",2025-06-12,"MYSE",1,"SM2","Creston_SE1|2025-06-12"
"1437","Creston_SE1","Creston","SE1","SM2","Other_FS",2025-06-12,"MYTH",10,"SM2","Creston_SE1|2025-06-12"
"1438","Creston_SE1","Creston","SE1","SM2","Other_FS",2025-06-12,"MYVO",1,"SM2","Creston_SE1|2025-06-12"
"1439","Creston_SE1","Creston","SE1","SM2","Other_FS",2025-06-12,"MYYU",38,"SM2","Creston_SE1|2025-06-12"
"1440","Creston_SE1","Creston","SE1","SM2","Other_FS",2025-06-12,"PAHE",0,"SM2","Creston_SE1|2025-06-12"
"1441","Creston_SE1","Creston","SE1","SM2","Other_FS",2025-06-13,"ANPA",0,"SM2","Creston_SE1|2025-06-13"
"1442","Creston_SE1","Creston","SE1","SM2","Other_FS",2025-06-13,"COTO",0,"SM2","Creston_SE1|2025-06-13"
"1443","Creston_SE1","Creston","SE1","SM2","Other_FS",2025-06-13,"EPFU",6,"SM2","Creston_SE1|2025-06-13"
"1444","Creston_SE1","Creston","SE1","SM2","Other_FS",2025-06-13,"EUMA",0,"SM2","Creston_SE1|2025-06-13"
"1445","Creston_SE1","Creston","SE1","SM2","Other_FS",2025-06-13,"LABO",0,"SM2","Creston_SE1|2025-06-13"
"1446","Creston_SE1","Creston","SE1","SM2","Other_FS",2025-06-13,"LACI",20,"SM2","Creston_SE1|2025-06-13"
"1447","Creston_SE1","Creston","SE1","SM2","Other_FS",2025-06-13,"LANO",14,"SM2","Creston_SE1|2025-06-13"
"1448","Creston_SE1","Creston","SE1","SM2","Other_FS",2025-06-13,"MYCA",42,"SM2","Creston_SE1|2025-06-13"
"1449","Creston_SE1","Creston","SE1","SM2","Other_FS",2025-06-13,"MYCI",0,"SM2","Creston_SE1|2025-06-13"
"1450","Creston_SE1","Creston","SE1","SM2","Other_FS",2025-06-13,"MYEV",2,"SM2","Creston_SE1|2025-06-13"
"1451","Creston_SE1","Creston","SE1","SM2","Other_FS",2025-06-13,"MYLU",39,"SM2","Creston_SE1|2025-06-13"
"1452","Creston_SE1","Creston","SE1","SM2","Other_FS",2025-06-13,"MYSE",0,"SM2","Creston_SE1|2025-06-13"
"1453","Creston_SE1","Creston","SE1","SM2","Other_FS",2025-06-13,"MYTH",2,"SM2","Creston_SE1|2025-06-13"
"1454","Creston_SE1","Creston","SE1","SM2","Other_FS",2025-06-13,"MYVO",3,"SM2","Creston_SE1|2025-06-13"
"1455","Creston_SE1","Creston","SE1","SM2","Other_FS",2025-06-13,"MYYU",55,"SM2","Creston_SE1|2025-06-13"
"1456","Creston_SE1","Creston","SE1","SM2","Other_FS",2025-06-13,"PAHE",0,"SM2","Creston_SE1|2025-06-13"
"1457","Creston_SE1","Creston","SE1","SM2","Other_FS",2025-06-14,"ANPA",0,"SM2","Creston_SE1|2025-06-14"
"1458","Creston_SE1","Creston","SE1","SM2","Other_FS",2025-06-14,"COTO",0,"SM2","Creston_SE1|2025-06-14"
"1459","Creston_SE1","Creston","SE1","SM2","Other_FS",2025-06-14,"EPFU",11,"SM2","Creston_SE1|2025-06-14"
"1460","Creston_SE1","Creston","SE1","SM2","Other_FS",2025-06-14,"EUMA",0,"SM2","Creston_SE1|2025-06-14"
"1461","Creston_SE1","Creston","SE1","SM2","Other_FS",2025-06-14,"LABO",0,"SM2","Creston_SE1|2025-06-14"
"1462","Creston_SE1","Creston","SE1","SM2","Other_FS",2025-06-14,"LACI",5,"SM2","Creston_SE1|2025-06-14"
"1463","Creston_SE1","Creston","SE1","SM2","Other_FS",2025-06-14,"LANO",7,"SM2","Creston_SE1|2025-06-14"
"1464","Creston_SE1","Creston","SE1","SM2","Other_FS",2025-06-14,"MYCA",35,"SM2","Creston_SE1|2025-06-14"
"1465","Creston_SE1","Creston","SE1","SM2","Other_FS",2025-06-14,"MYCI",1,"SM2","Creston_SE1|2025-06-14"
"1466","Creston_SE1","Creston","SE1","SM2","Other_FS",2025-06-14,"MYEV",2,"SM2","Creston_SE1|2025-06-14"
"1467","Creston_SE1","Creston","SE1","SM2","Other_FS",2025-06-14,"MYLU",37,"SM2","Creston_SE1|2025-06-14"
"1468","Creston_SE1","Creston","SE1","SM2","Other_FS",2025-06-14,"MYSE",0,"SM2","Creston_SE1|2025-06-14"
"1469","Creston_SE1","Creston","SE1","SM2","Other_FS",2025-06-14,"MYTH",3,"SM2","Creston_SE1|2025-06-14"
"1470","Creston_SE1","Creston","SE1","SM2","Other_FS",2025-06-14,"MYVO",0,"SM2","Creston_SE1|2025-06-14"
"1471","Creston_SE1","Creston","SE1","SM2","Other_FS",2025-06-14,"MYYU",33,"SM2","Creston_SE1|2025-06-14"
"1472","Creston_SE1","Creston","SE1","SM2","Other_FS",2025-06-14,"PAHE",0,"SM2","Creston_SE1|2025-06-14"
"1473","Creston_SE1","Creston","SE1","SM2","Other_FS",2025-06-15,"ANPA",0,"SM2","Creston_SE1|2025-06-15"
"1474","Creston_SE1","Creston","SE1","SM2","Other_FS",2025-06-15,"COTO",0,"SM2","Creston_SE1|2025-06-15"
"1475","Creston_SE1","Creston","SE1","SM2","Other_FS",2025-06-15,"EPFU",14,"SM2","Creston_SE1|2025-06-15"
"1476","Creston_SE1","Creston","SE1","SM2","Other_FS",2025-06-15,"EUMA",0,"SM2","Creston_SE1|2025-06-15"
"1477","Creston_SE1","Creston","SE1","SM2","Other_FS",2025-06-15,"LABO",0,"SM2","Creston_SE1|2025-06-15"
"1478","Creston_SE1","Creston","SE1","SM2","Other_FS",2025-06-15,"LACI",6,"SM2","Creston_SE1|2025-06-15"
"1479","Creston_SE1","Creston","SE1","SM2","Other_FS",2025-06-15,"LANO",3,"SM2","Creston_SE1|2025-06-15"
"1480","Creston_SE1","Creston","SE1","SM2","Other_FS",2025-06-15,"MYCA",55,"SM2","Creston_SE1|2025-06-15"
"1481","Creston_SE1","Creston","SE1","SM2","Other_FS",2025-06-15,"MYCI",1,"SM2","Creston_SE1|2025-06-15"
"1482","Creston_SE1","Creston","SE1","SM2","Other_FS",2025-06-15,"MYEV",1,"SM2","Creston_SE1|2025-06-15"
"1483","Creston_SE1","Creston","SE1","SM2","Other_FS",2025-06-15,"MYLU",71,"SM2","Creston_SE1|2025-06-15"
"1484","Creston_SE1","Creston","SE1","SM2","Other_FS",2025-06-15,"MYSE",2,"SM2","Creston_SE1|2025-06-15"
"1485","Creston_SE1","Creston","SE1","SM2","Other_FS",2025-06-15,"MYTH",5,"SM2","Creston_SE1|2025-06-15"
"1486","Creston_SE1","Creston","SE1","SM2","Other_FS",2025-06-15,"MYVO",3,"SM2","Creston_SE1|2025-06-15"
"1487","Creston_SE1","Creston","SE1","SM2","Other_FS",2025-06-15,"MYYU",42,"SM2","Creston_SE1|2025-06-15"
"1488","Creston_SE1","Creston","SE1","SM2","Other_FS",2025-06-15,"PAHE",0,"SM2","Creston_SE1|2025-06-15"
"1489","Creston_SE1","Creston","SE1","Anabat_Chorus","Anabat_Chorus",2025-06-09,"ANPA",3,"SM2","Creston_SE1|2025-06-09"
"1490","Creston_SE1","Creston","SE1","Anabat_Chorus","Anabat_Chorus",2025-06-09,"COTO",1,"SM2","Creston_SE1|2025-06-09"
"1491","Creston_SE1","Creston","SE1","Anabat_Chorus","Anabat_Chorus",2025-06-09,"EPFU",36,"SM2","Creston_SE1|2025-06-09"
"1492","Creston_SE1","Creston","SE1","Anabat_Chorus","Anabat_Chorus",2025-06-09,"EUMA",0,"SM2","Creston_SE1|2025-06-09"
"1493","Creston_SE1","Creston","SE1","Anabat_Chorus","Anabat_Chorus",2025-06-09,"LABO",0,"SM2","Creston_SE1|2025-06-09"
"1494","Creston_SE1","Creston","SE1","Anabat_Chorus","Anabat_Chorus",2025-06-09,"LACI",39,"SM2","Creston_SE1|2025-06-09"
"1495","Creston_SE1","Creston","SE1","Anabat_Chorus","Anabat_Chorus",2025-06-09,"LANO",52,"SM2","Creston_SE1|2025-06-09"
"1496","Creston_SE1","Creston","SE1","Anabat_Chorus","Anabat_Chorus",2025-06-09,"MYCA",50,"SM2","Creston_SE1|2025-06-09"
"1497","Creston_SE1","Creston","SE1","Anabat_Chorus","Anabat_Chorus",2025-06-09,"MYCI",1,"SM2","Creston_SE1|2025-06-09"
"1498","Creston_SE1","Creston","SE1","Anabat_Chorus","Anabat_Chorus",2025-06-09,"MYEV",3,"SM2","Creston_SE1|2025-06-09"
"1499","Creston_SE1","Creston","SE1","Anabat_Chorus","Anabat_Chorus",2025-06-09,"MYLU",63,"SM2","Creston_SE1|2025-06-09"
"1500","Creston_SE1","Creston","SE1","Anabat_Chorus","Anabat_Chorus",2025-06-09,"MYSE",1,"SM2","Creston_SE1|2025-06-09"
"1501","Creston_SE1","Creston","SE1","Anabat_Chorus","Anabat_Chorus",2025-06-09,"MYTH",14,"SM2","Creston_SE1|2025-06-09"
"1502","Creston_SE1","Creston","SE1","Anabat_Chorus","Anabat_Chorus",2025-06-09,"MYVO",4,"SM2","Creston_SE1|2025-06-09"
"1503","Creston_SE1","Creston","SE1","Anabat_Chorus","Anabat_Chorus",2025-06-09,"MYYU",62,"SM2","Creston_SE1|2025-06-09"
"1504","Creston_SE1","Creston","SE1","Anabat_Chorus","Anabat_Chorus",2025-06-09,"PAHE",0,"SM2","Creston_SE1|2025-06-09"
"1505","Creston_SE1","Creston","SE1","Anabat_Chorus","Anabat_Chorus",2025-06-10,"ANPA",0,"SM2","Creston_SE1|2025-06-10"
"1506","Creston_SE1","Creston","SE1","Anabat_Chorus","Anabat_Chorus",2025-06-10,"COTO",0,"SM2","Creston_SE1|2025-06-10"
"1507","Creston_SE1","Creston","SE1","Anabat_Chorus","Anabat_Chorus",2025-06-10,"EPFU",18,"SM2","Creston_SE1|2025-06-10"
"1508","Creston_SE1","Creston","SE1","Anabat_Chorus","Anabat_Chorus",2025-06-10,"EUMA",0,"SM2","Creston_SE1|2025-06-10"
"1509","Creston_SE1","Creston","SE1","Anabat_Chorus","Anabat_Chorus",2025-06-10,"LABO",0,"SM2","Creston_SE1|2025-06-10"
"1510","Creston_SE1","Creston","SE1","Anabat_Chorus","Anabat_Chorus",2025-06-10,"LACI",16,"SM2","Creston_SE1|2025-06-10"
"1511","Creston_SE1","Creston","SE1","Anabat_Chorus","Anabat_Chorus",2025-06-10,"LANO",13,"SM2","Creston_SE1|2025-06-10"
"1512","Creston_SE1","Creston","SE1","Anabat_Chorus","Anabat_Chorus",2025-06-10,"MYCA",41,"SM2","Creston_SE1|2025-06-10"
"1513","Creston_SE1","Creston","SE1","Anabat_Chorus","Anabat_Chorus",2025-06-10,"MYCI",0,"SM2","Creston_SE1|2025-06-10"
"1514","Creston_SE1","Creston","SE1","Anabat_Chorus","Anabat_Chorus",2025-06-10,"MYEV",1,"SM2","Creston_SE1|2025-06-10"
"1515","Creston_SE1","Creston","SE1","Anabat_Chorus","Anabat_Chorus",2025-06-10,"MYLU",73,"SM2","Creston_SE1|2025-06-10"
"1516","Creston_SE1","Creston","SE1","Anabat_Chorus","Anabat_Chorus",2025-06-10,"MYSE",3,"SM2","Creston_SE1|2025-06-10"
"1517","Creston_SE1","Creston","SE1","Anabat_Chorus","Anabat_Chorus",2025-06-10,"MYTH",42,"SM2","Creston_SE1|2025-06-10"
"1518","Creston_SE1","Creston","SE1","Anabat_Chorus","Anabat_Chorus",2025-06-10,"MYVO",2,"SM2","Creston_SE1|2025-06-10"
"1519","Creston_SE1","Creston","SE1","Anabat_Chorus","Anabat_Chorus",2025-06-10,"MYYU",71,"SM2","Creston_SE1|2025-06-10"
"1520","Creston_SE1","Creston","SE1","Anabat_Chorus","Anabat_Chorus",2025-06-10,"PAHE",0,"SM2","Creston_SE1|2025-06-10"
"1521","Creston_SE1","Creston","SE1","Anabat_Chorus","Anabat_Chorus",2025-06-11,"ANPA",0,"SM2","Creston_SE1|2025-06-11"
"1522","Creston_SE1","Creston","SE1","Anabat_Chorus","Anabat_Chorus",2025-06-11,"COTO",2,"SM2","Creston_SE1|2025-06-11"
"1523","Creston_SE1","Creston","SE1","Anabat_Chorus","Anabat_Chorus",2025-06-11,"EPFU",15,"SM2","Creston_SE1|2025-06-11"
"1524","Creston_SE1","Creston","SE1","Anabat_Chorus","Anabat_Chorus",2025-06-11,"EUMA",0,"SM2","Creston_SE1|2025-06-11"
"1525","Creston_SE1","Creston","SE1","Anabat_Chorus","Anabat_Chorus",2025-06-11,"LABO",0,"SM2","Creston_SE1|2025-06-11"
"1526","Creston_SE1","Creston","SE1","Anabat_Chorus","Anabat_Chorus",2025-06-11,"LACI",25,"SM2","Creston_SE1|2025-06-11"
"1527","Creston_SE1","Creston","SE1","Anabat_Chorus","Anabat_Chorus",2025-06-11,"LANO",6,"SM2","Creston_SE1|2025-06-11"
"1528","Creston_SE1","Creston","SE1","Anabat_Chorus","Anabat_Chorus",2025-06-11,"MYCA",42,"SM2","Creston_SE1|2025-06-11"
"1529","Creston_SE1","Creston","SE1","Anabat_Chorus","Anabat_Chorus",2025-06-11,"MYCI",1,"SM2","Creston_SE1|2025-06-11"
"1530","Creston_SE1","Creston","SE1","Anabat_Chorus","Anabat_Chorus",2025-06-11,"MYEV",1,"SM2","Creston_SE1|2025-06-11"
"1531","Creston_SE1","Creston","SE1","Anabat_Chorus","Anabat_Chorus",2025-06-11,"MYLU",54,"SM2","Creston_SE1|2025-06-11"
"1532","Creston_SE1","Creston","SE1","Anabat_Chorus","Anabat_Chorus",2025-06-11,"MYSE",1,"SM2","Creston_SE1|2025-06-11"
"1533","Creston_SE1","Creston","SE1","Anabat_Chorus","Anabat_Chorus",2025-06-11,"MYTH",9,"SM2","Creston_SE1|2025-06-11"
"1534","Creston_SE1","Creston","SE1","Anabat_Chorus","Anabat_Chorus",2025-06-11,"MYVO",6,"SM2","Creston_SE1|2025-06-11"
"1535","Creston_SE1","Creston","SE1","Anabat_Chorus","Anabat_Chorus",2025-06-11,"MYYU",58,"SM2","Creston_SE1|2025-06-11"
"1536","Creston_SE1","Creston","SE1","Anabat_Chorus","Anabat_Chorus",2025-06-11,"PAHE",0,"SM2","Creston_SE1|2025-06-11"
"1537","Creston_SE1","Creston","SE1","Anabat_Chorus","Anabat_Chorus",2025-06-12,"ANPA",0,"SM2","Creston_SE1|2025-06-12"
"1538","Creston_SE1","Creston","SE1","Anabat_Chorus","Anabat_Chorus",2025-06-12,"COTO",0,"SM2","Creston_SE1|2025-06-12"
"1539","Creston_SE1","Creston","SE1","Anabat_Chorus","Anabat_Chorus",2025-06-12,"EPFU",5,"SM2","Creston_SE1|2025-06-12"
"1540","Creston_SE1","Creston","SE1","Anabat_Chorus","Anabat_Chorus",2025-06-12,"EUMA",0,"SM2","Creston_SE1|2025-06-12"
"1541","Creston_SE1","Creston","SE1","Anabat_Chorus","Anabat_Chorus",2025-06-12,"LABO",0,"SM2","Creston_SE1|2025-06-12"
"1542","Creston_SE1","Creston","SE1","Anabat_Chorus","Anabat_Chorus",2025-06-12,"LACI",4,"SM2","Creston_SE1|2025-06-12"
"1543","Creston_SE1","Creston","SE1","Anabat_Chorus","Anabat_Chorus",2025-06-12,"LANO",3,"SM2","Creston_SE1|2025-06-12"
"1544","Creston_SE1","Creston","SE1","Anabat_Chorus","Anabat_Chorus",2025-06-12,"MYCA",32,"SM2","Creston_SE1|2025-06-12"
"1545","Creston_SE1","Creston","SE1","Anabat_Chorus","Anabat_Chorus",2025-06-12,"MYCI",0,"SM2","Creston_SE1|2025-06-12"
"1546","Creston_SE1","Creston","SE1","Anabat_Chorus","Anabat_Chorus",2025-06-12,"MYEV",2,"SM2","Creston_SE1|2025-06-12"
"1547","Creston_SE1","Creston","SE1","Anabat_Chorus","Anabat_Chorus",2025-06-12,"MYLU",38,"SM2","Creston_SE1|2025-06-12"
"1548","Creston_SE1","Creston","SE1","Anabat_Chorus","Anabat_Chorus",2025-06-12,"MYSE",1,"SM2","Creston_SE1|2025-06-12"
"1549","Creston_SE1","Creston","SE1","Anabat_Chorus","Anabat_Chorus",2025-06-12,"MYTH",10,"SM2","Creston_SE1|2025-06-12"
"1550","Creston_SE1","Creston","SE1","Anabat_Chorus","Anabat_Chorus",2025-06-12,"MYVO",3,"SM2","Creston_SE1|2025-06-12"
"1551","Creston_SE1","Creston","SE1","Anabat_Chorus","Anabat_Chorus",2025-06-12,"MYYU",47,"SM2","Creston_SE1|2025-06-12"
"1552","Creston_SE1","Creston","SE1","Anabat_Chorus","Anabat_Chorus",2025-06-12,"PAHE",0,"SM2","Creston_SE1|2025-06-12"
"1553","Creston_SE1","Creston","SE1","Anabat_Chorus","Anabat_Chorus",2025-06-13,"ANPA",0,"SM2","Creston_SE1|2025-06-13"
"1554","Creston_SE1","Creston","SE1","Anabat_Chorus","Anabat_Chorus",2025-06-13,"COTO",0,"SM2","Creston_SE1|2025-06-13"
"1555","Creston_SE1","Creston","SE1","Anabat_Chorus","Anabat_Chorus",2025-06-13,"EPFU",8,"SM2","Creston_SE1|2025-06-13"
"1556","Creston_SE1","Creston","SE1","Anabat_Chorus","Anabat_Chorus",2025-06-13,"EUMA",0,"SM2","Creston_SE1|2025-06-13"
"1557","Creston_SE1","Creston","SE1","Anabat_Chorus","Anabat_Chorus",2025-06-13,"LABO",0,"SM2","Creston_SE1|2025-06-13"
"1558","Creston_SE1","Creston","SE1","Anabat_Chorus","Anabat_Chorus",2025-06-13,"LACI",15,"SM2","Creston_SE1|2025-06-13"
"1559","Creston_SE1","Creston","SE1","Anabat_Chorus","Anabat_Chorus",2025-06-13,"LANO",16,"SM2","Creston_SE1|2025-06-13"
"1560","Creston_SE1","Creston","SE1","Anabat_Chorus","Anabat_Chorus",2025-06-13,"MYCA",44,"SM2","Creston_SE1|2025-06-13"
"1561","Creston_SE1","Creston","SE1","Anabat_Chorus","Anabat_Chorus",2025-06-13,"MYCI",0,"SM2","Creston_SE1|2025-06-13"
"1562","Creston_SE1","Creston","SE1","Anabat_Chorus","Anabat_Chorus",2025-06-13,"MYEV",1,"SM2","Creston_SE1|2025-06-13"
"1563","Creston_SE1","Creston","SE1","Anabat_Chorus","Anabat_Chorus",2025-06-13,"MYLU",37,"SM2","Creston_SE1|2025-06-13"
"1564","Creston_SE1","Creston","SE1","Anabat_Chorus","Anabat_Chorus",2025-06-13,"MYSE",1,"SM2","Creston_SE1|2025-06-13"
"1565","Creston_SE1","Creston","SE1","Anabat_Chorus","Anabat_Chorus",2025-06-13,"MYTH",3,"SM2","Creston_SE1|2025-06-13"
"1566","Creston_SE1","Creston","SE1","Anabat_Chorus","Anabat_Chorus",2025-06-13,"MYVO",3,"SM2","Creston_SE1|2025-06-13"
"1567","Creston_SE1","Creston","SE1","Anabat_Chorus","Anabat_Chorus",2025-06-13,"MYYU",54,"SM2","Creston_SE1|2025-06-13"
"1568","Creston_SE1","Creston","SE1","Anabat_Chorus","Anabat_Chorus",2025-06-13,"PAHE",0,"SM2","Creston_SE1|2025-06-13"
"1569","Creston_SE1","Creston","SE1","Anabat_Chorus","Anabat_Chorus",2025-06-14,"ANPA",0,"SM2","Creston_SE1|2025-06-14"
"1570","Creston_SE1","Creston","SE1","Anabat_Chorus","Anabat_Chorus",2025-06-14,"COTO",0,"SM2","Creston_SE1|2025-06-14"
"1571","Creston_SE1","Creston","SE1","Anabat_Chorus","Anabat_Chorus",2025-06-14,"EPFU",7,"SM2","Creston_SE1|2025-06-14"
"1572","Creston_SE1","Creston","SE1","Anabat_Chorus","Anabat_Chorus",2025-06-14,"EUMA",0,"SM2","Creston_SE1|2025-06-14"
"1573","Creston_SE1","Creston","SE1","Anabat_Chorus","Anabat_Chorus",2025-06-14,"LABO",0,"SM2","Creston_SE1|2025-06-14"
"1574","Creston_SE1","Creston","SE1","Anabat_Chorus","Anabat_Chorus",2025-06-14,"LACI",10,"SM2","Creston_SE1|2025-06-14"
"1575","Creston_SE1","Creston","SE1","Anabat_Chorus","Anabat_Chorus",2025-06-14,"LANO",6,"SM2","Creston_SE1|2025-06-14"
"1576","Creston_SE1","Creston","SE1","Anabat_Chorus","Anabat_Chorus",2025-06-14,"MYCA",43,"SM2","Creston_SE1|2025-06-14"
"1577","Creston_SE1","Creston","SE1","Anabat_Chorus","Anabat_Chorus",2025-06-14,"MYCI",2,"SM2","Creston_SE1|2025-06-14"
"1578","Creston_SE1","Creston","SE1","Anabat_Chorus","Anabat_Chorus",2025-06-14,"MYEV",3,"SM2","Creston_SE1|2025-06-14"
"1579","Creston_SE1","Creston","SE1","Anabat_Chorus","Anabat_Chorus",2025-06-14,"MYLU",39,"SM2","Creston_SE1|2025-06-14"
"1580","Creston_SE1","Creston","SE1","Anabat_Chorus","Anabat_Chorus",2025-06-14,"MYSE",0,"SM2","Creston_SE1|2025-06-14"
"1581","Creston_SE1","Creston","SE1","Anabat_Chorus","Anabat_Chorus",2025-06-14,"MYTH",4,"SM2","Creston_SE1|2025-06-14"
"1582","Creston_SE1","Creston","SE1","Anabat_Chorus","Anabat_Chorus",2025-06-14,"MYVO",2,"SM2","Creston_SE1|2025-06-14"
"1583","Creston_SE1","Creston","SE1","Anabat_Chorus","Anabat_Chorus",2025-06-14,"MYYU",38,"SM2","Creston_SE1|2025-06-14"
"1584","Creston_SE1","Creston","SE1","Anabat_Chorus","Anabat_Chorus",2025-06-14,"PAHE",0,"SM2","Creston_SE1|2025-06-14"
"1585","Creston_SE1","Creston","SE1","Anabat_Chorus","Anabat_Chorus",2025-06-15,"ANPA",0,"SM2","Creston_SE1|2025-06-15"
"1586","Creston_SE1","Creston","SE1","Anabat_Chorus","Anabat_Chorus",2025-06-15,"COTO",1,"SM2","Creston_SE1|2025-06-15"
"1587","Creston_SE1","Creston","SE1","Anabat_Chorus","Anabat_Chorus",2025-06-15,"EPFU",12,"SM2","Creston_SE1|2025-06-15"
"1588","Creston_SE1","Creston","SE1","Anabat_Chorus","Anabat_Chorus",2025-06-15,"EUMA",0,"SM2","Creston_SE1|2025-06-15"
"1589","Creston_SE1","Creston","SE1","Anabat_Chorus","Anabat_Chorus",2025-06-15,"LABO",0,"SM2","Creston_SE1|2025-06-15"
"1590","Creston_SE1","Creston","SE1","Anabat_Chorus","Anabat_Chorus",2025-06-15,"LACI",8,"SM2","Creston_SE1|2025-06-15"
"1591","Creston_SE1","Creston","SE1","Anabat_Chorus","Anabat_Chorus",2025-06-15,"LANO",3,"SM2","Creston_SE1|2025-06-15"
"1592","Creston_SE1","Creston","SE1","Anabat_Chorus","Anabat_Chorus",2025-06-15,"MYCA",64,"SM2","Creston_SE1|2025-06-15"
"1593","Creston_SE1","Creston","SE1","Anabat_Chorus","Anabat_Chorus",2025-06-15,"MYCI",0,"SM2","Creston_SE1|2025-06-15"
"1594","Creston_SE1","Creston","SE1","Anabat_Chorus","Anabat_Chorus",2025-06-15,"MYEV",1,"SM2","Creston_SE1|2025-06-15"
"1595","Creston_SE1","Creston","SE1","Anabat_Chorus","Anabat_Chorus",2025-06-15,"MYLU",69,"SM2","Creston_SE1|2025-06-15"
"1596","Creston_SE1","Creston","SE1","Anabat_Chorus","Anabat_Chorus",2025-06-15,"MYSE",4,"SM2","Creston_SE1|2025-06-15"
"1597","Creston_SE1","Creston","SE1","Anabat_Chorus","Anabat_Chorus",2025-06-15,"MYTH",10,"SM2","Creston_SE1|2025-06-15"
"1598","Creston_SE1","Creston","SE1","Anabat_Chorus","Anabat_Chorus",2025-06-15,"MYVO",3,"SM2","Creston_SE1|2025-06-15"
"1599","Creston_SE1","Creston","SE1","Anabat_Chorus","Anabat_Chorus",2025-06-15,"MYYU",46,"SM2","Creston_SE1|2025-06-15"
"1600","Creston_SE1","Creston","SE1","Anabat_Chorus","Anabat_Chorus",2025-06-15,"PAHE",0,"SM2","Creston_SE1|2025-06-15"
"1601","Creston_SE2","Creston","SE2","SM2","Other_FS",2025-06-09,"ANPA",0,"SM2","Creston_SE2|2025-06-09"
"1602","Creston_SE2","Creston","SE2","SM2","Other_FS",2025-06-09,"COTO",0,"SM2","Creston_SE2|2025-06-09"
"1603","Creston_SE2","Creston","SE2","SM2","Other_FS",2025-06-09,"EPFU",28,"SM2","Creston_SE2|2025-06-09"
"1604","Creston_SE2","Creston","SE2","SM2","Other_FS",2025-06-09,"EUMA",0,"SM2","Creston_SE2|2025-06-09"
"1605","Creston_SE2","Creston","SE2","SM2","Other_FS",2025-06-09,"LABO",0,"SM2","Creston_SE2|2025-06-09"
"1606","Creston_SE2","Creston","SE2","SM2","Other_FS",2025-06-09,"LACI",5,"SM2","Creston_SE2|2025-06-09"
"1607","Creston_SE2","Creston","SE2","SM2","Other_FS",2025-06-09,"LANO",34,"SM2","Creston_SE2|2025-06-09"
"1608","Creston_SE2","Creston","SE2","SM2","Other_FS",2025-06-09,"MYCA",16,"SM2","Creston_SE2|2025-06-09"
"1609","Creston_SE2","Creston","SE2","SM2","Other_FS",2025-06-09,"MYCI",2,"SM2","Creston_SE2|2025-06-09"
"1610","Creston_SE2","Creston","SE2","SM2","Other_FS",2025-06-09,"MYEV",0,"SM2","Creston_SE2|2025-06-09"
"1611","Creston_SE2","Creston","SE2","SM2","Other_FS",2025-06-09,"MYLU",157,"SM2","Creston_SE2|2025-06-09"
"1612","Creston_SE2","Creston","SE2","SM2","Other_FS",2025-06-09,"MYSE",1,"SM2","Creston_SE2|2025-06-09"
"1613","Creston_SE2","Creston","SE2","SM2","Other_FS",2025-06-09,"MYTH",0,"SM2","Creston_SE2|2025-06-09"
"1614","Creston_SE2","Creston","SE2","SM2","Other_FS",2025-06-09,"MYVO",5,"SM2","Creston_SE2|2025-06-09"
"1615","Creston_SE2","Creston","SE2","SM2","Other_FS",2025-06-09,"MYYU",29,"SM2","Creston_SE2|2025-06-09"
"1616","Creston_SE2","Creston","SE2","SM2","Other_FS",2025-06-09,"PAHE",0,"SM2","Creston_SE2|2025-06-09"
"1617","Creston_SE2","Creston","SE2","SM2","Other_FS",2025-06-10,"ANPA",0,"SM2","Creston_SE2|2025-06-10"
"1618","Creston_SE2","Creston","SE2","SM2","Other_FS",2025-06-10,"COTO",0,"SM2","Creston_SE2|2025-06-10"
"1619","Creston_SE2","Creston","SE2","SM2","Other_FS",2025-06-10,"EPFU",65,"SM2","Creston_SE2|2025-06-10"
"1620","Creston_SE2","Creston","SE2","SM2","Other_FS",2025-06-10,"EUMA",0,"SM2","Creston_SE2|2025-06-10"
"1621","Creston_SE2","Creston","SE2","SM2","Other_FS",2025-06-10,"LABO",2,"SM2","Creston_SE2|2025-06-10"
"1622","Creston_SE2","Creston","SE2","SM2","Other_FS",2025-06-10,"LACI",2,"SM2","Creston_SE2|2025-06-10"
"1623","Creston_SE2","Creston","SE2","SM2","Other_FS",2025-06-10,"LANO",30,"SM2","Creston_SE2|2025-06-10"
"1624","Creston_SE2","Creston","SE2","SM2","Other_FS",2025-06-10,"MYCA",9,"SM2","Creston_SE2|2025-06-10"
"1625","Creston_SE2","Creston","SE2","SM2","Other_FS",2025-06-10,"MYCI",1,"SM2","Creston_SE2|2025-06-10"
"1626","Creston_SE2","Creston","SE2","SM2","Other_FS",2025-06-10,"MYEV",1,"SM2","Creston_SE2|2025-06-10"
"1627","Creston_SE2","Creston","SE2","SM2","Other_FS",2025-06-10,"MYLU",158,"SM2","Creston_SE2|2025-06-10"
"1628","Creston_SE2","Creston","SE2","SM2","Other_FS",2025-06-10,"MYSE",2,"SM2","Creston_SE2|2025-06-10"
"1629","Creston_SE2","Creston","SE2","SM2","Other_FS",2025-06-10,"MYTH",0,"SM2","Creston_SE2|2025-06-10"
"1630","Creston_SE2","Creston","SE2","SM2","Other_FS",2025-06-10,"MYVO",3,"SM2","Creston_SE2|2025-06-10"
"1631","Creston_SE2","Creston","SE2","SM2","Other_FS",2025-06-10,"MYYU",27,"SM2","Creston_SE2|2025-06-10"
"1632","Creston_SE2","Creston","SE2","SM2","Other_FS",2025-06-10,"PAHE",0,"SM2","Creston_SE2|2025-06-10"
"1633","Creston_SE2","Creston","SE2","SM2","Other_FS",2025-06-11,"ANPA",0,"SM2","Creston_SE2|2025-06-11"
"1634","Creston_SE2","Creston","SE2","SM2","Other_FS",2025-06-11,"COTO",1,"SM2","Creston_SE2|2025-06-11"
"1635","Creston_SE2","Creston","SE2","SM2","Other_FS",2025-06-11,"EPFU",65,"SM2","Creston_SE2|2025-06-11"
"1636","Creston_SE2","Creston","SE2","SM2","Other_FS",2025-06-11,"EUMA",0,"SM2","Creston_SE2|2025-06-11"
"1637","Creston_SE2","Creston","SE2","SM2","Other_FS",2025-06-11,"LABO",0,"SM2","Creston_SE2|2025-06-11"
"1638","Creston_SE2","Creston","SE2","SM2","Other_FS",2025-06-11,"LACI",2,"SM2","Creston_SE2|2025-06-11"
"1639","Creston_SE2","Creston","SE2","SM2","Other_FS",2025-06-11,"LANO",35,"SM2","Creston_SE2|2025-06-11"
"1640","Creston_SE2","Creston","SE2","SM2","Other_FS",2025-06-11,"MYCA",16,"SM2","Creston_SE2|2025-06-11"
"1641","Creston_SE2","Creston","SE2","SM2","Other_FS",2025-06-11,"MYCI",0,"SM2","Creston_SE2|2025-06-11"
"1642","Creston_SE2","Creston","SE2","SM2","Other_FS",2025-06-11,"MYEV",1,"SM2","Creston_SE2|2025-06-11"
"1643","Creston_SE2","Creston","SE2","SM2","Other_FS",2025-06-11,"MYLU",294,"SM2","Creston_SE2|2025-06-11"
"1644","Creston_SE2","Creston","SE2","SM2","Other_FS",2025-06-11,"MYSE",1,"SM2","Creston_SE2|2025-06-11"
"1645","Creston_SE2","Creston","SE2","SM2","Other_FS",2025-06-11,"MYTH",1,"SM2","Creston_SE2|2025-06-11"
"1646","Creston_SE2","Creston","SE2","SM2","Other_FS",2025-06-11,"MYVO",4,"SM2","Creston_SE2|2025-06-11"
"1647","Creston_SE2","Creston","SE2","SM2","Other_FS",2025-06-11,"MYYU",47,"SM2","Creston_SE2|2025-06-11"
"1648","Creston_SE2","Creston","SE2","SM2","Other_FS",2025-06-11,"PAHE",0,"SM2","Creston_SE2|2025-06-11"
"1649","Creston_SE2","Creston","SE2","SM2","Other_FS",2025-06-12,"ANPA",0,"SM2","Creston_SE2|2025-06-12"
"1650","Creston_SE2","Creston","SE2","SM2","Other_FS",2025-06-12,"COTO",0,"SM2","Creston_SE2|2025-06-12"
"1651","Creston_SE2","Creston","SE2","SM2","Other_FS",2025-06-12,"EPFU",46,"SM2","Creston_SE2|2025-06-12"
"1652","Creston_SE2","Creston","SE2","SM2","Other_FS",2025-06-12,"EUMA",0,"SM2","Creston_SE2|2025-06-12"
"1653","Creston_SE2","Creston","SE2","SM2","Other_FS",2025-06-12,"LABO",1,"SM2","Creston_SE2|2025-06-12"
"1654","Creston_SE2","Creston","SE2","SM2","Other_FS",2025-06-12,"LACI",2,"SM2","Creston_SE2|2025-06-12"
"1655","Creston_SE2","Creston","SE2","SM2","Other_FS",2025-06-12,"LANO",35,"SM2","Creston_SE2|2025-06-12"
"1656","Creston_SE2","Creston","SE2","SM2","Other_FS",2025-06-12,"MYCA",31,"SM2","Creston_SE2|2025-06-12"
"1657","Creston_SE2","Creston","SE2","SM2","Other_FS",2025-06-12,"MYCI",0,"SM2","Creston_SE2|2025-06-12"
"1658","Creston_SE2","Creston","SE2","SM2","Other_FS",2025-06-12,"MYEV",0,"SM2","Creston_SE2|2025-06-12"
"1659","Creston_SE2","Creston","SE2","SM2","Other_FS",2025-06-12,"MYLU",170,"SM2","Creston_SE2|2025-06-12"
"1660","Creston_SE2","Creston","SE2","SM2","Other_FS",2025-06-12,"MYSE",0,"SM2","Creston_SE2|2025-06-12"
"1661","Creston_SE2","Creston","SE2","SM2","Other_FS",2025-06-12,"MYTH",1,"SM2","Creston_SE2|2025-06-12"
"1662","Creston_SE2","Creston","SE2","SM2","Other_FS",2025-06-12,"MYVO",2,"SM2","Creston_SE2|2025-06-12"
"1663","Creston_SE2","Creston","SE2","SM2","Other_FS",2025-06-12,"MYYU",35,"SM2","Creston_SE2|2025-06-12"
"1664","Creston_SE2","Creston","SE2","SM2","Other_FS",2025-06-12,"PAHE",0,"SM2","Creston_SE2|2025-06-12"
"1665","Creston_SE2","Creston","SE2","SM2","Other_FS",2025-06-13,"ANPA",0,"SM2","Creston_SE2|2025-06-13"
"1666","Creston_SE2","Creston","SE2","SM2","Other_FS",2025-06-13,"COTO",0,"SM2","Creston_SE2|2025-06-13"
"1667","Creston_SE2","Creston","SE2","SM2","Other_FS",2025-06-13,"EPFU",27,"SM2","Creston_SE2|2025-06-13"
"1668","Creston_SE2","Creston","SE2","SM2","Other_FS",2025-06-13,"EUMA",0,"SM2","Creston_SE2|2025-06-13"
"1669","Creston_SE2","Creston","SE2","SM2","Other_FS",2025-06-13,"LABO",0,"SM2","Creston_SE2|2025-06-13"
"1670","Creston_SE2","Creston","SE2","SM2","Other_FS",2025-06-13,"LACI",5,"SM2","Creston_SE2|2025-06-13"
"1671","Creston_SE2","Creston","SE2","SM2","Other_FS",2025-06-13,"LANO",33,"SM2","Creston_SE2|2025-06-13"
"1672","Creston_SE2","Creston","SE2","SM2","Other_FS",2025-06-13,"MYCA",25,"SM2","Creston_SE2|2025-06-13"
"1673","Creston_SE2","Creston","SE2","SM2","Other_FS",2025-06-13,"MYCI",2,"SM2","Creston_SE2|2025-06-13"
"1674","Creston_SE2","Creston","SE2","SM2","Other_FS",2025-06-13,"MYEV",1,"SM2","Creston_SE2|2025-06-13"
"1675","Creston_SE2","Creston","SE2","SM2","Other_FS",2025-06-13,"MYLU",231,"SM2","Creston_SE2|2025-06-13"
"1676","Creston_SE2","Creston","SE2","SM2","Other_FS",2025-06-13,"MYSE",0,"SM2","Creston_SE2|2025-06-13"
"1677","Creston_SE2","Creston","SE2","SM2","Other_FS",2025-06-13,"MYTH",0,"SM2","Creston_SE2|2025-06-13"
"1678","Creston_SE2","Creston","SE2","SM2","Other_FS",2025-06-13,"MYVO",2,"SM2","Creston_SE2|2025-06-13"
"1679","Creston_SE2","Creston","SE2","SM2","Other_FS",2025-06-13,"MYYU",39,"SM2","Creston_SE2|2025-06-13"
"1680","Creston_SE2","Creston","SE2","SM2","Other_FS",2025-06-13,"PAHE",0,"SM2","Creston_SE2|2025-06-13"
"1681","Creston_SE2","Creston","SE2","SM2","Other_FS",2025-06-14,"ANPA",0,"SM2","Creston_SE2|2025-06-14"
"1682","Creston_SE2","Creston","SE2","SM2","Other_FS",2025-06-14,"COTO",1,"SM2","Creston_SE2|2025-06-14"
"1683","Creston_SE2","Creston","SE2","SM2","Other_FS",2025-06-14,"EPFU",36,"SM2","Creston_SE2|2025-06-14"
"1684","Creston_SE2","Creston","SE2","SM2","Other_FS",2025-06-14,"EUMA",0,"SM2","Creston_SE2|2025-06-14"
"1685","Creston_SE2","Creston","SE2","SM2","Other_FS",2025-06-14,"LABO",0,"SM2","Creston_SE2|2025-06-14"
"1686","Creston_SE2","Creston","SE2","SM2","Other_FS",2025-06-14,"LACI",4,"SM2","Creston_SE2|2025-06-14"
"1687","Creston_SE2","Creston","SE2","SM2","Other_FS",2025-06-14,"LANO",14,"SM2","Creston_SE2|2025-06-14"
"1688","Creston_SE2","Creston","SE2","SM2","Other_FS",2025-06-14,"MYCA",17,"SM2","Creston_SE2|2025-06-14"
"1689","Creston_SE2","Creston","SE2","SM2","Other_FS",2025-06-14,"MYCI",0,"SM2","Creston_SE2|2025-06-14"
"1690","Creston_SE2","Creston","SE2","SM2","Other_FS",2025-06-14,"MYEV",1,"SM2","Creston_SE2|2025-06-14"
"1691","Creston_SE2","Creston","SE2","SM2","Other_FS",2025-06-14,"MYLU",159,"SM2","Creston_SE2|2025-06-14"
"1692","Creston_SE2","Creston","SE2","SM2","Other_FS",2025-06-14,"MYSE",0,"SM2","Creston_SE2|2025-06-14"
"1693","Creston_SE2","Creston","SE2","SM2","Other_FS",2025-06-14,"MYTH",2,"SM2","Creston_SE2|2025-06-14"
"1694","Creston_SE2","Creston","SE2","SM2","Other_FS",2025-06-14,"MYVO",2,"SM2","Creston_SE2|2025-06-14"
"1695","Creston_SE2","Creston","SE2","SM2","Other_FS",2025-06-14,"MYYU",12,"SM2","Creston_SE2|2025-06-14"
"1696","Creston_SE2","Creston","SE2","SM2","Other_FS",2025-06-14,"PAHE",0,"SM2","Creston_SE2|2025-06-14"
"1697","Creston_SE2","Creston","SE2","SM2","Other_FS",2025-06-15,"ANPA",0,"SM2","Creston_SE2|2025-06-15"
"1698","Creston_SE2","Creston","SE2","SM2","Other_FS",2025-06-15,"COTO",1,"SM2","Creston_SE2|2025-06-15"
"1699","Creston_SE2","Creston","SE2","SM2","Other_FS",2025-06-15,"EPFU",26,"SM2","Creston_SE2|2025-06-15"
"1700","Creston_SE2","Creston","SE2","SM2","Other_FS",2025-06-15,"EUMA",0,"SM2","Creston_SE2|2025-06-15"
"1701","Creston_SE2","Creston","SE2","SM2","Other_FS",2025-06-15,"LABO",1,"SM2","Creston_SE2|2025-06-15"
"1702","Creston_SE2","Creston","SE2","SM2","Other_FS",2025-06-15,"LACI",7,"SM2","Creston_SE2|2025-06-15"
"1703","Creston_SE2","Creston","SE2","SM2","Other_FS",2025-06-15,"LANO",11,"SM2","Creston_SE2|2025-06-15"
"1704","Creston_SE2","Creston","SE2","SM2","Other_FS",2025-06-15,"MYCA",12,"SM2","Creston_SE2|2025-06-15"
"1705","Creston_SE2","Creston","SE2","SM2","Other_FS",2025-06-15,"MYCI",0,"SM2","Creston_SE2|2025-06-15"
"1706","Creston_SE2","Creston","SE2","SM2","Other_FS",2025-06-15,"MYEV",1,"SM2","Creston_SE2|2025-06-15"
"1707","Creston_SE2","Creston","SE2","SM2","Other_FS",2025-06-15,"MYLU",152,"SM2","Creston_SE2|2025-06-15"
"1708","Creston_SE2","Creston","SE2","SM2","Other_FS",2025-06-15,"MYSE",0,"SM2","Creston_SE2|2025-06-15"
"1709","Creston_SE2","Creston","SE2","SM2","Other_FS",2025-06-15,"MYTH",1,"SM2","Creston_SE2|2025-06-15"
"1710","Creston_SE2","Creston","SE2","SM2","Other_FS",2025-06-15,"MYVO",3,"SM2","Creston_SE2|2025-06-15"
"1711","Creston_SE2","Creston","SE2","SM2","Other_FS",2025-06-15,"MYYU",9,"SM2","Creston_SE2|2025-06-15"
"1712","Creston_SE2","Creston","SE2","SM2","Other_FS",2025-06-15,"PAHE",0,"SM2","Creston_SE2|2025-06-15"
"1713","Creston_SE2","Creston","SE2","Anabat_Chorus","Anabat_Chorus",2025-06-09,"ANPA",0,"SM2","Creston_SE2|2025-06-09"
"1714","Creston_SE2","Creston","SE2","Anabat_Chorus","Anabat_Chorus",2025-06-09,"COTO",3,"SM2","Creston_SE2|2025-06-09"
"1715","Creston_SE2","Creston","SE2","Anabat_Chorus","Anabat_Chorus",2025-06-09,"EPFU",38,"SM2","Creston_SE2|2025-06-09"
"1716","Creston_SE2","Creston","SE2","Anabat_Chorus","Anabat_Chorus",2025-06-09,"EUMA",0,"SM2","Creston_SE2|2025-06-09"
"1717","Creston_SE2","Creston","SE2","Anabat_Chorus","Anabat_Chorus",2025-06-09,"LABO",0,"SM2","Creston_SE2|2025-06-09"
"1718","Creston_SE2","Creston","SE2","Anabat_Chorus","Anabat_Chorus",2025-06-09,"LACI",24,"SM2","Creston_SE2|2025-06-09"
"1719","Creston_SE2","Creston","SE2","Anabat_Chorus","Anabat_Chorus",2025-06-09,"LANO",30,"SM2","Creston_SE2|2025-06-09"
"1720","Creston_SE2","Creston","SE2","Anabat_Chorus","Anabat_Chorus",2025-06-09,"MYCA",19,"SM2","Creston_SE2|2025-06-09"
"1721","Creston_SE2","Creston","SE2","Anabat_Chorus","Anabat_Chorus",2025-06-09,"MYCI",2,"SM2","Creston_SE2|2025-06-09"
"1722","Creston_SE2","Creston","SE2","Anabat_Chorus","Anabat_Chorus",2025-06-09,"MYEV",2,"SM2","Creston_SE2|2025-06-09"
"1723","Creston_SE2","Creston","SE2","Anabat_Chorus","Anabat_Chorus",2025-06-09,"MYLU",128,"SM2","Creston_SE2|2025-06-09"
"1724","Creston_SE2","Creston","SE2","Anabat_Chorus","Anabat_Chorus",2025-06-09,"MYSE",1,"SM2","Creston_SE2|2025-06-09"
"1725","Creston_SE2","Creston","SE2","Anabat_Chorus","Anabat_Chorus",2025-06-09,"MYTH",1,"SM2","Creston_SE2|2025-06-09"
"1726","Creston_SE2","Creston","SE2","Anabat_Chorus","Anabat_Chorus",2025-06-09,"MYVO",1,"SM2","Creston_SE2|2025-06-09"
"1727","Creston_SE2","Creston","SE2","Anabat_Chorus","Anabat_Chorus",2025-06-09,"MYYU",33,"SM2","Creston_SE2|2025-06-09"
"1728","Creston_SE2","Creston","SE2","Anabat_Chorus","Anabat_Chorus",2025-06-09,"PAHE",0,"SM2","Creston_SE2|2025-06-09"
"1729","Creston_SE2","Creston","SE2","Anabat_Chorus","Anabat_Chorus",2025-06-10,"ANPA",0,"SM2","Creston_SE2|2025-06-10"
"1730","Creston_SE2","Creston","SE2","Anabat_Chorus","Anabat_Chorus",2025-06-10,"COTO",0,"SM2","Creston_SE2|2025-06-10"
"1731","Creston_SE2","Creston","SE2","Anabat_Chorus","Anabat_Chorus",2025-06-10,"EPFU",87,"SM2","Creston_SE2|2025-06-10"
"1732","Creston_SE2","Creston","SE2","Anabat_Chorus","Anabat_Chorus",2025-06-10,"EUMA",0,"SM2","Creston_SE2|2025-06-10"
"1733","Creston_SE2","Creston","SE2","Anabat_Chorus","Anabat_Chorus",2025-06-10,"LABO",1,"SM2","Creston_SE2|2025-06-10"
"1734","Creston_SE2","Creston","SE2","Anabat_Chorus","Anabat_Chorus",2025-06-10,"LACI",3,"SM2","Creston_SE2|2025-06-10"
"1735","Creston_SE2","Creston","SE2","Anabat_Chorus","Anabat_Chorus",2025-06-10,"LANO",24,"SM2","Creston_SE2|2025-06-10"
"1736","Creston_SE2","Creston","SE2","Anabat_Chorus","Anabat_Chorus",2025-06-10,"MYCA",22,"SM2","Creston_SE2|2025-06-10"
"1737","Creston_SE2","Creston","SE2","Anabat_Chorus","Anabat_Chorus",2025-06-10,"MYCI",1,"SM2","Creston_SE2|2025-06-10"
"1738","Creston_SE2","Creston","SE2","Anabat_Chorus","Anabat_Chorus",2025-06-10,"MYEV",2,"SM2","Creston_SE2|2025-06-10"
"1739","Creston_SE2","Creston","SE2","Anabat_Chorus","Anabat_Chorus",2025-06-10,"MYLU",147,"SM2","Creston_SE2|2025-06-10"
"1740","Creston_SE2","Creston","SE2","Anabat_Chorus","Anabat_Chorus",2025-06-10,"MYSE",4,"SM2","Creston_SE2|2025-06-10"
"1741","Creston_SE2","Creston","SE2","Anabat_Chorus","Anabat_Chorus",2025-06-10,"MYTH",0,"SM2","Creston_SE2|2025-06-10"
"1742","Creston_SE2","Creston","SE2","Anabat_Chorus","Anabat_Chorus",2025-06-10,"MYVO",7,"SM2","Creston_SE2|2025-06-10"
"1743","Creston_SE2","Creston","SE2","Anabat_Chorus","Anabat_Chorus",2025-06-10,"MYYU",31,"SM2","Creston_SE2|2025-06-10"
"1744","Creston_SE2","Creston","SE2","Anabat_Chorus","Anabat_Chorus",2025-06-10,"PAHE",0,"SM2","Creston_SE2|2025-06-10"
"1745","Creston_SE2","Creston","SE2","Anabat_Chorus","Anabat_Chorus",2025-06-11,"ANPA",0,"SM2","Creston_SE2|2025-06-11"
"1746","Creston_SE2","Creston","SE2","Anabat_Chorus","Anabat_Chorus",2025-06-11,"COTO",4,"SM2","Creston_SE2|2025-06-11"
"1747","Creston_SE2","Creston","SE2","Anabat_Chorus","Anabat_Chorus",2025-06-11,"EPFU",76,"SM2","Creston_SE2|2025-06-11"
"1748","Creston_SE2","Creston","SE2","Anabat_Chorus","Anabat_Chorus",2025-06-11,"EUMA",0,"SM2","Creston_SE2|2025-06-11"
"1749","Creston_SE2","Creston","SE2","Anabat_Chorus","Anabat_Chorus",2025-06-11,"LABO",0,"SM2","Creston_SE2|2025-06-11"
"1750","Creston_SE2","Creston","SE2","Anabat_Chorus","Anabat_Chorus",2025-06-11,"LACI",9,"SM2","Creston_SE2|2025-06-11"
"1751","Creston_SE2","Creston","SE2","Anabat_Chorus","Anabat_Chorus",2025-06-11,"LANO",52,"SM2","Creston_SE2|2025-06-11"
"1752","Creston_SE2","Creston","SE2","Anabat_Chorus","Anabat_Chorus",2025-06-11,"MYCA",21,"SM2","Creston_SE2|2025-06-11"
"1753","Creston_SE2","Creston","SE2","Anabat_Chorus","Anabat_Chorus",2025-06-11,"MYCI",1,"SM2","Creston_SE2|2025-06-11"
"1754","Creston_SE2","Creston","SE2","Anabat_Chorus","Anabat_Chorus",2025-06-11,"MYEV",1,"SM2","Creston_SE2|2025-06-11"
"1755","Creston_SE2","Creston","SE2","Anabat_Chorus","Anabat_Chorus",2025-06-11,"MYLU",276,"SM2","Creston_SE2|2025-06-11"
"1756","Creston_SE2","Creston","SE2","Anabat_Chorus","Anabat_Chorus",2025-06-11,"MYSE",4,"SM2","Creston_SE2|2025-06-11"
"1757","Creston_SE2","Creston","SE2","Anabat_Chorus","Anabat_Chorus",2025-06-11,"MYTH",1,"SM2","Creston_SE2|2025-06-11"
"1758","Creston_SE2","Creston","SE2","Anabat_Chorus","Anabat_Chorus",2025-06-11,"MYVO",4,"SM2","Creston_SE2|2025-06-11"
"1759","Creston_SE2","Creston","SE2","Anabat_Chorus","Anabat_Chorus",2025-06-11,"MYYU",54,"SM2","Creston_SE2|2025-06-11"
"1760","Creston_SE2","Creston","SE2","Anabat_Chorus","Anabat_Chorus",2025-06-11,"PAHE",0,"SM2","Creston_SE2|2025-06-11"
"1761","Creston_SE2","Creston","SE2","Anabat_Chorus","Anabat_Chorus",2025-06-12,"ANPA",0,"SM2","Creston_SE2|2025-06-12"
"1762","Creston_SE2","Creston","SE2","Anabat_Chorus","Anabat_Chorus",2025-06-12,"COTO",1,"SM2","Creston_SE2|2025-06-12"
"1763","Creston_SE2","Creston","SE2","Anabat_Chorus","Anabat_Chorus",2025-06-12,"EPFU",61,"SM2","Creston_SE2|2025-06-12"
"1764","Creston_SE2","Creston","SE2","Anabat_Chorus","Anabat_Chorus",2025-06-12,"EUMA",0,"SM2","Creston_SE2|2025-06-12"
"1765","Creston_SE2","Creston","SE2","Anabat_Chorus","Anabat_Chorus",2025-06-12,"LABO",1,"SM2","Creston_SE2|2025-06-12"
"1766","Creston_SE2","Creston","SE2","Anabat_Chorus","Anabat_Chorus",2025-06-12,"LACI",11,"SM2","Creston_SE2|2025-06-12"
"1767","Creston_SE2","Creston","SE2","Anabat_Chorus","Anabat_Chorus",2025-06-12,"LANO",50,"SM2","Creston_SE2|2025-06-12"
"1768","Creston_SE2","Creston","SE2","Anabat_Chorus","Anabat_Chorus",2025-06-12,"MYCA",62,"SM2","Creston_SE2|2025-06-12"
"1769","Creston_SE2","Creston","SE2","Anabat_Chorus","Anabat_Chorus",2025-06-12,"MYCI",0,"SM2","Creston_SE2|2025-06-12"
"1770","Creston_SE2","Creston","SE2","Anabat_Chorus","Anabat_Chorus",2025-06-12,"MYEV",1,"SM2","Creston_SE2|2025-06-12"
"1771","Creston_SE2","Creston","SE2","Anabat_Chorus","Anabat_Chorus",2025-06-12,"MYLU",147,"SM2","Creston_SE2|2025-06-12"
"1772","Creston_SE2","Creston","SE2","Anabat_Chorus","Anabat_Chorus",2025-06-12,"MYSE",0,"SM2","Creston_SE2|2025-06-12"
"1773","Creston_SE2","Creston","SE2","Anabat_Chorus","Anabat_Chorus",2025-06-12,"MYTH",1,"SM2","Creston_SE2|2025-06-12"
"1774","Creston_SE2","Creston","SE2","Anabat_Chorus","Anabat_Chorus",2025-06-12,"MYVO",1,"SM2","Creston_SE2|2025-06-12"
"1775","Creston_SE2","Creston","SE2","Anabat_Chorus","Anabat_Chorus",2025-06-12,"MYYU",34,"SM2","Creston_SE2|2025-06-12"
"1776","Creston_SE2","Creston","SE2","Anabat_Chorus","Anabat_Chorus",2025-06-12,"PAHE",0,"SM2","Creston_SE2|2025-06-12"
"1777","Creston_SE2","Creston","SE2","Anabat_Chorus","Anabat_Chorus",2025-06-13,"ANPA",0,"SM2","Creston_SE2|2025-06-13"
"1778","Creston_SE2","Creston","SE2","Anabat_Chorus","Anabat_Chorus",2025-06-13,"COTO",1,"SM2","Creston_SE2|2025-06-13"
"1779","Creston_SE2","Creston","SE2","Anabat_Chorus","Anabat_Chorus",2025-06-13,"EPFU",28,"SM2","Creston_SE2|2025-06-13"
"1780","Creston_SE2","Creston","SE2","Anabat_Chorus","Anabat_Chorus",2025-06-13,"EUMA",0,"SM2","Creston_SE2|2025-06-13"
"1781","Creston_SE2","Creston","SE2","Anabat_Chorus","Anabat_Chorus",2025-06-13,"LABO",1,"SM2","Creston_SE2|2025-06-13"
"1782","Creston_SE2","Creston","SE2","Anabat_Chorus","Anabat_Chorus",2025-06-13,"LACI",50,"SM2","Creston_SE2|2025-06-13"
"1783","Creston_SE2","Creston","SE2","Anabat_Chorus","Anabat_Chorus",2025-06-13,"LANO",36,"SM2","Creston_SE2|2025-06-13"
"1784","Creston_SE2","Creston","SE2","Anabat_Chorus","Anabat_Chorus",2025-06-13,"MYCA",28,"SM2","Creston_SE2|2025-06-13"
"1785","Creston_SE2","Creston","SE2","Anabat_Chorus","Anabat_Chorus",2025-06-13,"MYCI",3,"SM2","Creston_SE2|2025-06-13"
"1786","Creston_SE2","Creston","SE2","Anabat_Chorus","Anabat_Chorus",2025-06-13,"MYEV",1,"SM2","Creston_SE2|2025-06-13"
"1787","Creston_SE2","Creston","SE2","Anabat_Chorus","Anabat_Chorus",2025-06-13,"MYLU",225,"SM2","Creston_SE2|2025-06-13"
"1788","Creston_SE2","Creston","SE2","Anabat_Chorus","Anabat_Chorus",2025-06-13,"MYSE",0,"SM2","Creston_SE2|2025-06-13"
"1789","Creston_SE2","Creston","SE2","Anabat_Chorus","Anabat_Chorus",2025-06-13,"MYTH",0,"SM2","Creston_SE2|2025-06-13"
"1790","Creston_SE2","Creston","SE2","Anabat_Chorus","Anabat_Chorus",2025-06-13,"MYVO",3,"SM2","Creston_SE2|2025-06-13"
"1791","Creston_SE2","Creston","SE2","Anabat_Chorus","Anabat_Chorus",2025-06-13,"MYYU",45,"SM2","Creston_SE2|2025-06-13"
"1792","Creston_SE2","Creston","SE2","Anabat_Chorus","Anabat_Chorus",2025-06-13,"PAHE",0,"SM2","Creston_SE2|2025-06-13"
"1793","Creston_SE2","Creston","SE2","Anabat_Chorus","Anabat_Chorus",2025-06-14,"ANPA",0,"SM2","Creston_SE2|2025-06-14"
"1794","Creston_SE2","Creston","SE2","Anabat_Chorus","Anabat_Chorus",2025-06-14,"COTO",1,"SM2","Creston_SE2|2025-06-14"
"1795","Creston_SE2","Creston","SE2","Anabat_Chorus","Anabat_Chorus",2025-06-14,"EPFU",45,"SM2","Creston_SE2|2025-06-14"
"1796","Creston_SE2","Creston","SE2","Anabat_Chorus","Anabat_Chorus",2025-06-14,"EUMA",0,"SM2","Creston_SE2|2025-06-14"
"1797","Creston_SE2","Creston","SE2","Anabat_Chorus","Anabat_Chorus",2025-06-14,"LABO",0,"SM2","Creston_SE2|2025-06-14"
"1798","Creston_SE2","Creston","SE2","Anabat_Chorus","Anabat_Chorus",2025-06-14,"LACI",16,"SM2","Creston_SE2|2025-06-14"
"1799","Creston_SE2","Creston","SE2","Anabat_Chorus","Anabat_Chorus",2025-06-14,"LANO",13,"SM2","Creston_SE2|2025-06-14"
"1800","Creston_SE2","Creston","SE2","Anabat_Chorus","Anabat_Chorus",2025-06-14,"MYCA",16,"SM2","Creston_SE2|2025-06-14"
"1801","Creston_SE2","Creston","SE2","Anabat_Chorus","Anabat_Chorus",2025-06-14,"MYCI",1,"SM2","Creston_SE2|2025-06-14"
"1802","Creston_SE2","Creston","SE2","Anabat_Chorus","Anabat_Chorus",2025-06-14,"MYEV",1,"SM2","Creston_SE2|2025-06-14"
"1803","Creston_SE2","Creston","SE2","Anabat_Chorus","Anabat_Chorus",2025-06-14,"MYLU",165,"SM2","Creston_SE2|2025-06-14"
"1804","Creston_SE2","Creston","SE2","Anabat_Chorus","Anabat_Chorus",2025-06-14,"MYSE",0,"SM2","Creston_SE2|2025-06-14"
"1805","Creston_SE2","Creston","SE2","Anabat_Chorus","Anabat_Chorus",2025-06-14,"MYTH",7,"SM2","Creston_SE2|2025-06-14"
"1806","Creston_SE2","Creston","SE2","Anabat_Chorus","Anabat_Chorus",2025-06-14,"MYVO",3,"SM2","Creston_SE2|2025-06-14"
"1807","Creston_SE2","Creston","SE2","Anabat_Chorus","Anabat_Chorus",2025-06-14,"MYYU",15,"SM2","Creston_SE2|2025-06-14"
"1808","Creston_SE2","Creston","SE2","Anabat_Chorus","Anabat_Chorus",2025-06-14,"PAHE",0,"SM2","Creston_SE2|2025-06-14"
"1809","Creston_SE2","Creston","SE2","Anabat_Chorus","Anabat_Chorus",2025-06-15,"ANPA",0,"SM2","Creston_SE2|2025-06-15"
"1810","Creston_SE2","Creston","SE2","Anabat_Chorus","Anabat_Chorus",2025-06-15,"COTO",2,"SM2","Creston_SE2|2025-06-15"
"1811","Creston_SE2","Creston","SE2","Anabat_Chorus","Anabat_Chorus",2025-06-15,"EPFU",31,"SM2","Creston_SE2|2025-06-15"
"1812","Creston_SE2","Creston","SE2","Anabat_Chorus","Anabat_Chorus",2025-06-15,"EUMA",0,"SM2","Creston_SE2|2025-06-15"
"1813","Creston_SE2","Creston","SE2","Anabat_Chorus","Anabat_Chorus",2025-06-15,"LABO",1,"SM2","Creston_SE2|2025-06-15"
"1814","Creston_SE2","Creston","SE2","Anabat_Chorus","Anabat_Chorus",2025-06-15,"LACI",9,"SM2","Creston_SE2|2025-06-15"
"1815","Creston_SE2","Creston","SE2","Anabat_Chorus","Anabat_Chorus",2025-06-15,"LANO",11,"SM2","Creston_SE2|2025-06-15"
"1816","Creston_SE2","Creston","SE2","Anabat_Chorus","Anabat_Chorus",2025-06-15,"MYCA",22,"SM2","Creston_SE2|2025-06-15"
"1817","Creston_SE2","Creston","SE2","Anabat_Chorus","Anabat_Chorus",2025-06-15,"MYCI",0,"SM2","Creston_SE2|2025-06-15"
"1818","Creston_SE2","Creston","SE2","Anabat_Chorus","Anabat_Chorus",2025-06-15,"MYEV",1,"SM2","Creston_SE2|2025-06-15"
"1819","Creston_SE2","Creston","SE2","Anabat_Chorus","Anabat_Chorus",2025-06-15,"MYLU",155,"SM2","Creston_SE2|2025-06-15"
"1820","Creston_SE2","Creston","SE2","Anabat_Chorus","Anabat_Chorus",2025-06-15,"MYSE",0,"SM2","Creston_SE2|2025-06-15"
"1821","Creston_SE2","Creston","SE2","Anabat_Chorus","Anabat_Chorus",2025-06-15,"MYTH",1,"SM2","Creston_SE2|2025-06-15"
"1822","Creston_SE2","Creston","SE2","Anabat_Chorus","Anabat_Chorus",2025-06-15,"MYVO",1,"SM2","Creston_SE2|2025-06-15"
"1823","Creston_SE2","Creston","SE2","Anabat_Chorus","Anabat_Chorus",2025-06-15,"MYYU",13,"SM2","Creston_SE2|2025-06-15"
"1824","Creston_SE2","Creston","SE2","Anabat_Chorus","Anabat_Chorus",2025-06-15,"PAHE",0,"SM2","Creston_SE2|2025-06-15"
"1825","Fernie_SE","Fernie","SE","SM2","Other_FS",2025-06-19,"ANPA",0,"SM2","Fernie_SE|2025-06-19"
"1826","Fernie_SE","Fernie","SE","SM2","Other_FS",2025-06-19,"COTO",0,"SM2","Fernie_SE|2025-06-19"
"1827","Fernie_SE","Fernie","SE","SM2","Other_FS",2025-06-19,"EPFU",5,"SM2","Fernie_SE|2025-06-19"
"1828","Fernie_SE","Fernie","SE","SM2","Other_FS",2025-06-19,"EUMA",0,"SM2","Fernie_SE|2025-06-19"
"1829","Fernie_SE","Fernie","SE","SM2","Other_FS",2025-06-19,"LABO",6,"SM2","Fernie_SE|2025-06-19"
"1830","Fernie_SE","Fernie","SE","SM2","Other_FS",2025-06-19,"LACI",5,"SM2","Fernie_SE|2025-06-19"
"1831","Fernie_SE","Fernie","SE","SM2","Other_FS",2025-06-19,"LANO",37,"SM2","Fernie_SE|2025-06-19"
"1832","Fernie_SE","Fernie","SE","SM2","Other_FS",2025-06-19,"MYCA",1,"SM2","Fernie_SE|2025-06-19"
"1833","Fernie_SE","Fernie","SE","SM2","Other_FS",2025-06-19,"MYCI",0,"SM2","Fernie_SE|2025-06-19"
"1834","Fernie_SE","Fernie","SE","SM2","Other_FS",2025-06-19,"MYEV",2,"SM2","Fernie_SE|2025-06-19"
"1835","Fernie_SE","Fernie","SE","SM2","Other_FS",2025-06-19,"MYLU",94,"SM2","Fernie_SE|2025-06-19"
"1836","Fernie_SE","Fernie","SE","SM2","Other_FS",2025-06-19,"MYSE",1,"SM2","Fernie_SE|2025-06-19"
"1837","Fernie_SE","Fernie","SE","SM2","Other_FS",2025-06-19,"MYTH",0,"SM2","Fernie_SE|2025-06-19"
"1838","Fernie_SE","Fernie","SE","SM2","Other_FS",2025-06-19,"MYVO",1,"SM2","Fernie_SE|2025-06-19"
"1839","Fernie_SE","Fernie","SE","SM2","Other_FS",2025-06-19,"MYYU",1,"SM2","Fernie_SE|2025-06-19"
"1840","Fernie_SE","Fernie","SE","SM2","Other_FS",2025-06-19,"PAHE",0,"SM2","Fernie_SE|2025-06-19"
"1841","Fernie_SE","Fernie","SE","SM2","Other_FS",2025-06-23,"ANPA",0,"SM2","Fernie_SE|2025-06-23"
"1842","Fernie_SE","Fernie","SE","SM2","Other_FS",2025-06-23,"COTO",0,"SM2","Fernie_SE|2025-06-23"
"1843","Fernie_SE","Fernie","SE","SM2","Other_FS",2025-06-23,"EPFU",1,"SM2","Fernie_SE|2025-06-23"
"1844","Fernie_SE","Fernie","SE","SM2","Other_FS",2025-06-23,"EUMA",0,"SM2","Fernie_SE|2025-06-23"
"1845","Fernie_SE","Fernie","SE","SM2","Other_FS",2025-06-23,"LABO",0,"SM2","Fernie_SE|2025-06-23"
"1846","Fernie_SE","Fernie","SE","SM2","Other_FS",2025-06-23,"LACI",1,"SM2","Fernie_SE|2025-06-23"
"1847","Fernie_SE","Fernie","SE","SM2","Other_FS",2025-06-23,"LANO",10,"SM2","Fernie_SE|2025-06-23"
"1848","Fernie_SE","Fernie","SE","SM2","Other_FS",2025-06-23,"MYCA",1,"SM2","Fernie_SE|2025-06-23"
"1849","Fernie_SE","Fernie","SE","SM2","Other_FS",2025-06-23,"MYCI",0,"SM2","Fernie_SE|2025-06-23"
"1850","Fernie_SE","Fernie","SE","SM2","Other_FS",2025-06-23,"MYEV",1,"SM2","Fernie_SE|2025-06-23"
"1851","Fernie_SE","Fernie","SE","SM2","Other_FS",2025-06-23,"MYLU",8,"SM2","Fernie_SE|2025-06-23"
"1852","Fernie_SE","Fernie","SE","SM2","Other_FS",2025-06-23,"MYSE",0,"SM2","Fernie_SE|2025-06-23"
"1853","Fernie_SE","Fernie","SE","SM2","Other_FS",2025-06-23,"MYTH",0,"SM2","Fernie_SE|2025-06-23"
"1854","Fernie_SE","Fernie","SE","SM2","Other_FS",2025-06-23,"MYVO",1,"SM2","Fernie_SE|2025-06-23"
"1855","Fernie_SE","Fernie","SE","SM2","Other_FS",2025-06-23,"MYYU",0,"SM2","Fernie_SE|2025-06-23"
"1856","Fernie_SE","Fernie","SE","SM2","Other_FS",2025-06-23,"PAHE",0,"SM2","Fernie_SE|2025-06-23"
"1857","Fernie_SE","Fernie","SE","SM2","Other_FS",2025-06-24,"ANPA",0,"SM2","Fernie_SE|2025-06-24"
"1858","Fernie_SE","Fernie","SE","SM2","Other_FS",2025-06-24,"COTO",1,"SM2","Fernie_SE|2025-06-24"
"1859","Fernie_SE","Fernie","SE","SM2","Other_FS",2025-06-24,"EPFU",1,"SM2","Fernie_SE|2025-06-24"
"1860","Fernie_SE","Fernie","SE","SM2","Other_FS",2025-06-24,"EUMA",0,"SM2","Fernie_SE|2025-06-24"
"1861","Fernie_SE","Fernie","SE","SM2","Other_FS",2025-06-24,"LABO",2,"SM2","Fernie_SE|2025-06-24"
"1862","Fernie_SE","Fernie","SE","SM2","Other_FS",2025-06-24,"LACI",2,"SM2","Fernie_SE|2025-06-24"
"1863","Fernie_SE","Fernie","SE","SM2","Other_FS",2025-06-24,"LANO",12,"SM2","Fernie_SE|2025-06-24"
"1864","Fernie_SE","Fernie","SE","SM2","Other_FS",2025-06-24,"MYCA",1,"SM2","Fernie_SE|2025-06-24"
"1865","Fernie_SE","Fernie","SE","SM2","Other_FS",2025-06-24,"MYCI",0,"SM2","Fernie_SE|2025-06-24"
"1866","Fernie_SE","Fernie","SE","SM2","Other_FS",2025-06-24,"MYEV",0,"SM2","Fernie_SE|2025-06-24"
"1867","Fernie_SE","Fernie","SE","SM2","Other_FS",2025-06-24,"MYLU",39,"SM2","Fernie_SE|2025-06-24"
"1868","Fernie_SE","Fernie","SE","SM2","Other_FS",2025-06-24,"MYSE",1,"SM2","Fernie_SE|2025-06-24"
"1869","Fernie_SE","Fernie","SE","SM2","Other_FS",2025-06-24,"MYTH",0,"SM2","Fernie_SE|2025-06-24"
"1870","Fernie_SE","Fernie","SE","SM2","Other_FS",2025-06-24,"MYVO",0,"SM2","Fernie_SE|2025-06-24"
"1871","Fernie_SE","Fernie","SE","SM2","Other_FS",2025-06-24,"MYYU",1,"SM2","Fernie_SE|2025-06-24"
"1872","Fernie_SE","Fernie","SE","SM2","Other_FS",2025-06-24,"PAHE",0,"SM2","Fernie_SE|2025-06-24"
"1873","Fernie_SE","Fernie","SE","SM2","Other_FS",2025-06-25,"ANPA",0,"SM2","Fernie_SE|2025-06-25"
"1874","Fernie_SE","Fernie","SE","SM2","Other_FS",2025-06-25,"COTO",0,"SM2","Fernie_SE|2025-06-25"
"1875","Fernie_SE","Fernie","SE","SM2","Other_FS",2025-06-25,"EPFU",5,"SM2","Fernie_SE|2025-06-25"
"1876","Fernie_SE","Fernie","SE","SM2","Other_FS",2025-06-25,"EUMA",0,"SM2","Fernie_SE|2025-06-25"
"1877","Fernie_SE","Fernie","SE","SM2","Other_FS",2025-06-25,"LABO",3,"SM2","Fernie_SE|2025-06-25"
"1878","Fernie_SE","Fernie","SE","SM2","Other_FS",2025-06-25,"LACI",4,"SM2","Fernie_SE|2025-06-25"
"1879","Fernie_SE","Fernie","SE","SM2","Other_FS",2025-06-25,"LANO",25,"SM2","Fernie_SE|2025-06-25"
"1880","Fernie_SE","Fernie","SE","SM2","Other_FS",2025-06-25,"MYCA",0,"SM2","Fernie_SE|2025-06-25"
"1881","Fernie_SE","Fernie","SE","SM2","Other_FS",2025-06-25,"MYCI",0,"SM2","Fernie_SE|2025-06-25"
"1882","Fernie_SE","Fernie","SE","SM2","Other_FS",2025-06-25,"MYEV",1,"SM2","Fernie_SE|2025-06-25"
"1883","Fernie_SE","Fernie","SE","SM2","Other_FS",2025-06-25,"MYLU",39,"SM2","Fernie_SE|2025-06-25"
"1884","Fernie_SE","Fernie","SE","SM2","Other_FS",2025-06-25,"MYSE",0,"SM2","Fernie_SE|2025-06-25"
"1885","Fernie_SE","Fernie","SE","SM2","Other_FS",2025-06-25,"MYTH",1,"SM2","Fernie_SE|2025-06-25"
"1886","Fernie_SE","Fernie","SE","SM2","Other_FS",2025-06-25,"MYVO",2,"SM2","Fernie_SE|2025-06-25"
"1887","Fernie_SE","Fernie","SE","SM2","Other_FS",2025-06-25,"MYYU",0,"SM2","Fernie_SE|2025-06-25"
"1888","Fernie_SE","Fernie","SE","SM2","Other_FS",2025-06-25,"PAHE",0,"SM2","Fernie_SE|2025-06-25"
"1889","Fernie_SE","Fernie","SE","Anabat_Chorus","Anabat_Chorus",2025-06-19,"ANPA",0,"SM2","Fernie_SE|2025-06-19"
"1890","Fernie_SE","Fernie","SE","Anabat_Chorus","Anabat_Chorus",2025-06-19,"COTO",0,"SM2","Fernie_SE|2025-06-19"
"1891","Fernie_SE","Fernie","SE","Anabat_Chorus","Anabat_Chorus",2025-06-19,"EPFU",4,"SM2","Fernie_SE|2025-06-19"
"1892","Fernie_SE","Fernie","SE","Anabat_Chorus","Anabat_Chorus",2025-06-19,"EUMA",0,"SM2","Fernie_SE|2025-06-19"
"1893","Fernie_SE","Fernie","SE","Anabat_Chorus","Anabat_Chorus",2025-06-19,"LABO",8,"SM2","Fernie_SE|2025-06-19"
"1894","Fernie_SE","Fernie","SE","Anabat_Chorus","Anabat_Chorus",2025-06-19,"LACI",4,"SM2","Fernie_SE|2025-06-19"
"1895","Fernie_SE","Fernie","SE","Anabat_Chorus","Anabat_Chorus",2025-06-19,"LANO",35,"SM2","Fernie_SE|2025-06-19"
"1896","Fernie_SE","Fernie","SE","Anabat_Chorus","Anabat_Chorus",2025-06-19,"MYCA",2,"SM2","Fernie_SE|2025-06-19"
"1897","Fernie_SE","Fernie","SE","Anabat_Chorus","Anabat_Chorus",2025-06-19,"MYCI",0,"SM2","Fernie_SE|2025-06-19"
"1898","Fernie_SE","Fernie","SE","Anabat_Chorus","Anabat_Chorus",2025-06-19,"MYEV",1,"SM2","Fernie_SE|2025-06-19"
"1899","Fernie_SE","Fernie","SE","Anabat_Chorus","Anabat_Chorus",2025-06-19,"MYLU",110,"SM2","Fernie_SE|2025-06-19"
"1900","Fernie_SE","Fernie","SE","Anabat_Chorus","Anabat_Chorus",2025-06-19,"MYSE",1,"SM2","Fernie_SE|2025-06-19"
"1901","Fernie_SE","Fernie","SE","Anabat_Chorus","Anabat_Chorus",2025-06-19,"MYTH",0,"SM2","Fernie_SE|2025-06-19"
"1902","Fernie_SE","Fernie","SE","Anabat_Chorus","Anabat_Chorus",2025-06-19,"MYVO",3,"SM2","Fernie_SE|2025-06-19"
"1903","Fernie_SE","Fernie","SE","Anabat_Chorus","Anabat_Chorus",2025-06-19,"MYYU",0,"SM2","Fernie_SE|2025-06-19"
"1904","Fernie_SE","Fernie","SE","Anabat_Chorus","Anabat_Chorus",2025-06-19,"PAHE",0,"SM2","Fernie_SE|2025-06-19"
"1905","Fernie_SE","Fernie","SE","Anabat_Chorus","Anabat_Chorus",2025-06-23,"ANPA",0,"SM2","Fernie_SE|2025-06-23"
"1906","Fernie_SE","Fernie","SE","Anabat_Chorus","Anabat_Chorus",2025-06-23,"COTO",0,"SM2","Fernie_SE|2025-06-23"
"1907","Fernie_SE","Fernie","SE","Anabat_Chorus","Anabat_Chorus",2025-06-23,"EPFU",1,"SM2","Fernie_SE|2025-06-23"
"1908","Fernie_SE","Fernie","SE","Anabat_Chorus","Anabat_Chorus",2025-06-23,"EUMA",0,"SM2","Fernie_SE|2025-06-23"
"1909","Fernie_SE","Fernie","SE","Anabat_Chorus","Anabat_Chorus",2025-06-23,"LABO",0,"SM2","Fernie_SE|2025-06-23"
"1910","Fernie_SE","Fernie","SE","Anabat_Chorus","Anabat_Chorus",2025-06-23,"LACI",3,"SM2","Fernie_SE|2025-06-23"
"1911","Fernie_SE","Fernie","SE","Anabat_Chorus","Anabat_Chorus",2025-06-23,"LANO",4,"SM2","Fernie_SE|2025-06-23"
"1912","Fernie_SE","Fernie","SE","Anabat_Chorus","Anabat_Chorus",2025-06-23,"MYCA",0,"SM2","Fernie_SE|2025-06-23"
"1913","Fernie_SE","Fernie","SE","Anabat_Chorus","Anabat_Chorus",2025-06-23,"MYCI",0,"SM2","Fernie_SE|2025-06-23"
"1914","Fernie_SE","Fernie","SE","Anabat_Chorus","Anabat_Chorus",2025-06-23,"MYEV",0,"SM2","Fernie_SE|2025-06-23"
"1915","Fernie_SE","Fernie","SE","Anabat_Chorus","Anabat_Chorus",2025-06-23,"MYLU",14,"SM2","Fernie_SE|2025-06-23"
"1916","Fernie_SE","Fernie","SE","Anabat_Chorus","Anabat_Chorus",2025-06-23,"MYSE",0,"SM2","Fernie_SE|2025-06-23"
"1917","Fernie_SE","Fernie","SE","Anabat_Chorus","Anabat_Chorus",2025-06-23,"MYTH",0,"SM2","Fernie_SE|2025-06-23"
"1918","Fernie_SE","Fernie","SE","Anabat_Chorus","Anabat_Chorus",2025-06-23,"MYVO",0,"SM2","Fernie_SE|2025-06-23"
"1919","Fernie_SE","Fernie","SE","Anabat_Chorus","Anabat_Chorus",2025-06-23,"MYYU",0,"SM2","Fernie_SE|2025-06-23"
"1920","Fernie_SE","Fernie","SE","Anabat_Chorus","Anabat_Chorus",2025-06-23,"PAHE",0,"SM2","Fernie_SE|2025-06-23"
"1921","Fernie_SE","Fernie","SE","Anabat_Chorus","Anabat_Chorus",2025-06-24,"ANPA",0,"SM2","Fernie_SE|2025-06-24"
"1922","Fernie_SE","Fernie","SE","Anabat_Chorus","Anabat_Chorus",2025-06-24,"COTO",0,"SM2","Fernie_SE|2025-06-24"
"1923","Fernie_SE","Fernie","SE","Anabat_Chorus","Anabat_Chorus",2025-06-24,"EPFU",0,"SM2","Fernie_SE|2025-06-24"
"1924","Fernie_SE","Fernie","SE","Anabat_Chorus","Anabat_Chorus",2025-06-24,"EUMA",0,"SM2","Fernie_SE|2025-06-24"
"1925","Fernie_SE","Fernie","SE","Anabat_Chorus","Anabat_Chorus",2025-06-24,"LABO",3,"SM2","Fernie_SE|2025-06-24"
"1926","Fernie_SE","Fernie","SE","Anabat_Chorus","Anabat_Chorus",2025-06-24,"LACI",6,"SM2","Fernie_SE|2025-06-24"
"1927","Fernie_SE","Fernie","SE","Anabat_Chorus","Anabat_Chorus",2025-06-24,"LANO",5,"SM2","Fernie_SE|2025-06-24"
"1928","Fernie_SE","Fernie","SE","Anabat_Chorus","Anabat_Chorus",2025-06-24,"MYCA",0,"SM2","Fernie_SE|2025-06-24"
"1929","Fernie_SE","Fernie","SE","Anabat_Chorus","Anabat_Chorus",2025-06-24,"MYCI",0,"SM2","Fernie_SE|2025-06-24"
"1930","Fernie_SE","Fernie","SE","Anabat_Chorus","Anabat_Chorus",2025-06-24,"MYEV",0,"SM2","Fernie_SE|2025-06-24"
"1931","Fernie_SE","Fernie","SE","Anabat_Chorus","Anabat_Chorus",2025-06-24,"MYLU",50,"SM2","Fernie_SE|2025-06-24"
"1932","Fernie_SE","Fernie","SE","Anabat_Chorus","Anabat_Chorus",2025-06-24,"MYSE",0,"SM2","Fernie_SE|2025-06-24"
"1933","Fernie_SE","Fernie","SE","Anabat_Chorus","Anabat_Chorus",2025-06-24,"MYTH",1,"SM2","Fernie_SE|2025-06-24"
"1934","Fernie_SE","Fernie","SE","Anabat_Chorus","Anabat_Chorus",2025-06-24,"MYVO",0,"SM2","Fernie_SE|2025-06-24"
"1935","Fernie_SE","Fernie","SE","Anabat_Chorus","Anabat_Chorus",2025-06-24,"MYYU",1,"SM2","Fernie_SE|2025-06-24"
"1936","Fernie_SE","Fernie","SE","Anabat_Chorus","Anabat_Chorus",2025-06-24,"PAHE",0,"SM2","Fernie_SE|2025-06-24"
"1937","Fernie_SE","Fernie","SE","Anabat_Chorus","Anabat_Chorus",2025-06-25,"ANPA",0,"SM2","Fernie_SE|2025-06-25"
"1938","Fernie_SE","Fernie","SE","Anabat_Chorus","Anabat_Chorus",2025-06-25,"COTO",0,"SM2","Fernie_SE|2025-06-25"
"1939","Fernie_SE","Fernie","SE","Anabat_Chorus","Anabat_Chorus",2025-06-25,"EPFU",4,"SM2","Fernie_SE|2025-06-25"
"1940","Fernie_SE","Fernie","SE","Anabat_Chorus","Anabat_Chorus",2025-06-25,"EUMA",0,"SM2","Fernie_SE|2025-06-25"
"1941","Fernie_SE","Fernie","SE","Anabat_Chorus","Anabat_Chorus",2025-06-25,"LABO",4,"SM2","Fernie_SE|2025-06-25"
"1942","Fernie_SE","Fernie","SE","Anabat_Chorus","Anabat_Chorus",2025-06-25,"LACI",2,"SM2","Fernie_SE|2025-06-25"
"1943","Fernie_SE","Fernie","SE","Anabat_Chorus","Anabat_Chorus",2025-06-25,"LANO",22,"SM2","Fernie_SE|2025-06-25"
"1944","Fernie_SE","Fernie","SE","Anabat_Chorus","Anabat_Chorus",2025-06-25,"MYCA",0,"SM2","Fernie_SE|2025-06-25"
"1945","Fernie_SE","Fernie","SE","Anabat_Chorus","Anabat_Chorus",2025-06-25,"MYCI",0,"SM2","Fernie_SE|2025-06-25"
"1946","Fernie_SE","Fernie","SE","Anabat_Chorus","Anabat_Chorus",2025-06-25,"MYEV",2,"SM2","Fernie_SE|2025-06-25"
"1947","Fernie_SE","Fernie","SE","Anabat_Chorus","Anabat_Chorus",2025-06-25,"MYLU",53,"SM2","Fernie_SE|2025-06-25"
"1948","Fernie_SE","Fernie","SE","Anabat_Chorus","Anabat_Chorus",2025-06-25,"MYSE",0,"SM2","Fernie_SE|2025-06-25"
"1949","Fernie_SE","Fernie","SE","Anabat_Chorus","Anabat_Chorus",2025-06-25,"MYTH",0,"SM2","Fernie_SE|2025-06-25"
"1950","Fernie_SE","Fernie","SE","Anabat_Chorus","Anabat_Chorus",2025-06-25,"MYVO",1,"SM2","Fernie_SE|2025-06-25"
"1951","Fernie_SE","Fernie","SE","Anabat_Chorus","Anabat_Chorus",2025-06-25,"MYYU",0,"SM2","Fernie_SE|2025-06-25"
"1952","Fernie_SE","Fernie","SE","Anabat_Chorus","Anabat_Chorus",2025-06-25,"PAHE",0,"SM2","Fernie_SE|2025-06-25"
"1953","Kamloops_NE","Kamloops","NE","SM2","Other_FS",2025-06-02,"ANPA",0,"SM2","Kamloops_NE|2025-06-02"
"1954","Kamloops_NE","Kamloops","NE","SM2","Other_FS",2025-06-02,"COTO",2,"SM2","Kamloops_NE|2025-06-02"
"1955","Kamloops_NE","Kamloops","NE","SM2","Other_FS",2025-06-02,"EPFU",1,"SM2","Kamloops_NE|2025-06-02"
"1956","Kamloops_NE","Kamloops","NE","SM2","Other_FS",2025-06-02,"EUMA",0,"SM2","Kamloops_NE|2025-06-02"
"1957","Kamloops_NE","Kamloops","NE","SM2","Other_FS",2025-06-02,"LABO",1,"SM2","Kamloops_NE|2025-06-02"
"1958","Kamloops_NE","Kamloops","NE","SM2","Other_FS",2025-06-02,"LACI",1,"SM2","Kamloops_NE|2025-06-02"
"1959","Kamloops_NE","Kamloops","NE","SM2","Other_FS",2025-06-02,"LANO",30,"SM2","Kamloops_NE|2025-06-02"
"1960","Kamloops_NE","Kamloops","NE","SM2","Other_FS",2025-06-02,"MYCA",2,"SM2","Kamloops_NE|2025-06-02"
"1961","Kamloops_NE","Kamloops","NE","SM2","Other_FS",2025-06-02,"MYCI",6,"SM2","Kamloops_NE|2025-06-02"
"1962","Kamloops_NE","Kamloops","NE","SM2","Other_FS",2025-06-02,"MYEV",1,"SM2","Kamloops_NE|2025-06-02"
"1963","Kamloops_NE","Kamloops","NE","SM2","Other_FS",2025-06-02,"MYLU",0,"SM2","Kamloops_NE|2025-06-02"
"1964","Kamloops_NE","Kamloops","NE","SM2","Other_FS",2025-06-02,"MYSE",0,"SM2","Kamloops_NE|2025-06-02"
"1965","Kamloops_NE","Kamloops","NE","SM2","Other_FS",2025-06-02,"MYTH",4,"SM2","Kamloops_NE|2025-06-02"
"1966","Kamloops_NE","Kamloops","NE","SM2","Other_FS",2025-06-02,"MYVO",0,"SM2","Kamloops_NE|2025-06-02"
"1967","Kamloops_NE","Kamloops","NE","SM2","Other_FS",2025-06-02,"MYYU",0,"SM2","Kamloops_NE|2025-06-02"
"1968","Kamloops_NE","Kamloops","NE","SM2","Other_FS",2025-06-02,"PAHE",0,"SM2","Kamloops_NE|2025-06-02"
"1969","Kamloops_NE","Kamloops","NE","SM2","Other_FS",2025-06-03,"ANPA",0,"SM2","Kamloops_NE|2025-06-03"
"1970","Kamloops_NE","Kamloops","NE","SM2","Other_FS",2025-06-03,"COTO",0,"SM2","Kamloops_NE|2025-06-03"
"1971","Kamloops_NE","Kamloops","NE","SM2","Other_FS",2025-06-03,"EPFU",0,"SM2","Kamloops_NE|2025-06-03"
"1972","Kamloops_NE","Kamloops","NE","SM2","Other_FS",2025-06-03,"EUMA",0,"SM2","Kamloops_NE|2025-06-03"
"1973","Kamloops_NE","Kamloops","NE","SM2","Other_FS",2025-06-03,"LABO",2,"SM2","Kamloops_NE|2025-06-03"
"1974","Kamloops_NE","Kamloops","NE","SM2","Other_FS",2025-06-03,"LACI",1,"SM2","Kamloops_NE|2025-06-03"
"1975","Kamloops_NE","Kamloops","NE","SM2","Other_FS",2025-06-03,"LANO",19,"SM2","Kamloops_NE|2025-06-03"
"1976","Kamloops_NE","Kamloops","NE","SM2","Other_FS",2025-06-03,"MYCA",5,"SM2","Kamloops_NE|2025-06-03"
"1977","Kamloops_NE","Kamloops","NE","SM2","Other_FS",2025-06-03,"MYCI",3,"SM2","Kamloops_NE|2025-06-03"
"1978","Kamloops_NE","Kamloops","NE","SM2","Other_FS",2025-06-03,"MYEV",0,"SM2","Kamloops_NE|2025-06-03"
"1979","Kamloops_NE","Kamloops","NE","SM2","Other_FS",2025-06-03,"MYLU",4,"SM2","Kamloops_NE|2025-06-03"
"1980","Kamloops_NE","Kamloops","NE","SM2","Other_FS",2025-06-03,"MYSE",0,"SM2","Kamloops_NE|2025-06-03"
"1981","Kamloops_NE","Kamloops","NE","SM2","Other_FS",2025-06-03,"MYTH",1,"SM2","Kamloops_NE|2025-06-03"
"1982","Kamloops_NE","Kamloops","NE","SM2","Other_FS",2025-06-03,"MYVO",0,"SM2","Kamloops_NE|2025-06-03"
"1983","Kamloops_NE","Kamloops","NE","SM2","Other_FS",2025-06-03,"MYYU",0,"SM2","Kamloops_NE|2025-06-03"
"1984","Kamloops_NE","Kamloops","NE","SM2","Other_FS",2025-06-03,"PAHE",0,"SM2","Kamloops_NE|2025-06-03"
"1985","Kamloops_NE","Kamloops","NE","SM2","Other_FS",2025-06-04,"ANPA",0,"SM2","Kamloops_NE|2025-06-04"
"1986","Kamloops_NE","Kamloops","NE","SM2","Other_FS",2025-06-04,"COTO",0,"SM2","Kamloops_NE|2025-06-04"
"1987","Kamloops_NE","Kamloops","NE","SM2","Other_FS",2025-06-04,"EPFU",0,"SM2","Kamloops_NE|2025-06-04"
"1988","Kamloops_NE","Kamloops","NE","SM2","Other_FS",2025-06-04,"EUMA",0,"SM2","Kamloops_NE|2025-06-04"
"1989","Kamloops_NE","Kamloops","NE","SM2","Other_FS",2025-06-04,"LABO",1,"SM2","Kamloops_NE|2025-06-04"
"1990","Kamloops_NE","Kamloops","NE","SM2","Other_FS",2025-06-04,"LACI",0,"SM2","Kamloops_NE|2025-06-04"
"1991","Kamloops_NE","Kamloops","NE","SM2","Other_FS",2025-06-04,"LANO",19,"SM2","Kamloops_NE|2025-06-04"
"1992","Kamloops_NE","Kamloops","NE","SM2","Other_FS",2025-06-04,"MYCA",1,"SM2","Kamloops_NE|2025-06-04"
"1993","Kamloops_NE","Kamloops","NE","SM2","Other_FS",2025-06-04,"MYCI",8,"SM2","Kamloops_NE|2025-06-04"
"1994","Kamloops_NE","Kamloops","NE","SM2","Other_FS",2025-06-04,"MYEV",0,"SM2","Kamloops_NE|2025-06-04"
"1995","Kamloops_NE","Kamloops","NE","SM2","Other_FS",2025-06-04,"MYLU",2,"SM2","Kamloops_NE|2025-06-04"
"1996","Kamloops_NE","Kamloops","NE","SM2","Other_FS",2025-06-04,"MYSE",0,"SM2","Kamloops_NE|2025-06-04"
"1997","Kamloops_NE","Kamloops","NE","SM2","Other_FS",2025-06-04,"MYTH",5,"SM2","Kamloops_NE|2025-06-04"
"1998","Kamloops_NE","Kamloops","NE","SM2","Other_FS",2025-06-04,"MYVO",0,"SM2","Kamloops_NE|2025-06-04"
"1999","Kamloops_NE","Kamloops","NE","SM2","Other_FS",2025-06-04,"MYYU",0,"SM2","Kamloops_NE|2025-06-04"
"2000","Kamloops_NE","Kamloops","NE","SM2","Other_FS",2025-06-04,"PAHE",0,"SM2","Kamloops_NE|2025-06-04"
"2001","Kamloops_NE","Kamloops","NE","SM2","Other_FS",2025-06-05,"ANPA",0,"SM2","Kamloops_NE|2025-06-05"
"2002","Kamloops_NE","Kamloops","NE","SM2","Other_FS",2025-06-05,"COTO",0,"SM2","Kamloops_NE|2025-06-05"
"2003","Kamloops_NE","Kamloops","NE","SM2","Other_FS",2025-06-05,"EPFU",10,"SM2","Kamloops_NE|2025-06-05"
"2004","Kamloops_NE","Kamloops","NE","SM2","Other_FS",2025-06-05,"EUMA",3,"SM2","Kamloops_NE|2025-06-05"
"2005","Kamloops_NE","Kamloops","NE","SM2","Other_FS",2025-06-05,"LABO",2,"SM2","Kamloops_NE|2025-06-05"
"2006","Kamloops_NE","Kamloops","NE","SM2","Other_FS",2025-06-05,"LACI",29,"SM2","Kamloops_NE|2025-06-05"
"2007","Kamloops_NE","Kamloops","NE","SM2","Other_FS",2025-06-05,"LANO",69,"SM2","Kamloops_NE|2025-06-05"
"2008","Kamloops_NE","Kamloops","NE","SM2","Other_FS",2025-06-05,"MYCA",2,"SM2","Kamloops_NE|2025-06-05"
"2009","Kamloops_NE","Kamloops","NE","SM2","Other_FS",2025-06-05,"MYCI",57,"SM2","Kamloops_NE|2025-06-05"
"2010","Kamloops_NE","Kamloops","NE","SM2","Other_FS",2025-06-05,"MYEV",0,"SM2","Kamloops_NE|2025-06-05"
"2011","Kamloops_NE","Kamloops","NE","SM2","Other_FS",2025-06-05,"MYLU",10,"SM2","Kamloops_NE|2025-06-05"
"2012","Kamloops_NE","Kamloops","NE","SM2","Other_FS",2025-06-05,"MYSE",0,"SM2","Kamloops_NE|2025-06-05"
"2013","Kamloops_NE","Kamloops","NE","SM2","Other_FS",2025-06-05,"MYTH",1,"SM2","Kamloops_NE|2025-06-05"
"2014","Kamloops_NE","Kamloops","NE","SM2","Other_FS",2025-06-05,"MYVO",0,"SM2","Kamloops_NE|2025-06-05"
"2015","Kamloops_NE","Kamloops","NE","SM2","Other_FS",2025-06-05,"MYYU",0,"SM2","Kamloops_NE|2025-06-05"
"2016","Kamloops_NE","Kamloops","NE","SM2","Other_FS",2025-06-05,"PAHE",0,"SM2","Kamloops_NE|2025-06-05"
"2017","Kamloops_NE","Kamloops","NE","SM2","Other_FS",2025-06-06,"ANPA",0,"SM2","Kamloops_NE|2025-06-06"
"2018","Kamloops_NE","Kamloops","NE","SM2","Other_FS",2025-06-06,"COTO",0,"SM2","Kamloops_NE|2025-06-06"
"2019","Kamloops_NE","Kamloops","NE","SM2","Other_FS",2025-06-06,"EPFU",4,"SM2","Kamloops_NE|2025-06-06"
"2020","Kamloops_NE","Kamloops","NE","SM2","Other_FS",2025-06-06,"EUMA",0,"SM2","Kamloops_NE|2025-06-06"
"2021","Kamloops_NE","Kamloops","NE","SM2","Other_FS",2025-06-06,"LABO",1,"SM2","Kamloops_NE|2025-06-06"
"2022","Kamloops_NE","Kamloops","NE","SM2","Other_FS",2025-06-06,"LACI",14,"SM2","Kamloops_NE|2025-06-06"
"2023","Kamloops_NE","Kamloops","NE","SM2","Other_FS",2025-06-06,"LANO",28,"SM2","Kamloops_NE|2025-06-06"
"2024","Kamloops_NE","Kamloops","NE","SM2","Other_FS",2025-06-06,"MYCA",0,"SM2","Kamloops_NE|2025-06-06"
"2025","Kamloops_NE","Kamloops","NE","SM2","Other_FS",2025-06-06,"MYCI",6,"SM2","Kamloops_NE|2025-06-06"
"2026","Kamloops_NE","Kamloops","NE","SM2","Other_FS",2025-06-06,"MYEV",0,"SM2","Kamloops_NE|2025-06-06"
"2027","Kamloops_NE","Kamloops","NE","SM2","Other_FS",2025-06-06,"MYLU",3,"SM2","Kamloops_NE|2025-06-06"
"2028","Kamloops_NE","Kamloops","NE","SM2","Other_FS",2025-06-06,"MYSE",0,"SM2","Kamloops_NE|2025-06-06"
"2029","Kamloops_NE","Kamloops","NE","SM2","Other_FS",2025-06-06,"MYTH",5,"SM2","Kamloops_NE|2025-06-06"
"2030","Kamloops_NE","Kamloops","NE","SM2","Other_FS",2025-06-06,"MYVO",0,"SM2","Kamloops_NE|2025-06-06"
"2031","Kamloops_NE","Kamloops","NE","SM2","Other_FS",2025-06-06,"MYYU",0,"SM2","Kamloops_NE|2025-06-06"
"2032","Kamloops_NE","Kamloops","NE","SM2","Other_FS",2025-06-06,"PAHE",0,"SM2","Kamloops_NE|2025-06-06"
"2033","Kamloops_NE","Kamloops","NE","SM2","Other_FS",2025-06-07,"ANPA",0,"SM2","Kamloops_NE|2025-06-07"
"2034","Kamloops_NE","Kamloops","NE","SM2","Other_FS",2025-06-07,"COTO",0,"SM2","Kamloops_NE|2025-06-07"
"2035","Kamloops_NE","Kamloops","NE","SM2","Other_FS",2025-06-07,"EPFU",0,"SM2","Kamloops_NE|2025-06-07"
"2036","Kamloops_NE","Kamloops","NE","SM2","Other_FS",2025-06-07,"EUMA",0,"SM2","Kamloops_NE|2025-06-07"
"2037","Kamloops_NE","Kamloops","NE","SM2","Other_FS",2025-06-07,"LABO",2,"SM2","Kamloops_NE|2025-06-07"
"2038","Kamloops_NE","Kamloops","NE","SM2","Other_FS",2025-06-07,"LACI",0,"SM2","Kamloops_NE|2025-06-07"
"2039","Kamloops_NE","Kamloops","NE","SM2","Other_FS",2025-06-07,"LANO",7,"SM2","Kamloops_NE|2025-06-07"
"2040","Kamloops_NE","Kamloops","NE","SM2","Other_FS",2025-06-07,"MYCA",0,"SM2","Kamloops_NE|2025-06-07"
"2041","Kamloops_NE","Kamloops","NE","SM2","Other_FS",2025-06-07,"MYCI",3,"SM2","Kamloops_NE|2025-06-07"
"2042","Kamloops_NE","Kamloops","NE","SM2","Other_FS",2025-06-07,"MYEV",0,"SM2","Kamloops_NE|2025-06-07"
"2043","Kamloops_NE","Kamloops","NE","SM2","Other_FS",2025-06-07,"MYLU",0,"SM2","Kamloops_NE|2025-06-07"
"2044","Kamloops_NE","Kamloops","NE","SM2","Other_FS",2025-06-07,"MYSE",0,"SM2","Kamloops_NE|2025-06-07"
"2045","Kamloops_NE","Kamloops","NE","SM2","Other_FS",2025-06-07,"MYTH",2,"SM2","Kamloops_NE|2025-06-07"
"2046","Kamloops_NE","Kamloops","NE","SM2","Other_FS",2025-06-07,"MYVO",0,"SM2","Kamloops_NE|2025-06-07"
"2047","Kamloops_NE","Kamloops","NE","SM2","Other_FS",2025-06-07,"MYYU",0,"SM2","Kamloops_NE|2025-06-07"
"2048","Kamloops_NE","Kamloops","NE","SM2","Other_FS",2025-06-07,"PAHE",0,"SM2","Kamloops_NE|2025-06-07"
"2049","Kamloops_NE","Kamloops","NE","Anabat_Chorus","Anabat_Chorus",2025-06-02,"ANPA",0,"SM2","Kamloops_NE|2025-06-02"
"2050","Kamloops_NE","Kamloops","NE","Anabat_Chorus","Anabat_Chorus",2025-06-02,"COTO",1,"SM2","Kamloops_NE|2025-06-02"
"2051","Kamloops_NE","Kamloops","NE","Anabat_Chorus","Anabat_Chorus",2025-06-02,"EPFU",1,"SM2","Kamloops_NE|2025-06-02"
"2052","Kamloops_NE","Kamloops","NE","Anabat_Chorus","Anabat_Chorus",2025-06-02,"EUMA",0,"SM2","Kamloops_NE|2025-06-02"
"2053","Kamloops_NE","Kamloops","NE","Anabat_Chorus","Anabat_Chorus",2025-06-02,"LABO",0,"SM2","Kamloops_NE|2025-06-02"
"2054","Kamloops_NE","Kamloops","NE","Anabat_Chorus","Anabat_Chorus",2025-06-02,"LACI",0,"SM2","Kamloops_NE|2025-06-02"
"2055","Kamloops_NE","Kamloops","NE","Anabat_Chorus","Anabat_Chorus",2025-06-02,"LANO",11,"SM2","Kamloops_NE|2025-06-02"
"2056","Kamloops_NE","Kamloops","NE","Anabat_Chorus","Anabat_Chorus",2025-06-02,"MYCA",1,"SM2","Kamloops_NE|2025-06-02"
"2057","Kamloops_NE","Kamloops","NE","Anabat_Chorus","Anabat_Chorus",2025-06-02,"MYCI",0,"SM2","Kamloops_NE|2025-06-02"
"2058","Kamloops_NE","Kamloops","NE","Anabat_Chorus","Anabat_Chorus",2025-06-02,"MYEV",0,"SM2","Kamloops_NE|2025-06-02"
"2059","Kamloops_NE","Kamloops","NE","Anabat_Chorus","Anabat_Chorus",2025-06-02,"MYLU",1,"SM2","Kamloops_NE|2025-06-02"
"2060","Kamloops_NE","Kamloops","NE","Anabat_Chorus","Anabat_Chorus",2025-06-02,"MYSE",0,"SM2","Kamloops_NE|2025-06-02"
"2061","Kamloops_NE","Kamloops","NE","Anabat_Chorus","Anabat_Chorus",2025-06-02,"MYTH",2,"SM2","Kamloops_NE|2025-06-02"
"2062","Kamloops_NE","Kamloops","NE","Anabat_Chorus","Anabat_Chorus",2025-06-02,"MYVO",0,"SM2","Kamloops_NE|2025-06-02"
"2063","Kamloops_NE","Kamloops","NE","Anabat_Chorus","Anabat_Chorus",2025-06-02,"MYYU",0,"SM2","Kamloops_NE|2025-06-02"
"2064","Kamloops_NE","Kamloops","NE","Anabat_Chorus","Anabat_Chorus",2025-06-02,"PAHE",0,"SM2","Kamloops_NE|2025-06-02"
"2065","Kamloops_NE","Kamloops","NE","Anabat_Chorus","Anabat_Chorus",2025-06-03,"ANPA",0,"SM2","Kamloops_NE|2025-06-03"
"2066","Kamloops_NE","Kamloops","NE","Anabat_Chorus","Anabat_Chorus",2025-06-03,"COTO",0,"SM2","Kamloops_NE|2025-06-03"
"2067","Kamloops_NE","Kamloops","NE","Anabat_Chorus","Anabat_Chorus",2025-06-03,"EPFU",0,"SM2","Kamloops_NE|2025-06-03"
"2068","Kamloops_NE","Kamloops","NE","Anabat_Chorus","Anabat_Chorus",2025-06-03,"EUMA",0,"SM2","Kamloops_NE|2025-06-03"
"2069","Kamloops_NE","Kamloops","NE","Anabat_Chorus","Anabat_Chorus",2025-06-03,"LABO",1,"SM2","Kamloops_NE|2025-06-03"
"2070","Kamloops_NE","Kamloops","NE","Anabat_Chorus","Anabat_Chorus",2025-06-03,"LACI",0,"SM2","Kamloops_NE|2025-06-03"
"2071","Kamloops_NE","Kamloops","NE","Anabat_Chorus","Anabat_Chorus",2025-06-03,"LANO",7,"SM2","Kamloops_NE|2025-06-03"
"2072","Kamloops_NE","Kamloops","NE","Anabat_Chorus","Anabat_Chorus",2025-06-03,"MYCA",6,"SM2","Kamloops_NE|2025-06-03"
"2073","Kamloops_NE","Kamloops","NE","Anabat_Chorus","Anabat_Chorus",2025-06-03,"MYCI",1,"SM2","Kamloops_NE|2025-06-03"
"2074","Kamloops_NE","Kamloops","NE","Anabat_Chorus","Anabat_Chorus",2025-06-03,"MYEV",0,"SM2","Kamloops_NE|2025-06-03"
"2075","Kamloops_NE","Kamloops","NE","Anabat_Chorus","Anabat_Chorus",2025-06-03,"MYLU",8,"SM2","Kamloops_NE|2025-06-03"
"2076","Kamloops_NE","Kamloops","NE","Anabat_Chorus","Anabat_Chorus",2025-06-03,"MYSE",0,"SM2","Kamloops_NE|2025-06-03"
"2077","Kamloops_NE","Kamloops","NE","Anabat_Chorus","Anabat_Chorus",2025-06-03,"MYTH",1,"SM2","Kamloops_NE|2025-06-03"
"2078","Kamloops_NE","Kamloops","NE","Anabat_Chorus","Anabat_Chorus",2025-06-03,"MYVO",0,"SM2","Kamloops_NE|2025-06-03"
"2079","Kamloops_NE","Kamloops","NE","Anabat_Chorus","Anabat_Chorus",2025-06-03,"MYYU",0,"SM2","Kamloops_NE|2025-06-03"
"2080","Kamloops_NE","Kamloops","NE","Anabat_Chorus","Anabat_Chorus",2025-06-03,"PAHE",0,"SM2","Kamloops_NE|2025-06-03"
"2081","Kamloops_NE","Kamloops","NE","Anabat_Chorus","Anabat_Chorus",2025-06-04,"ANPA",0,"SM2","Kamloops_NE|2025-06-04"
"2082","Kamloops_NE","Kamloops","NE","Anabat_Chorus","Anabat_Chorus",2025-06-04,"COTO",0,"SM2","Kamloops_NE|2025-06-04"
"2083","Kamloops_NE","Kamloops","NE","Anabat_Chorus","Anabat_Chorus",2025-06-04,"EPFU",1,"SM2","Kamloops_NE|2025-06-04"
"2084","Kamloops_NE","Kamloops","NE","Anabat_Chorus","Anabat_Chorus",2025-06-04,"EUMA",0,"SM2","Kamloops_NE|2025-06-04"
"2085","Kamloops_NE","Kamloops","NE","Anabat_Chorus","Anabat_Chorus",2025-06-04,"LABO",0,"SM2","Kamloops_NE|2025-06-04"
"2086","Kamloops_NE","Kamloops","NE","Anabat_Chorus","Anabat_Chorus",2025-06-04,"LACI",0,"SM2","Kamloops_NE|2025-06-04"
"2087","Kamloops_NE","Kamloops","NE","Anabat_Chorus","Anabat_Chorus",2025-06-04,"LANO",12,"SM2","Kamloops_NE|2025-06-04"
"2088","Kamloops_NE","Kamloops","NE","Anabat_Chorus","Anabat_Chorus",2025-06-04,"MYCA",3,"SM2","Kamloops_NE|2025-06-04"
"2089","Kamloops_NE","Kamloops","NE","Anabat_Chorus","Anabat_Chorus",2025-06-04,"MYCI",6,"SM2","Kamloops_NE|2025-06-04"
"2090","Kamloops_NE","Kamloops","NE","Anabat_Chorus","Anabat_Chorus",2025-06-04,"MYEV",0,"SM2","Kamloops_NE|2025-06-04"
"2091","Kamloops_NE","Kamloops","NE","Anabat_Chorus","Anabat_Chorus",2025-06-04,"MYLU",2,"SM2","Kamloops_NE|2025-06-04"
"2092","Kamloops_NE","Kamloops","NE","Anabat_Chorus","Anabat_Chorus",2025-06-04,"MYSE",0,"SM2","Kamloops_NE|2025-06-04"
"2093","Kamloops_NE","Kamloops","NE","Anabat_Chorus","Anabat_Chorus",2025-06-04,"MYTH",2,"SM2","Kamloops_NE|2025-06-04"
"2094","Kamloops_NE","Kamloops","NE","Anabat_Chorus","Anabat_Chorus",2025-06-04,"MYVO",0,"SM2","Kamloops_NE|2025-06-04"
"2095","Kamloops_NE","Kamloops","NE","Anabat_Chorus","Anabat_Chorus",2025-06-04,"MYYU",0,"SM2","Kamloops_NE|2025-06-04"
"2096","Kamloops_NE","Kamloops","NE","Anabat_Chorus","Anabat_Chorus",2025-06-04,"PAHE",0,"SM2","Kamloops_NE|2025-06-04"
"2097","Kamloops_NE","Kamloops","NE","Anabat_Chorus","Anabat_Chorus",2025-06-05,"ANPA",0,"SM2","Kamloops_NE|2025-06-05"
"2098","Kamloops_NE","Kamloops","NE","Anabat_Chorus","Anabat_Chorus",2025-06-05,"COTO",0,"SM2","Kamloops_NE|2025-06-05"
"2099","Kamloops_NE","Kamloops","NE","Anabat_Chorus","Anabat_Chorus",2025-06-05,"EPFU",12,"SM2","Kamloops_NE|2025-06-05"
"2100","Kamloops_NE","Kamloops","NE","Anabat_Chorus","Anabat_Chorus",2025-06-05,"EUMA",1,"SM2","Kamloops_NE|2025-06-05"
"2101","Kamloops_NE","Kamloops","NE","Anabat_Chorus","Anabat_Chorus",2025-06-05,"LABO",0,"SM2","Kamloops_NE|2025-06-05"
"2102","Kamloops_NE","Kamloops","NE","Anabat_Chorus","Anabat_Chorus",2025-06-05,"LACI",11,"SM2","Kamloops_NE|2025-06-05"
"2103","Kamloops_NE","Kamloops","NE","Anabat_Chorus","Anabat_Chorus",2025-06-05,"LANO",104,"SM2","Kamloops_NE|2025-06-05"
"2104","Kamloops_NE","Kamloops","NE","Anabat_Chorus","Anabat_Chorus",2025-06-05,"MYCA",5,"SM2","Kamloops_NE|2025-06-05"
"2105","Kamloops_NE","Kamloops","NE","Anabat_Chorus","Anabat_Chorus",2025-06-05,"MYCI",52,"SM2","Kamloops_NE|2025-06-05"
"2106","Kamloops_NE","Kamloops","NE","Anabat_Chorus","Anabat_Chorus",2025-06-05,"MYEV",0,"SM2","Kamloops_NE|2025-06-05"
"2107","Kamloops_NE","Kamloops","NE","Anabat_Chorus","Anabat_Chorus",2025-06-05,"MYLU",15,"SM2","Kamloops_NE|2025-06-05"
"2108","Kamloops_NE","Kamloops","NE","Anabat_Chorus","Anabat_Chorus",2025-06-05,"MYSE",0,"SM2","Kamloops_NE|2025-06-05"
"2109","Kamloops_NE","Kamloops","NE","Anabat_Chorus","Anabat_Chorus",2025-06-05,"MYTH",2,"SM2","Kamloops_NE|2025-06-05"
"2110","Kamloops_NE","Kamloops","NE","Anabat_Chorus","Anabat_Chorus",2025-06-05,"MYVO",5,"SM2","Kamloops_NE|2025-06-05"
"2111","Kamloops_NE","Kamloops","NE","Anabat_Chorus","Anabat_Chorus",2025-06-05,"MYYU",0,"SM2","Kamloops_NE|2025-06-05"
"2112","Kamloops_NE","Kamloops","NE","Anabat_Chorus","Anabat_Chorus",2025-06-05,"PAHE",0,"SM2","Kamloops_NE|2025-06-05"
"2113","Kamloops_NE","Kamloops","NE","Anabat_Chorus","Anabat_Chorus",2025-06-06,"ANPA",0,"SM2","Kamloops_NE|2025-06-06"
"2114","Kamloops_NE","Kamloops","NE","Anabat_Chorus","Anabat_Chorus",2025-06-06,"COTO",0,"SM2","Kamloops_NE|2025-06-06"
"2115","Kamloops_NE","Kamloops","NE","Anabat_Chorus","Anabat_Chorus",2025-06-06,"EPFU",0,"SM2","Kamloops_NE|2025-06-06"
"2116","Kamloops_NE","Kamloops","NE","Anabat_Chorus","Anabat_Chorus",2025-06-06,"EUMA",0,"SM2","Kamloops_NE|2025-06-06"
"2117","Kamloops_NE","Kamloops","NE","Anabat_Chorus","Anabat_Chorus",2025-06-06,"LABO",0,"SM2","Kamloops_NE|2025-06-06"
"2118","Kamloops_NE","Kamloops","NE","Anabat_Chorus","Anabat_Chorus",2025-06-06,"LACI",0,"SM2","Kamloops_NE|2025-06-06"
"2119","Kamloops_NE","Kamloops","NE","Anabat_Chorus","Anabat_Chorus",2025-06-06,"LANO",11,"SM2","Kamloops_NE|2025-06-06"
"2120","Kamloops_NE","Kamloops","NE","Anabat_Chorus","Anabat_Chorus",2025-06-06,"MYCA",0,"SM2","Kamloops_NE|2025-06-06"
"2121","Kamloops_NE","Kamloops","NE","Anabat_Chorus","Anabat_Chorus",2025-06-06,"MYCI",2,"SM2","Kamloops_NE|2025-06-06"
"2122","Kamloops_NE","Kamloops","NE","Anabat_Chorus","Anabat_Chorus",2025-06-06,"MYEV",0,"SM2","Kamloops_NE|2025-06-06"
"2123","Kamloops_NE","Kamloops","NE","Anabat_Chorus","Anabat_Chorus",2025-06-06,"MYLU",4,"SM2","Kamloops_NE|2025-06-06"
"2124","Kamloops_NE","Kamloops","NE","Anabat_Chorus","Anabat_Chorus",2025-06-06,"MYSE",0,"SM2","Kamloops_NE|2025-06-06"
"2125","Kamloops_NE","Kamloops","NE","Anabat_Chorus","Anabat_Chorus",2025-06-06,"MYTH",3,"SM2","Kamloops_NE|2025-06-06"
"2126","Kamloops_NE","Kamloops","NE","Anabat_Chorus","Anabat_Chorus",2025-06-06,"MYVO",0,"SM2","Kamloops_NE|2025-06-06"
"2127","Kamloops_NE","Kamloops","NE","Anabat_Chorus","Anabat_Chorus",2025-06-06,"MYYU",0,"SM2","Kamloops_NE|2025-06-06"
"2128","Kamloops_NE","Kamloops","NE","Anabat_Chorus","Anabat_Chorus",2025-06-06,"PAHE",0,"SM2","Kamloops_NE|2025-06-06"
"2129","Kamloops_NE","Kamloops","NE","Anabat_Chorus","Anabat_Chorus",2025-06-07,"ANPA",0,"SM2","Kamloops_NE|2025-06-07"
"2130","Kamloops_NE","Kamloops","NE","Anabat_Chorus","Anabat_Chorus",2025-06-07,"COTO",0,"SM2","Kamloops_NE|2025-06-07"
"2131","Kamloops_NE","Kamloops","NE","Anabat_Chorus","Anabat_Chorus",2025-06-07,"EPFU",2,"SM2","Kamloops_NE|2025-06-07"
"2132","Kamloops_NE","Kamloops","NE","Anabat_Chorus","Anabat_Chorus",2025-06-07,"EUMA",0,"SM2","Kamloops_NE|2025-06-07"
"2133","Kamloops_NE","Kamloops","NE","Anabat_Chorus","Anabat_Chorus",2025-06-07,"LABO",1,"SM2","Kamloops_NE|2025-06-07"
"2134","Kamloops_NE","Kamloops","NE","Anabat_Chorus","Anabat_Chorus",2025-06-07,"LACI",0,"SM2","Kamloops_NE|2025-06-07"
"2135","Kamloops_NE","Kamloops","NE","Anabat_Chorus","Anabat_Chorus",2025-06-07,"LANO",8,"SM2","Kamloops_NE|2025-06-07"
"2136","Kamloops_NE","Kamloops","NE","Anabat_Chorus","Anabat_Chorus",2025-06-07,"MYCA",0,"SM2","Kamloops_NE|2025-06-07"
"2137","Kamloops_NE","Kamloops","NE","Anabat_Chorus","Anabat_Chorus",2025-06-07,"MYCI",1,"SM2","Kamloops_NE|2025-06-07"
"2138","Kamloops_NE","Kamloops","NE","Anabat_Chorus","Anabat_Chorus",2025-06-07,"MYEV",0,"SM2","Kamloops_NE|2025-06-07"
"2139","Kamloops_NE","Kamloops","NE","Anabat_Chorus","Anabat_Chorus",2025-06-07,"MYLU",1,"SM2","Kamloops_NE|2025-06-07"
"2140","Kamloops_NE","Kamloops","NE","Anabat_Chorus","Anabat_Chorus",2025-06-07,"MYSE",0,"SM2","Kamloops_NE|2025-06-07"
"2141","Kamloops_NE","Kamloops","NE","Anabat_Chorus","Anabat_Chorus",2025-06-07,"MYTH",1,"SM2","Kamloops_NE|2025-06-07"
"2142","Kamloops_NE","Kamloops","NE","Anabat_Chorus","Anabat_Chorus",2025-06-07,"MYVO",0,"SM2","Kamloops_NE|2025-06-07"
"2143","Kamloops_NE","Kamloops","NE","Anabat_Chorus","Anabat_Chorus",2025-06-07,"MYYU",0,"SM2","Kamloops_NE|2025-06-07"
"2144","Kamloops_NE","Kamloops","NE","Anabat_Chorus","Anabat_Chorus",2025-06-07,"PAHE",0,"SM2","Kamloops_NE|2025-06-07"
"2145","Kamloops_NW","Kamloops","NW","SM2","Other_FS",2025-06-02,"ANPA",0,"SM2","Kamloops_NW|2025-06-02"
"2146","Kamloops_NW","Kamloops","NW","SM2","Other_FS",2025-06-02,"COTO",0,"SM2","Kamloops_NW|2025-06-02"
"2147","Kamloops_NW","Kamloops","NW","SM2","Other_FS",2025-06-02,"EPFU",0,"SM2","Kamloops_NW|2025-06-02"
"2148","Kamloops_NW","Kamloops","NW","SM2","Other_FS",2025-06-02,"EUMA",0,"SM2","Kamloops_NW|2025-06-02"
"2149","Kamloops_NW","Kamloops","NW","SM2","Other_FS",2025-06-02,"LABO",0,"SM2","Kamloops_NW|2025-06-02"
"2150","Kamloops_NW","Kamloops","NW","SM2","Other_FS",2025-06-02,"LACI",10,"SM2","Kamloops_NW|2025-06-02"
"2151","Kamloops_NW","Kamloops","NW","SM2","Other_FS",2025-06-02,"LANO",3,"SM2","Kamloops_NW|2025-06-02"
"2152","Kamloops_NW","Kamloops","NW","SM2","Other_FS",2025-06-02,"MYCA",0,"SM2","Kamloops_NW|2025-06-02"
"2153","Kamloops_NW","Kamloops","NW","SM2","Other_FS",2025-06-02,"MYCI",0,"SM2","Kamloops_NW|2025-06-02"
"2154","Kamloops_NW","Kamloops","NW","SM2","Other_FS",2025-06-02,"MYEV",0,"SM2","Kamloops_NW|2025-06-02"
"2155","Kamloops_NW","Kamloops","NW","SM2","Other_FS",2025-06-02,"MYLU",0,"SM2","Kamloops_NW|2025-06-02"
"2156","Kamloops_NW","Kamloops","NW","SM2","Other_FS",2025-06-02,"MYSE",0,"SM2","Kamloops_NW|2025-06-02"
"2157","Kamloops_NW","Kamloops","NW","SM2","Other_FS",2025-06-02,"MYTH",0,"SM2","Kamloops_NW|2025-06-02"
"2158","Kamloops_NW","Kamloops","NW","SM2","Other_FS",2025-06-02,"MYVO",0,"SM2","Kamloops_NW|2025-06-02"
"2159","Kamloops_NW","Kamloops","NW","SM2","Other_FS",2025-06-02,"MYYU",1,"SM2","Kamloops_NW|2025-06-02"
"2160","Kamloops_NW","Kamloops","NW","SM2","Other_FS",2025-06-02,"PAHE",0,"SM2","Kamloops_NW|2025-06-02"
"2161","Kamloops_NW","Kamloops","NW","SM2","Other_FS",2025-06-03,"ANPA",0,"SM2","Kamloops_NW|2025-06-03"
"2162","Kamloops_NW","Kamloops","NW","SM2","Other_FS",2025-06-03,"COTO",0,"SM2","Kamloops_NW|2025-06-03"
"2163","Kamloops_NW","Kamloops","NW","SM2","Other_FS",2025-06-03,"EPFU",0,"SM2","Kamloops_NW|2025-06-03"
"2164","Kamloops_NW","Kamloops","NW","SM2","Other_FS",2025-06-03,"EUMA",0,"SM2","Kamloops_NW|2025-06-03"
"2165","Kamloops_NW","Kamloops","NW","SM2","Other_FS",2025-06-03,"LABO",0,"SM2","Kamloops_NW|2025-06-03"
"2166","Kamloops_NW","Kamloops","NW","SM2","Other_FS",2025-06-03,"LACI",8,"SM2","Kamloops_NW|2025-06-03"
"2167","Kamloops_NW","Kamloops","NW","SM2","Other_FS",2025-06-03,"LANO",0,"SM2","Kamloops_NW|2025-06-03"
"2168","Kamloops_NW","Kamloops","NW","SM2","Other_FS",2025-06-03,"MYCA",0,"SM2","Kamloops_NW|2025-06-03"
"2169","Kamloops_NW","Kamloops","NW","SM2","Other_FS",2025-06-03,"MYCI",0,"SM2","Kamloops_NW|2025-06-03"
"2170","Kamloops_NW","Kamloops","NW","SM2","Other_FS",2025-06-03,"MYEV",0,"SM2","Kamloops_NW|2025-06-03"
"2171","Kamloops_NW","Kamloops","NW","SM2","Other_FS",2025-06-03,"MYLU",0,"SM2","Kamloops_NW|2025-06-03"
"2172","Kamloops_NW","Kamloops","NW","SM2","Other_FS",2025-06-03,"MYSE",0,"SM2","Kamloops_NW|2025-06-03"
"2173","Kamloops_NW","Kamloops","NW","SM2","Other_FS",2025-06-03,"MYTH",0,"SM2","Kamloops_NW|2025-06-03"
"2174","Kamloops_NW","Kamloops","NW","SM2","Other_FS",2025-06-03,"MYVO",0,"SM2","Kamloops_NW|2025-06-03"
"2175","Kamloops_NW","Kamloops","NW","SM2","Other_FS",2025-06-03,"MYYU",2,"SM2","Kamloops_NW|2025-06-03"
"2176","Kamloops_NW","Kamloops","NW","SM2","Other_FS",2025-06-03,"PAHE",0,"SM2","Kamloops_NW|2025-06-03"
"2177","Kamloops_NW","Kamloops","NW","SM2","Other_FS",2025-06-04,"ANPA",0,"SM2","Kamloops_NW|2025-06-04"
"2178","Kamloops_NW","Kamloops","NW","SM2","Other_FS",2025-06-04,"COTO",0,"SM2","Kamloops_NW|2025-06-04"
"2179","Kamloops_NW","Kamloops","NW","SM2","Other_FS",2025-06-04,"EPFU",0,"SM2","Kamloops_NW|2025-06-04"
"2180","Kamloops_NW","Kamloops","NW","SM2","Other_FS",2025-06-04,"EUMA",0,"SM2","Kamloops_NW|2025-06-04"
"2181","Kamloops_NW","Kamloops","NW","SM2","Other_FS",2025-06-04,"LABO",7,"SM2","Kamloops_NW|2025-06-04"
"2182","Kamloops_NW","Kamloops","NW","SM2","Other_FS",2025-06-04,"LACI",3,"SM2","Kamloops_NW|2025-06-04"
"2183","Kamloops_NW","Kamloops","NW","SM2","Other_FS",2025-06-04,"LANO",1,"SM2","Kamloops_NW|2025-06-04"
"2184","Kamloops_NW","Kamloops","NW","SM2","Other_FS",2025-06-04,"MYCA",0,"SM2","Kamloops_NW|2025-06-04"
"2185","Kamloops_NW","Kamloops","NW","SM2","Other_FS",2025-06-04,"MYCI",0,"SM2","Kamloops_NW|2025-06-04"
"2186","Kamloops_NW","Kamloops","NW","SM2","Other_FS",2025-06-04,"MYEV",0,"SM2","Kamloops_NW|2025-06-04"
"2187","Kamloops_NW","Kamloops","NW","SM2","Other_FS",2025-06-04,"MYLU",0,"SM2","Kamloops_NW|2025-06-04"
"2188","Kamloops_NW","Kamloops","NW","SM2","Other_FS",2025-06-04,"MYSE",0,"SM2","Kamloops_NW|2025-06-04"
"2189","Kamloops_NW","Kamloops","NW","SM2","Other_FS",2025-06-04,"MYTH",0,"SM2","Kamloops_NW|2025-06-04"
"2190","Kamloops_NW","Kamloops","NW","SM2","Other_FS",2025-06-04,"MYVO",0,"SM2","Kamloops_NW|2025-06-04"
"2191","Kamloops_NW","Kamloops","NW","SM2","Other_FS",2025-06-04,"MYYU",6,"SM2","Kamloops_NW|2025-06-04"
"2192","Kamloops_NW","Kamloops","NW","SM2","Other_FS",2025-06-04,"PAHE",0,"SM2","Kamloops_NW|2025-06-04"
"2193","Kamloops_NW","Kamloops","NW","SM2","Other_FS",2025-06-05,"ANPA",0,"SM2","Kamloops_NW|2025-06-05"
"2194","Kamloops_NW","Kamloops","NW","SM2","Other_FS",2025-06-05,"COTO",0,"SM2","Kamloops_NW|2025-06-05"
"2195","Kamloops_NW","Kamloops","NW","SM2","Other_FS",2025-06-05,"EPFU",1,"SM2","Kamloops_NW|2025-06-05"
"2196","Kamloops_NW","Kamloops","NW","SM2","Other_FS",2025-06-05,"EUMA",0,"SM2","Kamloops_NW|2025-06-05"
"2197","Kamloops_NW","Kamloops","NW","SM2","Other_FS",2025-06-05,"LABO",11,"SM2","Kamloops_NW|2025-06-05"
"2198","Kamloops_NW","Kamloops","NW","SM2","Other_FS",2025-06-05,"LACI",1,"SM2","Kamloops_NW|2025-06-05"
"2199","Kamloops_NW","Kamloops","NW","SM2","Other_FS",2025-06-05,"LANO",3,"SM2","Kamloops_NW|2025-06-05"
"2200","Kamloops_NW","Kamloops","NW","SM2","Other_FS",2025-06-05,"MYCA",7,"SM2","Kamloops_NW|2025-06-05"
"2201","Kamloops_NW","Kamloops","NW","SM2","Other_FS",2025-06-05,"MYCI",0,"SM2","Kamloops_NW|2025-06-05"
"2202","Kamloops_NW","Kamloops","NW","SM2","Other_FS",2025-06-05,"MYEV",0,"SM2","Kamloops_NW|2025-06-05"
"2203","Kamloops_NW","Kamloops","NW","SM2","Other_FS",2025-06-05,"MYLU",2,"SM2","Kamloops_NW|2025-06-05"
"2204","Kamloops_NW","Kamloops","NW","SM2","Other_FS",2025-06-05,"MYSE",0,"SM2","Kamloops_NW|2025-06-05"
"2205","Kamloops_NW","Kamloops","NW","SM2","Other_FS",2025-06-05,"MYTH",0,"SM2","Kamloops_NW|2025-06-05"
"2206","Kamloops_NW","Kamloops","NW","SM2","Other_FS",2025-06-05,"MYVO",0,"SM2","Kamloops_NW|2025-06-05"
"2207","Kamloops_NW","Kamloops","NW","SM2","Other_FS",2025-06-05,"MYYU",10,"SM2","Kamloops_NW|2025-06-05"
"2208","Kamloops_NW","Kamloops","NW","SM2","Other_FS",2025-06-05,"PAHE",0,"SM2","Kamloops_NW|2025-06-05"
"2209","Kamloops_NW","Kamloops","NW","Anabat_Chorus","Anabat_Chorus",2025-06-02,"ANPA",0,"SM2","Kamloops_NW|2025-06-02"
"2210","Kamloops_NW","Kamloops","NW","Anabat_Chorus","Anabat_Chorus",2025-06-02,"COTO",0,"SM2","Kamloops_NW|2025-06-02"
"2211","Kamloops_NW","Kamloops","NW","Anabat_Chorus","Anabat_Chorus",2025-06-02,"EPFU",1,"SM2","Kamloops_NW|2025-06-02"
"2212","Kamloops_NW","Kamloops","NW","Anabat_Chorus","Anabat_Chorus",2025-06-02,"EUMA",0,"SM2","Kamloops_NW|2025-06-02"
"2213","Kamloops_NW","Kamloops","NW","Anabat_Chorus","Anabat_Chorus",2025-06-02,"LABO",0,"SM2","Kamloops_NW|2025-06-02"
"2214","Kamloops_NW","Kamloops","NW","Anabat_Chorus","Anabat_Chorus",2025-06-02,"LACI",1,"SM2","Kamloops_NW|2025-06-02"
"2215","Kamloops_NW","Kamloops","NW","Anabat_Chorus","Anabat_Chorus",2025-06-02,"LANO",6,"SM2","Kamloops_NW|2025-06-02"
"2216","Kamloops_NW","Kamloops","NW","Anabat_Chorus","Anabat_Chorus",2025-06-02,"MYCA",9,"SM2","Kamloops_NW|2025-06-02"
"2217","Kamloops_NW","Kamloops","NW","Anabat_Chorus","Anabat_Chorus",2025-06-02,"MYCI",0,"SM2","Kamloops_NW|2025-06-02"
"2218","Kamloops_NW","Kamloops","NW","Anabat_Chorus","Anabat_Chorus",2025-06-02,"MYEV",0,"SM2","Kamloops_NW|2025-06-02"
"2219","Kamloops_NW","Kamloops","NW","Anabat_Chorus","Anabat_Chorus",2025-06-02,"MYLU",0,"SM2","Kamloops_NW|2025-06-02"
"2220","Kamloops_NW","Kamloops","NW","Anabat_Chorus","Anabat_Chorus",2025-06-02,"MYSE",0,"SM2","Kamloops_NW|2025-06-02"
"2221","Kamloops_NW","Kamloops","NW","Anabat_Chorus","Anabat_Chorus",2025-06-02,"MYTH",0,"SM2","Kamloops_NW|2025-06-02"
"2222","Kamloops_NW","Kamloops","NW","Anabat_Chorus","Anabat_Chorus",2025-06-02,"MYVO",0,"SM2","Kamloops_NW|2025-06-02"
"2223","Kamloops_NW","Kamloops","NW","Anabat_Chorus","Anabat_Chorus",2025-06-02,"MYYU",0,"SM2","Kamloops_NW|2025-06-02"
"2224","Kamloops_NW","Kamloops","NW","Anabat_Chorus","Anabat_Chorus",2025-06-02,"PAHE",0,"SM2","Kamloops_NW|2025-06-02"
"2225","Kamloops_NW","Kamloops","NW","Anabat_Chorus","Anabat_Chorus",2025-06-03,"ANPA",0,"SM2","Kamloops_NW|2025-06-03"
"2226","Kamloops_NW","Kamloops","NW","Anabat_Chorus","Anabat_Chorus",2025-06-03,"COTO",0,"SM2","Kamloops_NW|2025-06-03"
"2227","Kamloops_NW","Kamloops","NW","Anabat_Chorus","Anabat_Chorus",2025-06-03,"EPFU",3,"SM2","Kamloops_NW|2025-06-03"
"2228","Kamloops_NW","Kamloops","NW","Anabat_Chorus","Anabat_Chorus",2025-06-03,"EUMA",0,"SM2","Kamloops_NW|2025-06-03"
"2229","Kamloops_NW","Kamloops","NW","Anabat_Chorus","Anabat_Chorus",2025-06-03,"LABO",0,"SM2","Kamloops_NW|2025-06-03"
"2230","Kamloops_NW","Kamloops","NW","Anabat_Chorus","Anabat_Chorus",2025-06-03,"LACI",0,"SM2","Kamloops_NW|2025-06-03"
"2231","Kamloops_NW","Kamloops","NW","Anabat_Chorus","Anabat_Chorus",2025-06-03,"LANO",2,"SM2","Kamloops_NW|2025-06-03"
"2232","Kamloops_NW","Kamloops","NW","Anabat_Chorus","Anabat_Chorus",2025-06-03,"MYCA",7,"SM2","Kamloops_NW|2025-06-03"
"2233","Kamloops_NW","Kamloops","NW","Anabat_Chorus","Anabat_Chorus",2025-06-03,"MYCI",0,"SM2","Kamloops_NW|2025-06-03"
"2234","Kamloops_NW","Kamloops","NW","Anabat_Chorus","Anabat_Chorus",2025-06-03,"MYEV",2,"SM2","Kamloops_NW|2025-06-03"
"2235","Kamloops_NW","Kamloops","NW","Anabat_Chorus","Anabat_Chorus",2025-06-03,"MYLU",2,"SM2","Kamloops_NW|2025-06-03"
"2236","Kamloops_NW","Kamloops","NW","Anabat_Chorus","Anabat_Chorus",2025-06-03,"MYSE",0,"SM2","Kamloops_NW|2025-06-03"
"2237","Kamloops_NW","Kamloops","NW","Anabat_Chorus","Anabat_Chorus",2025-06-03,"MYTH",0,"SM2","Kamloops_NW|2025-06-03"
"2238","Kamloops_NW","Kamloops","NW","Anabat_Chorus","Anabat_Chorus",2025-06-03,"MYVO",0,"SM2","Kamloops_NW|2025-06-03"
"2239","Kamloops_NW","Kamloops","NW","Anabat_Chorus","Anabat_Chorus",2025-06-03,"MYYU",32,"SM2","Kamloops_NW|2025-06-03"
"2240","Kamloops_NW","Kamloops","NW","Anabat_Chorus","Anabat_Chorus",2025-06-03,"PAHE",0,"SM2","Kamloops_NW|2025-06-03"
"2241","Kamloops_NW","Kamloops","NW","Anabat_Chorus","Anabat_Chorus",2025-06-04,"ANPA",0,"SM2","Kamloops_NW|2025-06-04"
"2242","Kamloops_NW","Kamloops","NW","Anabat_Chorus","Anabat_Chorus",2025-06-04,"COTO",0,"SM2","Kamloops_NW|2025-06-04"
"2243","Kamloops_NW","Kamloops","NW","Anabat_Chorus","Anabat_Chorus",2025-06-04,"EPFU",6,"SM2","Kamloops_NW|2025-06-04"
"2244","Kamloops_NW","Kamloops","NW","Anabat_Chorus","Anabat_Chorus",2025-06-04,"EUMA",0,"SM2","Kamloops_NW|2025-06-04"
"2245","Kamloops_NW","Kamloops","NW","Anabat_Chorus","Anabat_Chorus",2025-06-04,"LABO",1,"SM2","Kamloops_NW|2025-06-04"
"2246","Kamloops_NW","Kamloops","NW","Anabat_Chorus","Anabat_Chorus",2025-06-04,"LACI",0,"SM2","Kamloops_NW|2025-06-04"
"2247","Kamloops_NW","Kamloops","NW","Anabat_Chorus","Anabat_Chorus",2025-06-04,"LANO",17,"SM2","Kamloops_NW|2025-06-04"
"2248","Kamloops_NW","Kamloops","NW","Anabat_Chorus","Anabat_Chorus",2025-06-04,"MYCA",6,"SM2","Kamloops_NW|2025-06-04"
"2249","Kamloops_NW","Kamloops","NW","Anabat_Chorus","Anabat_Chorus",2025-06-04,"MYCI",3,"SM2","Kamloops_NW|2025-06-04"
"2250","Kamloops_NW","Kamloops","NW","Anabat_Chorus","Anabat_Chorus",2025-06-04,"MYEV",3,"SM2","Kamloops_NW|2025-06-04"
"2251","Kamloops_NW","Kamloops","NW","Anabat_Chorus","Anabat_Chorus",2025-06-04,"MYLU",2,"SM2","Kamloops_NW|2025-06-04"
"2252","Kamloops_NW","Kamloops","NW","Anabat_Chorus","Anabat_Chorus",2025-06-04,"MYSE",0,"SM2","Kamloops_NW|2025-06-04"
"2253","Kamloops_NW","Kamloops","NW","Anabat_Chorus","Anabat_Chorus",2025-06-04,"MYTH",0,"SM2","Kamloops_NW|2025-06-04"
"2254","Kamloops_NW","Kamloops","NW","Anabat_Chorus","Anabat_Chorus",2025-06-04,"MYVO",2,"SM2","Kamloops_NW|2025-06-04"
"2255","Kamloops_NW","Kamloops","NW","Anabat_Chorus","Anabat_Chorus",2025-06-04,"MYYU",1,"SM2","Kamloops_NW|2025-06-04"
"2256","Kamloops_NW","Kamloops","NW","Anabat_Chorus","Anabat_Chorus",2025-06-04,"PAHE",0,"SM2","Kamloops_NW|2025-06-04"
"2257","Kamloops_NW","Kamloops","NW","Anabat_Chorus","Anabat_Chorus",2025-06-05,"ANPA",1,"SM2","Kamloops_NW|2025-06-05"
"2258","Kamloops_NW","Kamloops","NW","Anabat_Chorus","Anabat_Chorus",2025-06-05,"COTO",1,"SM2","Kamloops_NW|2025-06-05"
"2259","Kamloops_NW","Kamloops","NW","Anabat_Chorus","Anabat_Chorus",2025-06-05,"EPFU",11,"SM2","Kamloops_NW|2025-06-05"
"2260","Kamloops_NW","Kamloops","NW","Anabat_Chorus","Anabat_Chorus",2025-06-05,"EUMA",0,"SM2","Kamloops_NW|2025-06-05"
"2261","Kamloops_NW","Kamloops","NW","Anabat_Chorus","Anabat_Chorus",2025-06-05,"LABO",0,"SM2","Kamloops_NW|2025-06-05"
"2262","Kamloops_NW","Kamloops","NW","Anabat_Chorus","Anabat_Chorus",2025-06-05,"LACI",1,"SM2","Kamloops_NW|2025-06-05"
"2263","Kamloops_NW","Kamloops","NW","Anabat_Chorus","Anabat_Chorus",2025-06-05,"LANO",33,"SM2","Kamloops_NW|2025-06-05"
"2264","Kamloops_NW","Kamloops","NW","Anabat_Chorus","Anabat_Chorus",2025-06-05,"MYCA",128,"SM2","Kamloops_NW|2025-06-05"
"2265","Kamloops_NW","Kamloops","NW","Anabat_Chorus","Anabat_Chorus",2025-06-05,"MYCI",6,"SM2","Kamloops_NW|2025-06-05"
"2266","Kamloops_NW","Kamloops","NW","Anabat_Chorus","Anabat_Chorus",2025-06-05,"MYEV",7,"SM2","Kamloops_NW|2025-06-05"
"2267","Kamloops_NW","Kamloops","NW","Anabat_Chorus","Anabat_Chorus",2025-06-05,"MYLU",6,"SM2","Kamloops_NW|2025-06-05"
"2268","Kamloops_NW","Kamloops","NW","Anabat_Chorus","Anabat_Chorus",2025-06-05,"MYSE",0,"SM2","Kamloops_NW|2025-06-05"
"2269","Kamloops_NW","Kamloops","NW","Anabat_Chorus","Anabat_Chorus",2025-06-05,"MYTH",0,"SM2","Kamloops_NW|2025-06-05"
"2270","Kamloops_NW","Kamloops","NW","Anabat_Chorus","Anabat_Chorus",2025-06-05,"MYVO",3,"SM2","Kamloops_NW|2025-06-05"
"2271","Kamloops_NW","Kamloops","NW","Anabat_Chorus","Anabat_Chorus",2025-06-05,"MYYU",119,"SM2","Kamloops_NW|2025-06-05"
"2272","Kamloops_NW","Kamloops","NW","Anabat_Chorus","Anabat_Chorus",2025-06-05,"PAHE",0,"SM2","Kamloops_NW|2025-06-05"
"2273","Kamloops_SE","Kamloops","SE","SM2","Other_FS",2025-06-02,"ANPA",0,"SM2","Kamloops_SE|2025-06-02"
"2274","Kamloops_SE","Kamloops","SE","SM2","Other_FS",2025-06-02,"COTO",5,"SM2","Kamloops_SE|2025-06-02"
"2275","Kamloops_SE","Kamloops","SE","SM2","Other_FS",2025-06-02,"EPFU",6,"SM2","Kamloops_SE|2025-06-02"
"2276","Kamloops_SE","Kamloops","SE","SM2","Other_FS",2025-06-02,"EUMA",153,"SM2","Kamloops_SE|2025-06-02"
"2277","Kamloops_SE","Kamloops","SE","SM2","Other_FS",2025-06-02,"LABO",24,"SM2","Kamloops_SE|2025-06-02"
"2278","Kamloops_SE","Kamloops","SE","SM2","Other_FS",2025-06-02,"LACI",11,"SM2","Kamloops_SE|2025-06-02"
"2279","Kamloops_SE","Kamloops","SE","SM2","Other_FS",2025-06-02,"LANO",60,"SM2","Kamloops_SE|2025-06-02"
"2280","Kamloops_SE","Kamloops","SE","SM2","Other_FS",2025-06-02,"MYCA",6,"SM2","Kamloops_SE|2025-06-02"
"2281","Kamloops_SE","Kamloops","SE","SM2","Other_FS",2025-06-02,"MYCI",13,"SM2","Kamloops_SE|2025-06-02"
"2282","Kamloops_SE","Kamloops","SE","SM2","Other_FS",2025-06-02,"MYEV",0,"SM2","Kamloops_SE|2025-06-02"
"2283","Kamloops_SE","Kamloops","SE","SM2","Other_FS",2025-06-02,"MYLU",54,"SM2","Kamloops_SE|2025-06-02"
"2284","Kamloops_SE","Kamloops","SE","SM2","Other_FS",2025-06-02,"MYSE",0,"SM2","Kamloops_SE|2025-06-02"
"2285","Kamloops_SE","Kamloops","SE","SM2","Other_FS",2025-06-02,"MYTH",0,"SM2","Kamloops_SE|2025-06-02"
"2286","Kamloops_SE","Kamloops","SE","SM2","Other_FS",2025-06-02,"MYVO",2,"SM2","Kamloops_SE|2025-06-02"
"2287","Kamloops_SE","Kamloops","SE","SM2","Other_FS",2025-06-02,"MYYU",2,"SM2","Kamloops_SE|2025-06-02"
"2288","Kamloops_SE","Kamloops","SE","SM2","Other_FS",2025-06-02,"PAHE",0,"SM2","Kamloops_SE|2025-06-02"
"2289","Kamloops_SE","Kamloops","SE","SM2","Other_FS",2025-06-03,"ANPA",0,"SM2","Kamloops_SE|2025-06-03"
"2290","Kamloops_SE","Kamloops","SE","SM2","Other_FS",2025-06-03,"COTO",5,"SM2","Kamloops_SE|2025-06-03"
"2291","Kamloops_SE","Kamloops","SE","SM2","Other_FS",2025-06-03,"EPFU",7,"SM2","Kamloops_SE|2025-06-03"
"2292","Kamloops_SE","Kamloops","SE","SM2","Other_FS",2025-06-03,"EUMA",149,"SM2","Kamloops_SE|2025-06-03"
"2293","Kamloops_SE","Kamloops","SE","SM2","Other_FS",2025-06-03,"LABO",9,"SM2","Kamloops_SE|2025-06-03"
"2294","Kamloops_SE","Kamloops","SE","SM2","Other_FS",2025-06-03,"LACI",18,"SM2","Kamloops_SE|2025-06-03"
"2295","Kamloops_SE","Kamloops","SE","SM2","Other_FS",2025-06-03,"LANO",37,"SM2","Kamloops_SE|2025-06-03"
"2296","Kamloops_SE","Kamloops","SE","SM2","Other_FS",2025-06-03,"MYCA",7,"SM2","Kamloops_SE|2025-06-03"
"2297","Kamloops_SE","Kamloops","SE","SM2","Other_FS",2025-06-03,"MYCI",4,"SM2","Kamloops_SE|2025-06-03"
"2298","Kamloops_SE","Kamloops","SE","SM2","Other_FS",2025-06-03,"MYEV",0,"SM2","Kamloops_SE|2025-06-03"
"2299","Kamloops_SE","Kamloops","SE","SM2","Other_FS",2025-06-03,"MYLU",66,"SM2","Kamloops_SE|2025-06-03"
"2300","Kamloops_SE","Kamloops","SE","SM2","Other_FS",2025-06-03,"MYSE",0,"SM2","Kamloops_SE|2025-06-03"
"2301","Kamloops_SE","Kamloops","SE","SM2","Other_FS",2025-06-03,"MYTH",0,"SM2","Kamloops_SE|2025-06-03"
"2302","Kamloops_SE","Kamloops","SE","SM2","Other_FS",2025-06-03,"MYVO",0,"SM2","Kamloops_SE|2025-06-03"
"2303","Kamloops_SE","Kamloops","SE","SM2","Other_FS",2025-06-03,"MYYU",5,"SM2","Kamloops_SE|2025-06-03"
"2304","Kamloops_SE","Kamloops","SE","SM2","Other_FS",2025-06-03,"PAHE",0,"SM2","Kamloops_SE|2025-06-03"
"2305","Kamloops_SE","Kamloops","SE","SM2","Other_FS",2025-06-04,"ANPA",0,"SM2","Kamloops_SE|2025-06-04"
"2306","Kamloops_SE","Kamloops","SE","SM2","Other_FS",2025-06-04,"COTO",0,"SM2","Kamloops_SE|2025-06-04"
"2307","Kamloops_SE","Kamloops","SE","SM2","Other_FS",2025-06-04,"EPFU",9,"SM2","Kamloops_SE|2025-06-04"
"2308","Kamloops_SE","Kamloops","SE","SM2","Other_FS",2025-06-04,"EUMA",24,"SM2","Kamloops_SE|2025-06-04"
"2309","Kamloops_SE","Kamloops","SE","SM2","Other_FS",2025-06-04,"LABO",8,"SM2","Kamloops_SE|2025-06-04"
"2310","Kamloops_SE","Kamloops","SE","SM2","Other_FS",2025-06-04,"LACI",11,"SM2","Kamloops_SE|2025-06-04"
"2311","Kamloops_SE","Kamloops","SE","SM2","Other_FS",2025-06-04,"LANO",52,"SM2","Kamloops_SE|2025-06-04"
"2312","Kamloops_SE","Kamloops","SE","SM2","Other_FS",2025-06-04,"MYCA",1,"SM2","Kamloops_SE|2025-06-04"
"2313","Kamloops_SE","Kamloops","SE","SM2","Other_FS",2025-06-04,"MYCI",11,"SM2","Kamloops_SE|2025-06-04"
"2314","Kamloops_SE","Kamloops","SE","SM2","Other_FS",2025-06-04,"MYEV",0,"SM2","Kamloops_SE|2025-06-04"
"2315","Kamloops_SE","Kamloops","SE","SM2","Other_FS",2025-06-04,"MYLU",32,"SM2","Kamloops_SE|2025-06-04"
"2316","Kamloops_SE","Kamloops","SE","SM2","Other_FS",2025-06-04,"MYSE",0,"SM2","Kamloops_SE|2025-06-04"
"2317","Kamloops_SE","Kamloops","SE","SM2","Other_FS",2025-06-04,"MYTH",0,"SM2","Kamloops_SE|2025-06-04"
"2318","Kamloops_SE","Kamloops","SE","SM2","Other_FS",2025-06-04,"MYVO",2,"SM2","Kamloops_SE|2025-06-04"
"2319","Kamloops_SE","Kamloops","SE","SM2","Other_FS",2025-06-04,"MYYU",0,"SM2","Kamloops_SE|2025-06-04"
"2320","Kamloops_SE","Kamloops","SE","SM2","Other_FS",2025-06-04,"PAHE",0,"SM2","Kamloops_SE|2025-06-04"
"2321","Kamloops_SE","Kamloops","SE","SM2","Other_FS",2025-06-05,"ANPA",0,"SM2","Kamloops_SE|2025-06-05"
"2322","Kamloops_SE","Kamloops","SE","SM2","Other_FS",2025-06-05,"COTO",1,"SM2","Kamloops_SE|2025-06-05"
"2323","Kamloops_SE","Kamloops","SE","SM2","Other_FS",2025-06-05,"EPFU",34,"SM2","Kamloops_SE|2025-06-05"
"2324","Kamloops_SE","Kamloops","SE","SM2","Other_FS",2025-06-05,"EUMA",1,"SM2","Kamloops_SE|2025-06-05"
"2325","Kamloops_SE","Kamloops","SE","SM2","Other_FS",2025-06-05,"LABO",12,"SM2","Kamloops_SE|2025-06-05"
"2326","Kamloops_SE","Kamloops","SE","SM2","Other_FS",2025-06-05,"LACI",13,"SM2","Kamloops_SE|2025-06-05"
"2327","Kamloops_SE","Kamloops","SE","SM2","Other_FS",2025-06-05,"LANO",18,"SM2","Kamloops_SE|2025-06-05"
"2328","Kamloops_SE","Kamloops","SE","SM2","Other_FS",2025-06-05,"MYCA",1,"SM2","Kamloops_SE|2025-06-05"
"2329","Kamloops_SE","Kamloops","SE","SM2","Other_FS",2025-06-05,"MYCI",4,"SM2","Kamloops_SE|2025-06-05"
"2330","Kamloops_SE","Kamloops","SE","SM2","Other_FS",2025-06-05,"MYEV",0,"SM2","Kamloops_SE|2025-06-05"
"2331","Kamloops_SE","Kamloops","SE","SM2","Other_FS",2025-06-05,"MYLU",37,"SM2","Kamloops_SE|2025-06-05"
"2332","Kamloops_SE","Kamloops","SE","SM2","Other_FS",2025-06-05,"MYSE",0,"SM2","Kamloops_SE|2025-06-05"
"2333","Kamloops_SE","Kamloops","SE","SM2","Other_FS",2025-06-05,"MYTH",0,"SM2","Kamloops_SE|2025-06-05"
"2334","Kamloops_SE","Kamloops","SE","SM2","Other_FS",2025-06-05,"MYVO",0,"SM2","Kamloops_SE|2025-06-05"
"2335","Kamloops_SE","Kamloops","SE","SM2","Other_FS",2025-06-05,"MYYU",2,"SM2","Kamloops_SE|2025-06-05"
"2336","Kamloops_SE","Kamloops","SE","SM2","Other_FS",2025-06-05,"PAHE",0,"SM2","Kamloops_SE|2025-06-05"
"2337","Kamloops_SE","Kamloops","SE","SM2","Other_FS",2025-06-06,"ANPA",0,"SM2","Kamloops_SE|2025-06-06"
"2338","Kamloops_SE","Kamloops","SE","SM2","Other_FS",2025-06-06,"COTO",1,"SM2","Kamloops_SE|2025-06-06"
"2339","Kamloops_SE","Kamloops","SE","SM2","Other_FS",2025-06-06,"EPFU",16,"SM2","Kamloops_SE|2025-06-06"
"2340","Kamloops_SE","Kamloops","SE","SM2","Other_FS",2025-06-06,"EUMA",3,"SM2","Kamloops_SE|2025-06-06"
"2341","Kamloops_SE","Kamloops","SE","SM2","Other_FS",2025-06-06,"LABO",10,"SM2","Kamloops_SE|2025-06-06"
"2342","Kamloops_SE","Kamloops","SE","SM2","Other_FS",2025-06-06,"LACI",20,"SM2","Kamloops_SE|2025-06-06"
"2343","Kamloops_SE","Kamloops","SE","SM2","Other_FS",2025-06-06,"LANO",9,"SM2","Kamloops_SE|2025-06-06"
"2344","Kamloops_SE","Kamloops","SE","SM2","Other_FS",2025-06-06,"MYCA",1,"SM2","Kamloops_SE|2025-06-06"
"2345","Kamloops_SE","Kamloops","SE","SM2","Other_FS",2025-06-06,"MYCI",1,"SM2","Kamloops_SE|2025-06-06"
"2346","Kamloops_SE","Kamloops","SE","SM2","Other_FS",2025-06-06,"MYEV",2,"SM2","Kamloops_SE|2025-06-06"
"2347","Kamloops_SE","Kamloops","SE","SM2","Other_FS",2025-06-06,"MYLU",17,"SM2","Kamloops_SE|2025-06-06"
"2348","Kamloops_SE","Kamloops","SE","SM2","Other_FS",2025-06-06,"MYSE",0,"SM2","Kamloops_SE|2025-06-06"
"2349","Kamloops_SE","Kamloops","SE","SM2","Other_FS",2025-06-06,"MYTH",0,"SM2","Kamloops_SE|2025-06-06"
"2350","Kamloops_SE","Kamloops","SE","SM2","Other_FS",2025-06-06,"MYVO",2,"SM2","Kamloops_SE|2025-06-06"
"2351","Kamloops_SE","Kamloops","SE","SM2","Other_FS",2025-06-06,"MYYU",2,"SM2","Kamloops_SE|2025-06-06"
"2352","Kamloops_SE","Kamloops","SE","SM2","Other_FS",2025-06-06,"PAHE",0,"SM2","Kamloops_SE|2025-06-06"
"2353","Kamloops_SE","Kamloops","SE","SM2","Other_FS",2025-06-07,"ANPA",1,"SM2","Kamloops_SE|2025-06-07"
"2354","Kamloops_SE","Kamloops","SE","SM2","Other_FS",2025-06-07,"COTO",2,"SM2","Kamloops_SE|2025-06-07"
"2355","Kamloops_SE","Kamloops","SE","SM2","Other_FS",2025-06-07,"EPFU",11,"SM2","Kamloops_SE|2025-06-07"
"2356","Kamloops_SE","Kamloops","SE","SM2","Other_FS",2025-06-07,"EUMA",39,"SM2","Kamloops_SE|2025-06-07"
"2357","Kamloops_SE","Kamloops","SE","SM2","Other_FS",2025-06-07,"LABO",6,"SM2","Kamloops_SE|2025-06-07"
"2358","Kamloops_SE","Kamloops","SE","SM2","Other_FS",2025-06-07,"LACI",11,"SM2","Kamloops_SE|2025-06-07"
"2359","Kamloops_SE","Kamloops","SE","SM2","Other_FS",2025-06-07,"LANO",18,"SM2","Kamloops_SE|2025-06-07"
"2360","Kamloops_SE","Kamloops","SE","SM2","Other_FS",2025-06-07,"MYCA",2,"SM2","Kamloops_SE|2025-06-07"
"2361","Kamloops_SE","Kamloops","SE","SM2","Other_FS",2025-06-07,"MYCI",1,"SM2","Kamloops_SE|2025-06-07"
"2362","Kamloops_SE","Kamloops","SE","SM2","Other_FS",2025-06-07,"MYEV",1,"SM2","Kamloops_SE|2025-06-07"
"2363","Kamloops_SE","Kamloops","SE","SM2","Other_FS",2025-06-07,"MYLU",11,"SM2","Kamloops_SE|2025-06-07"
"2364","Kamloops_SE","Kamloops","SE","SM2","Other_FS",2025-06-07,"MYSE",0,"SM2","Kamloops_SE|2025-06-07"
"2365","Kamloops_SE","Kamloops","SE","SM2","Other_FS",2025-06-07,"MYTH",0,"SM2","Kamloops_SE|2025-06-07"
"2366","Kamloops_SE","Kamloops","SE","SM2","Other_FS",2025-06-07,"MYVO",0,"SM2","Kamloops_SE|2025-06-07"
"2367","Kamloops_SE","Kamloops","SE","SM2","Other_FS",2025-06-07,"MYYU",0,"SM2","Kamloops_SE|2025-06-07"
"2368","Kamloops_SE","Kamloops","SE","SM2","Other_FS",2025-06-07,"PAHE",0,"SM2","Kamloops_SE|2025-06-07"
"2369","Kamloops_SE","Kamloops","SE","SM2","Other_FS",2025-06-08,"ANPA",0,"SM2","Kamloops_SE|2025-06-08"
"2370","Kamloops_SE","Kamloops","SE","SM2","Other_FS",2025-06-08,"COTO",1,"SM2","Kamloops_SE|2025-06-08"
"2371","Kamloops_SE","Kamloops","SE","SM2","Other_FS",2025-06-08,"EPFU",36,"SM2","Kamloops_SE|2025-06-08"
"2372","Kamloops_SE","Kamloops","SE","SM2","Other_FS",2025-06-08,"EUMA",3,"SM2","Kamloops_SE|2025-06-08"
"2373","Kamloops_SE","Kamloops","SE","SM2","Other_FS",2025-06-08,"LABO",15,"SM2","Kamloops_SE|2025-06-08"
"2374","Kamloops_SE","Kamloops","SE","SM2","Other_FS",2025-06-08,"LACI",33,"SM2","Kamloops_SE|2025-06-08"
"2375","Kamloops_SE","Kamloops","SE","SM2","Other_FS",2025-06-08,"LANO",34,"SM2","Kamloops_SE|2025-06-08"
"2376","Kamloops_SE","Kamloops","SE","SM2","Other_FS",2025-06-08,"MYCA",1,"SM2","Kamloops_SE|2025-06-08"
"2377","Kamloops_SE","Kamloops","SE","SM2","Other_FS",2025-06-08,"MYCI",2,"SM2","Kamloops_SE|2025-06-08"
"2378","Kamloops_SE","Kamloops","SE","SM2","Other_FS",2025-06-08,"MYEV",0,"SM2","Kamloops_SE|2025-06-08"
"2379","Kamloops_SE","Kamloops","SE","SM2","Other_FS",2025-06-08,"MYLU",16,"SM2","Kamloops_SE|2025-06-08"
"2380","Kamloops_SE","Kamloops","SE","SM2","Other_FS",2025-06-08,"MYSE",0,"SM2","Kamloops_SE|2025-06-08"
"2381","Kamloops_SE","Kamloops","SE","SM2","Other_FS",2025-06-08,"MYTH",0,"SM2","Kamloops_SE|2025-06-08"
"2382","Kamloops_SE","Kamloops","SE","SM2","Other_FS",2025-06-08,"MYVO",0,"SM2","Kamloops_SE|2025-06-08"
"2383","Kamloops_SE","Kamloops","SE","SM2","Other_FS",2025-06-08,"MYYU",0,"SM2","Kamloops_SE|2025-06-08"
"2384","Kamloops_SE","Kamloops","SE","SM2","Other_FS",2025-06-08,"PAHE",0,"SM2","Kamloops_SE|2025-06-08"
"2385","Kamloops_SE","Kamloops","SE","SM2","Other_FS",2025-06-09,"ANPA",0,"SM2","Kamloops_SE|2025-06-09"
"2386","Kamloops_SE","Kamloops","SE","SM2","Other_FS",2025-06-09,"COTO",1,"SM2","Kamloops_SE|2025-06-09"
"2387","Kamloops_SE","Kamloops","SE","SM2","Other_FS",2025-06-09,"EPFU",15,"SM2","Kamloops_SE|2025-06-09"
"2388","Kamloops_SE","Kamloops","SE","SM2","Other_FS",2025-06-09,"EUMA",1,"SM2","Kamloops_SE|2025-06-09"
"2389","Kamloops_SE","Kamloops","SE","SM2","Other_FS",2025-06-09,"LABO",31,"SM2","Kamloops_SE|2025-06-09"
"2390","Kamloops_SE","Kamloops","SE","SM2","Other_FS",2025-06-09,"LACI",11,"SM2","Kamloops_SE|2025-06-09"
"2391","Kamloops_SE","Kamloops","SE","SM2","Other_FS",2025-06-09,"LANO",23,"SM2","Kamloops_SE|2025-06-09"
"2392","Kamloops_SE","Kamloops","SE","SM2","Other_FS",2025-06-09,"MYCA",1,"SM2","Kamloops_SE|2025-06-09"
"2393","Kamloops_SE","Kamloops","SE","SM2","Other_FS",2025-06-09,"MYCI",4,"SM2","Kamloops_SE|2025-06-09"
"2394","Kamloops_SE","Kamloops","SE","SM2","Other_FS",2025-06-09,"MYEV",0,"SM2","Kamloops_SE|2025-06-09"
"2395","Kamloops_SE","Kamloops","SE","SM2","Other_FS",2025-06-09,"MYLU",30,"SM2","Kamloops_SE|2025-06-09"
"2396","Kamloops_SE","Kamloops","SE","SM2","Other_FS",2025-06-09,"MYSE",0,"SM2","Kamloops_SE|2025-06-09"
"2397","Kamloops_SE","Kamloops","SE","SM2","Other_FS",2025-06-09,"MYTH",0,"SM2","Kamloops_SE|2025-06-09"
"2398","Kamloops_SE","Kamloops","SE","SM2","Other_FS",2025-06-09,"MYVO",0,"SM2","Kamloops_SE|2025-06-09"
"2399","Kamloops_SE","Kamloops","SE","SM2","Other_FS",2025-06-09,"MYYU",1,"SM2","Kamloops_SE|2025-06-09"
"2400","Kamloops_SE","Kamloops","SE","SM2","Other_FS",2025-06-09,"PAHE",0,"SM2","Kamloops_SE|2025-06-09"
"2401","Kamloops_SE","Kamloops","SE","SM2","Other_FS",2025-06-10,"ANPA",0,"SM2","Kamloops_SE|2025-06-10"
"2402","Kamloops_SE","Kamloops","SE","SM2","Other_FS",2025-06-10,"COTO",0,"SM2","Kamloops_SE|2025-06-10"
"2403","Kamloops_SE","Kamloops","SE","SM2","Other_FS",2025-06-10,"EPFU",22,"SM2","Kamloops_SE|2025-06-10"
"2404","Kamloops_SE","Kamloops","SE","SM2","Other_FS",2025-06-10,"EUMA",3,"SM2","Kamloops_SE|2025-06-10"
"2405","Kamloops_SE","Kamloops","SE","SM2","Other_FS",2025-06-10,"LABO",8,"SM2","Kamloops_SE|2025-06-10"
"2406","Kamloops_SE","Kamloops","SE","SM2","Other_FS",2025-06-10,"LACI",19,"SM2","Kamloops_SE|2025-06-10"
"2407","Kamloops_SE","Kamloops","SE","SM2","Other_FS",2025-06-10,"LANO",15,"SM2","Kamloops_SE|2025-06-10"
"2408","Kamloops_SE","Kamloops","SE","SM2","Other_FS",2025-06-10,"MYCA",1,"SM2","Kamloops_SE|2025-06-10"
"2409","Kamloops_SE","Kamloops","SE","SM2","Other_FS",2025-06-10,"MYCI",1,"SM2","Kamloops_SE|2025-06-10"
"2410","Kamloops_SE","Kamloops","SE","SM2","Other_FS",2025-06-10,"MYEV",2,"SM2","Kamloops_SE|2025-06-10"
"2411","Kamloops_SE","Kamloops","SE","SM2","Other_FS",2025-06-10,"MYLU",18,"SM2","Kamloops_SE|2025-06-10"
"2412","Kamloops_SE","Kamloops","SE","SM2","Other_FS",2025-06-10,"MYSE",0,"SM2","Kamloops_SE|2025-06-10"
"2413","Kamloops_SE","Kamloops","SE","SM2","Other_FS",2025-06-10,"MYTH",0,"SM2","Kamloops_SE|2025-06-10"
"2414","Kamloops_SE","Kamloops","SE","SM2","Other_FS",2025-06-10,"MYVO",3,"SM2","Kamloops_SE|2025-06-10"
"2415","Kamloops_SE","Kamloops","SE","SM2","Other_FS",2025-06-10,"MYYU",1,"SM2","Kamloops_SE|2025-06-10"
"2416","Kamloops_SE","Kamloops","SE","SM2","Other_FS",2025-06-10,"PAHE",0,"SM2","Kamloops_SE|2025-06-10"
"2417","Kamloops_SE","Kamloops","SE","SM2","Other_FS",2025-06-11,"ANPA",0,"SM2","Kamloops_SE|2025-06-11"
"2418","Kamloops_SE","Kamloops","SE","SM2","Other_FS",2025-06-11,"COTO",1,"SM2","Kamloops_SE|2025-06-11"
"2419","Kamloops_SE","Kamloops","SE","SM2","Other_FS",2025-06-11,"EPFU",21,"SM2","Kamloops_SE|2025-06-11"
"2420","Kamloops_SE","Kamloops","SE","SM2","Other_FS",2025-06-11,"EUMA",9,"SM2","Kamloops_SE|2025-06-11"
"2421","Kamloops_SE","Kamloops","SE","SM2","Other_FS",2025-06-11,"LABO",10,"SM2","Kamloops_SE|2025-06-11"
"2422","Kamloops_SE","Kamloops","SE","SM2","Other_FS",2025-06-11,"LACI",11,"SM2","Kamloops_SE|2025-06-11"
"2423","Kamloops_SE","Kamloops","SE","SM2","Other_FS",2025-06-11,"LANO",10,"SM2","Kamloops_SE|2025-06-11"
"2424","Kamloops_SE","Kamloops","SE","SM2","Other_FS",2025-06-11,"MYCA",2,"SM2","Kamloops_SE|2025-06-11"
"2425","Kamloops_SE","Kamloops","SE","SM2","Other_FS",2025-06-11,"MYCI",2,"SM2","Kamloops_SE|2025-06-11"
"2426","Kamloops_SE","Kamloops","SE","SM2","Other_FS",2025-06-11,"MYEV",1,"SM2","Kamloops_SE|2025-06-11"
"2427","Kamloops_SE","Kamloops","SE","SM2","Other_FS",2025-06-11,"MYLU",22,"SM2","Kamloops_SE|2025-06-11"
"2428","Kamloops_SE","Kamloops","SE","SM2","Other_FS",2025-06-11,"MYSE",0,"SM2","Kamloops_SE|2025-06-11"
"2429","Kamloops_SE","Kamloops","SE","SM2","Other_FS",2025-06-11,"MYTH",0,"SM2","Kamloops_SE|2025-06-11"
"2430","Kamloops_SE","Kamloops","SE","SM2","Other_FS",2025-06-11,"MYVO",1,"SM2","Kamloops_SE|2025-06-11"
"2431","Kamloops_SE","Kamloops","SE","SM2","Other_FS",2025-06-11,"MYYU",0,"SM2","Kamloops_SE|2025-06-11"
"2432","Kamloops_SE","Kamloops","SE","SM2","Other_FS",2025-06-11,"PAHE",0,"SM2","Kamloops_SE|2025-06-11"
"2433","Kamloops_SE","Kamloops","SE","SM2","Other_FS",2025-06-12,"ANPA",0,"SM2","Kamloops_SE|2025-06-12"
"2434","Kamloops_SE","Kamloops","SE","SM2","Other_FS",2025-06-12,"COTO",2,"SM2","Kamloops_SE|2025-06-12"
"2435","Kamloops_SE","Kamloops","SE","SM2","Other_FS",2025-06-12,"EPFU",5,"SM2","Kamloops_SE|2025-06-12"
"2436","Kamloops_SE","Kamloops","SE","SM2","Other_FS",2025-06-12,"EUMA",0,"SM2","Kamloops_SE|2025-06-12"
"2437","Kamloops_SE","Kamloops","SE","SM2","Other_FS",2025-06-12,"LABO",4,"SM2","Kamloops_SE|2025-06-12"
"2438","Kamloops_SE","Kamloops","SE","SM2","Other_FS",2025-06-12,"LACI",12,"SM2","Kamloops_SE|2025-06-12"
"2439","Kamloops_SE","Kamloops","SE","SM2","Other_FS",2025-06-12,"LANO",15,"SM2","Kamloops_SE|2025-06-12"
"2440","Kamloops_SE","Kamloops","SE","SM2","Other_FS",2025-06-12,"MYCA",0,"SM2","Kamloops_SE|2025-06-12"
"2441","Kamloops_SE","Kamloops","SE","SM2","Other_FS",2025-06-12,"MYCI",5,"SM2","Kamloops_SE|2025-06-12"
"2442","Kamloops_SE","Kamloops","SE","SM2","Other_FS",2025-06-12,"MYEV",0,"SM2","Kamloops_SE|2025-06-12"
"2443","Kamloops_SE","Kamloops","SE","SM2","Other_FS",2025-06-12,"MYLU",14,"SM2","Kamloops_SE|2025-06-12"
"2444","Kamloops_SE","Kamloops","SE","SM2","Other_FS",2025-06-12,"MYSE",0,"SM2","Kamloops_SE|2025-06-12"
"2445","Kamloops_SE","Kamloops","SE","SM2","Other_FS",2025-06-12,"MYTH",0,"SM2","Kamloops_SE|2025-06-12"
"2446","Kamloops_SE","Kamloops","SE","SM2","Other_FS",2025-06-12,"MYVO",1,"SM2","Kamloops_SE|2025-06-12"
"2447","Kamloops_SE","Kamloops","SE","SM2","Other_FS",2025-06-12,"MYYU",2,"SM2","Kamloops_SE|2025-06-12"
"2448","Kamloops_SE","Kamloops","SE","SM2","Other_FS",2025-06-12,"PAHE",0,"SM2","Kamloops_SE|2025-06-12"
"2449","Kamloops_SE","Kamloops","SE","Anabat_Chorus","Anabat_Chorus",2025-06-02,"ANPA",0,"SM2","Kamloops_SE|2025-06-02"
"2450","Kamloops_SE","Kamloops","SE","Anabat_Chorus","Anabat_Chorus",2025-06-02,"COTO",3,"SM2","Kamloops_SE|2025-06-02"
"2451","Kamloops_SE","Kamloops","SE","Anabat_Chorus","Anabat_Chorus",2025-06-02,"EPFU",4,"SM2","Kamloops_SE|2025-06-02"
"2452","Kamloops_SE","Kamloops","SE","Anabat_Chorus","Anabat_Chorus",2025-06-02,"EUMA",86,"SM2","Kamloops_SE|2025-06-02"
"2453","Kamloops_SE","Kamloops","SE","Anabat_Chorus","Anabat_Chorus",2025-06-02,"LABO",1,"SM2","Kamloops_SE|2025-06-02"
"2454","Kamloops_SE","Kamloops","SE","Anabat_Chorus","Anabat_Chorus",2025-06-02,"LACI",8,"SM2","Kamloops_SE|2025-06-02"
"2455","Kamloops_SE","Kamloops","SE","Anabat_Chorus","Anabat_Chorus",2025-06-02,"LANO",39,"SM2","Kamloops_SE|2025-06-02"
"2456","Kamloops_SE","Kamloops","SE","Anabat_Chorus","Anabat_Chorus",2025-06-02,"MYCA",13,"SM2","Kamloops_SE|2025-06-02"
"2457","Kamloops_SE","Kamloops","SE","Anabat_Chorus","Anabat_Chorus",2025-06-02,"MYCI",18,"SM2","Kamloops_SE|2025-06-02"
"2458","Kamloops_SE","Kamloops","SE","Anabat_Chorus","Anabat_Chorus",2025-06-02,"MYEV",0,"SM2","Kamloops_SE|2025-06-02"
"2459","Kamloops_SE","Kamloops","SE","Anabat_Chorus","Anabat_Chorus",2025-06-02,"MYLU",81,"SM2","Kamloops_SE|2025-06-02"
"2460","Kamloops_SE","Kamloops","SE","Anabat_Chorus","Anabat_Chorus",2025-06-02,"MYSE",0,"SM2","Kamloops_SE|2025-06-02"
"2461","Kamloops_SE","Kamloops","SE","Anabat_Chorus","Anabat_Chorus",2025-06-02,"MYTH",0,"SM2","Kamloops_SE|2025-06-02"
"2462","Kamloops_SE","Kamloops","SE","Anabat_Chorus","Anabat_Chorus",2025-06-02,"MYVO",3,"SM2","Kamloops_SE|2025-06-02"
"2463","Kamloops_SE","Kamloops","SE","Anabat_Chorus","Anabat_Chorus",2025-06-02,"MYYU",1,"SM2","Kamloops_SE|2025-06-02"
"2464","Kamloops_SE","Kamloops","SE","Anabat_Chorus","Anabat_Chorus",2025-06-02,"PAHE",0,"SM2","Kamloops_SE|2025-06-02"
"2465","Kamloops_SE","Kamloops","SE","Anabat_Chorus","Anabat_Chorus",2025-06-03,"ANPA",0,"SM2","Kamloops_SE|2025-06-03"
"2466","Kamloops_SE","Kamloops","SE","Anabat_Chorus","Anabat_Chorus",2025-06-03,"COTO",3,"SM2","Kamloops_SE|2025-06-03"
"2467","Kamloops_SE","Kamloops","SE","Anabat_Chorus","Anabat_Chorus",2025-06-03,"EPFU",4,"SM2","Kamloops_SE|2025-06-03"
"2468","Kamloops_SE","Kamloops","SE","Anabat_Chorus","Anabat_Chorus",2025-06-03,"EUMA",139,"SM2","Kamloops_SE|2025-06-03"
"2469","Kamloops_SE","Kamloops","SE","Anabat_Chorus","Anabat_Chorus",2025-06-03,"LABO",0,"SM2","Kamloops_SE|2025-06-03"
"2470","Kamloops_SE","Kamloops","SE","Anabat_Chorus","Anabat_Chorus",2025-06-03,"LACI",18,"SM2","Kamloops_SE|2025-06-03"
"2471","Kamloops_SE","Kamloops","SE","Anabat_Chorus","Anabat_Chorus",2025-06-03,"LANO",22,"SM2","Kamloops_SE|2025-06-03"
"2472","Kamloops_SE","Kamloops","SE","Anabat_Chorus","Anabat_Chorus",2025-06-03,"MYCA",7,"SM2","Kamloops_SE|2025-06-03"
"2473","Kamloops_SE","Kamloops","SE","Anabat_Chorus","Anabat_Chorus",2025-06-03,"MYCI",10,"SM2","Kamloops_SE|2025-06-03"
"2474","Kamloops_SE","Kamloops","SE","Anabat_Chorus","Anabat_Chorus",2025-06-03,"MYEV",0,"SM2","Kamloops_SE|2025-06-03"
"2475","Kamloops_SE","Kamloops","SE","Anabat_Chorus","Anabat_Chorus",2025-06-03,"MYLU",77,"SM2","Kamloops_SE|2025-06-03"
"2476","Kamloops_SE","Kamloops","SE","Anabat_Chorus","Anabat_Chorus",2025-06-03,"MYSE",0,"SM2","Kamloops_SE|2025-06-03"
"2477","Kamloops_SE","Kamloops","SE","Anabat_Chorus","Anabat_Chorus",2025-06-03,"MYTH",0,"SM2","Kamloops_SE|2025-06-03"
"2478","Kamloops_SE","Kamloops","SE","Anabat_Chorus","Anabat_Chorus",2025-06-03,"MYVO",2,"SM2","Kamloops_SE|2025-06-03"
"2479","Kamloops_SE","Kamloops","SE","Anabat_Chorus","Anabat_Chorus",2025-06-03,"MYYU",4,"SM2","Kamloops_SE|2025-06-03"
"2480","Kamloops_SE","Kamloops","SE","Anabat_Chorus","Anabat_Chorus",2025-06-03,"PAHE",0,"SM2","Kamloops_SE|2025-06-03"
"2481","Kamloops_SE","Kamloops","SE","Anabat_Chorus","Anabat_Chorus",2025-06-04,"ANPA",0,"SM2","Kamloops_SE|2025-06-04"
"2482","Kamloops_SE","Kamloops","SE","Anabat_Chorus","Anabat_Chorus",2025-06-04,"COTO",2,"SM2","Kamloops_SE|2025-06-04"
"2483","Kamloops_SE","Kamloops","SE","Anabat_Chorus","Anabat_Chorus",2025-06-04,"EPFU",4,"SM2","Kamloops_SE|2025-06-04"
"2484","Kamloops_SE","Kamloops","SE","Anabat_Chorus","Anabat_Chorus",2025-06-04,"EUMA",20,"SM2","Kamloops_SE|2025-06-04"
"2485","Kamloops_SE","Kamloops","SE","Anabat_Chorus","Anabat_Chorus",2025-06-04,"LABO",0,"SM2","Kamloops_SE|2025-06-04"
"2486","Kamloops_SE","Kamloops","SE","Anabat_Chorus","Anabat_Chorus",2025-06-04,"LACI",8,"SM2","Kamloops_SE|2025-06-04"
"2487","Kamloops_SE","Kamloops","SE","Anabat_Chorus","Anabat_Chorus",2025-06-04,"LANO",19,"SM2","Kamloops_SE|2025-06-04"
"2488","Kamloops_SE","Kamloops","SE","Anabat_Chorus","Anabat_Chorus",2025-06-04,"MYCA",1,"SM2","Kamloops_SE|2025-06-04"
"2489","Kamloops_SE","Kamloops","SE","Anabat_Chorus","Anabat_Chorus",2025-06-04,"MYCI",17,"SM2","Kamloops_SE|2025-06-04"
"2490","Kamloops_SE","Kamloops","SE","Anabat_Chorus","Anabat_Chorus",2025-06-04,"MYEV",0,"SM2","Kamloops_SE|2025-06-04"
"2491","Kamloops_SE","Kamloops","SE","Anabat_Chorus","Anabat_Chorus",2025-06-04,"MYLU",40,"SM2","Kamloops_SE|2025-06-04"
"2492","Kamloops_SE","Kamloops","SE","Anabat_Chorus","Anabat_Chorus",2025-06-04,"MYSE",0,"SM2","Kamloops_SE|2025-06-04"
"2493","Kamloops_SE","Kamloops","SE","Anabat_Chorus","Anabat_Chorus",2025-06-04,"MYTH",0,"SM2","Kamloops_SE|2025-06-04"
"2494","Kamloops_SE","Kamloops","SE","Anabat_Chorus","Anabat_Chorus",2025-06-04,"MYVO",2,"SM2","Kamloops_SE|2025-06-04"
"2495","Kamloops_SE","Kamloops","SE","Anabat_Chorus","Anabat_Chorus",2025-06-04,"MYYU",0,"SM2","Kamloops_SE|2025-06-04"
"2496","Kamloops_SE","Kamloops","SE","Anabat_Chorus","Anabat_Chorus",2025-06-04,"PAHE",0,"SM2","Kamloops_SE|2025-06-04"
"2497","Kamloops_SE","Kamloops","SE","Anabat_Chorus","Anabat_Chorus",2025-06-05,"ANPA",0,"SM2","Kamloops_SE|2025-06-05"
"2498","Kamloops_SE","Kamloops","SE","Anabat_Chorus","Anabat_Chorus",2025-06-05,"COTO",0,"SM2","Kamloops_SE|2025-06-05"
"2499","Kamloops_SE","Kamloops","SE","Anabat_Chorus","Anabat_Chorus",2025-06-05,"EPFU",26,"SM2","Kamloops_SE|2025-06-05"
"2500","Kamloops_SE","Kamloops","SE","Anabat_Chorus","Anabat_Chorus",2025-06-05,"EUMA",1,"SM2","Kamloops_SE|2025-06-05"
"2501","Kamloops_SE","Kamloops","SE","Anabat_Chorus","Anabat_Chorus",2025-06-05,"LABO",3,"SM2","Kamloops_SE|2025-06-05"
"2502","Kamloops_SE","Kamloops","SE","Anabat_Chorus","Anabat_Chorus",2025-06-05,"LACI",4,"SM2","Kamloops_SE|2025-06-05"
"2503","Kamloops_SE","Kamloops","SE","Anabat_Chorus","Anabat_Chorus",2025-06-05,"LANO",14,"SM2","Kamloops_SE|2025-06-05"
"2504","Kamloops_SE","Kamloops","SE","Anabat_Chorus","Anabat_Chorus",2025-06-05,"MYCA",3,"SM2","Kamloops_SE|2025-06-05"
"2505","Kamloops_SE","Kamloops","SE","Anabat_Chorus","Anabat_Chorus",2025-06-05,"MYCI",8,"SM2","Kamloops_SE|2025-06-05"
"2506","Kamloops_SE","Kamloops","SE","Anabat_Chorus","Anabat_Chorus",2025-06-05,"MYEV",0,"SM2","Kamloops_SE|2025-06-05"
"2507","Kamloops_SE","Kamloops","SE","Anabat_Chorus","Anabat_Chorus",2025-06-05,"MYLU",47,"SM2","Kamloops_SE|2025-06-05"
"2508","Kamloops_SE","Kamloops","SE","Anabat_Chorus","Anabat_Chorus",2025-06-05,"MYSE",0,"SM2","Kamloops_SE|2025-06-05"
"2509","Kamloops_SE","Kamloops","SE","Anabat_Chorus","Anabat_Chorus",2025-06-05,"MYTH",0,"SM2","Kamloops_SE|2025-06-05"
"2510","Kamloops_SE","Kamloops","SE","Anabat_Chorus","Anabat_Chorus",2025-06-05,"MYVO",1,"SM2","Kamloops_SE|2025-06-05"
"2511","Kamloops_SE","Kamloops","SE","Anabat_Chorus","Anabat_Chorus",2025-06-05,"MYYU",2,"SM2","Kamloops_SE|2025-06-05"
"2512","Kamloops_SE","Kamloops","SE","Anabat_Chorus","Anabat_Chorus",2025-06-05,"PAHE",0,"SM2","Kamloops_SE|2025-06-05"
"2513","Kamloops_SE","Kamloops","SE","Anabat_Chorus","Anabat_Chorus",2025-06-06,"ANPA",0,"SM2","Kamloops_SE|2025-06-06"
"2514","Kamloops_SE","Kamloops","SE","Anabat_Chorus","Anabat_Chorus",2025-06-06,"COTO",0,"SM2","Kamloops_SE|2025-06-06"
"2515","Kamloops_SE","Kamloops","SE","Anabat_Chorus","Anabat_Chorus",2025-06-06,"EPFU",8,"SM2","Kamloops_SE|2025-06-06"
"2516","Kamloops_SE","Kamloops","SE","Anabat_Chorus","Anabat_Chorus",2025-06-06,"EUMA",2,"SM2","Kamloops_SE|2025-06-06"
"2517","Kamloops_SE","Kamloops","SE","Anabat_Chorus","Anabat_Chorus",2025-06-06,"LABO",3,"SM2","Kamloops_SE|2025-06-06"
"2518","Kamloops_SE","Kamloops","SE","Anabat_Chorus","Anabat_Chorus",2025-06-06,"LACI",8,"SM2","Kamloops_SE|2025-06-06"
"2519","Kamloops_SE","Kamloops","SE","Anabat_Chorus","Anabat_Chorus",2025-06-06,"LANO",6,"SM2","Kamloops_SE|2025-06-06"
"2520","Kamloops_SE","Kamloops","SE","Anabat_Chorus","Anabat_Chorus",2025-06-06,"MYCA",5,"SM2","Kamloops_SE|2025-06-06"
"2521","Kamloops_SE","Kamloops","SE","Anabat_Chorus","Anabat_Chorus",2025-06-06,"MYCI",2,"SM2","Kamloops_SE|2025-06-06"
"2522","Kamloops_SE","Kamloops","SE","Anabat_Chorus","Anabat_Chorus",2025-06-06,"MYEV",3,"SM2","Kamloops_SE|2025-06-06"
"2523","Kamloops_SE","Kamloops","SE","Anabat_Chorus","Anabat_Chorus",2025-06-06,"MYLU",21,"SM2","Kamloops_SE|2025-06-06"
"2524","Kamloops_SE","Kamloops","SE","Anabat_Chorus","Anabat_Chorus",2025-06-06,"MYSE",0,"SM2","Kamloops_SE|2025-06-06"
"2525","Kamloops_SE","Kamloops","SE","Anabat_Chorus","Anabat_Chorus",2025-06-06,"MYTH",0,"SM2","Kamloops_SE|2025-06-06"
"2526","Kamloops_SE","Kamloops","SE","Anabat_Chorus","Anabat_Chorus",2025-06-06,"MYVO",1,"SM2","Kamloops_SE|2025-06-06"
"2527","Kamloops_SE","Kamloops","SE","Anabat_Chorus","Anabat_Chorus",2025-06-06,"MYYU",0,"SM2","Kamloops_SE|2025-06-06"
"2528","Kamloops_SE","Kamloops","SE","Anabat_Chorus","Anabat_Chorus",2025-06-06,"PAHE",0,"SM2","Kamloops_SE|2025-06-06"
"2529","Kamloops_SE","Kamloops","SE","Anabat_Chorus","Anabat_Chorus",2025-06-07,"ANPA",0,"SM2","Kamloops_SE|2025-06-07"
"2530","Kamloops_SE","Kamloops","SE","Anabat_Chorus","Anabat_Chorus",2025-06-07,"COTO",0,"SM2","Kamloops_SE|2025-06-07"
"2531","Kamloops_SE","Kamloops","SE","Anabat_Chorus","Anabat_Chorus",2025-06-07,"EPFU",5,"SM2","Kamloops_SE|2025-06-07"
"2532","Kamloops_SE","Kamloops","SE","Anabat_Chorus","Anabat_Chorus",2025-06-07,"EUMA",16,"SM2","Kamloops_SE|2025-06-07"
"2533","Kamloops_SE","Kamloops","SE","Anabat_Chorus","Anabat_Chorus",2025-06-07,"LABO",0,"SM2","Kamloops_SE|2025-06-07"
"2534","Kamloops_SE","Kamloops","SE","Anabat_Chorus","Anabat_Chorus",2025-06-07,"LACI",5,"SM2","Kamloops_SE|2025-06-07"
"2535","Kamloops_SE","Kamloops","SE","Anabat_Chorus","Anabat_Chorus",2025-06-07,"LANO",11,"SM2","Kamloops_SE|2025-06-07"
"2536","Kamloops_SE","Kamloops","SE","Anabat_Chorus","Anabat_Chorus",2025-06-07,"MYCA",1,"SM2","Kamloops_SE|2025-06-07"
"2537","Kamloops_SE","Kamloops","SE","Anabat_Chorus","Anabat_Chorus",2025-06-07,"MYCI",3,"SM2","Kamloops_SE|2025-06-07"
"2538","Kamloops_SE","Kamloops","SE","Anabat_Chorus","Anabat_Chorus",2025-06-07,"MYEV",1,"SM2","Kamloops_SE|2025-06-07"
"2539","Kamloops_SE","Kamloops","SE","Anabat_Chorus","Anabat_Chorus",2025-06-07,"MYLU",15,"SM2","Kamloops_SE|2025-06-07"
"2540","Kamloops_SE","Kamloops","SE","Anabat_Chorus","Anabat_Chorus",2025-06-07,"MYSE",0,"SM2","Kamloops_SE|2025-06-07"
"2541","Kamloops_SE","Kamloops","SE","Anabat_Chorus","Anabat_Chorus",2025-06-07,"MYTH",0,"SM2","Kamloops_SE|2025-06-07"
"2542","Kamloops_SE","Kamloops","SE","Anabat_Chorus","Anabat_Chorus",2025-06-07,"MYVO",1,"SM2","Kamloops_SE|2025-06-07"
"2543","Kamloops_SE","Kamloops","SE","Anabat_Chorus","Anabat_Chorus",2025-06-07,"MYYU",0,"SM2","Kamloops_SE|2025-06-07"
"2544","Kamloops_SE","Kamloops","SE","Anabat_Chorus","Anabat_Chorus",2025-06-07,"PAHE",0,"SM2","Kamloops_SE|2025-06-07"
"2545","Kamloops_SE","Kamloops","SE","Anabat_Chorus","Anabat_Chorus",2025-06-08,"ANPA",0,"SM2","Kamloops_SE|2025-06-08"
"2546","Kamloops_SE","Kamloops","SE","Anabat_Chorus","Anabat_Chorus",2025-06-08,"COTO",0,"SM2","Kamloops_SE|2025-06-08"
"2547","Kamloops_SE","Kamloops","SE","Anabat_Chorus","Anabat_Chorus",2025-06-08,"EPFU",9,"SM2","Kamloops_SE|2025-06-08"
"2548","Kamloops_SE","Kamloops","SE","Anabat_Chorus","Anabat_Chorus",2025-06-08,"EUMA",1,"SM2","Kamloops_SE|2025-06-08"
"2549","Kamloops_SE","Kamloops","SE","Anabat_Chorus","Anabat_Chorus",2025-06-08,"LABO",4,"SM2","Kamloops_SE|2025-06-08"
"2550","Kamloops_SE","Kamloops","SE","Anabat_Chorus","Anabat_Chorus",2025-06-08,"LACI",10,"SM2","Kamloops_SE|2025-06-08"
"2551","Kamloops_SE","Kamloops","SE","Anabat_Chorus","Anabat_Chorus",2025-06-08,"LANO",14,"SM2","Kamloops_SE|2025-06-08"
"2552","Kamloops_SE","Kamloops","SE","Anabat_Chorus","Anabat_Chorus",2025-06-08,"MYCA",0,"SM2","Kamloops_SE|2025-06-08"
"2553","Kamloops_SE","Kamloops","SE","Anabat_Chorus","Anabat_Chorus",2025-06-08,"MYCI",6,"SM2","Kamloops_SE|2025-06-08"
"2554","Kamloops_SE","Kamloops","SE","Anabat_Chorus","Anabat_Chorus",2025-06-08,"MYEV",2,"SM2","Kamloops_SE|2025-06-08"
"2555","Kamloops_SE","Kamloops","SE","Anabat_Chorus","Anabat_Chorus",2025-06-08,"MYLU",18,"SM2","Kamloops_SE|2025-06-08"
"2556","Kamloops_SE","Kamloops","SE","Anabat_Chorus","Anabat_Chorus",2025-06-08,"MYSE",0,"SM2","Kamloops_SE|2025-06-08"
"2557","Kamloops_SE","Kamloops","SE","Anabat_Chorus","Anabat_Chorus",2025-06-08,"MYTH",0,"SM2","Kamloops_SE|2025-06-08"
"2558","Kamloops_SE","Kamloops","SE","Anabat_Chorus","Anabat_Chorus",2025-06-08,"MYVO",0,"SM2","Kamloops_SE|2025-06-08"
"2559","Kamloops_SE","Kamloops","SE","Anabat_Chorus","Anabat_Chorus",2025-06-08,"MYYU",0,"SM2","Kamloops_SE|2025-06-08"
"2560","Kamloops_SE","Kamloops","SE","Anabat_Chorus","Anabat_Chorus",2025-06-08,"PAHE",0,"SM2","Kamloops_SE|2025-06-08"
"2561","Kamloops_SE","Kamloops","SE","Anabat_Chorus","Anabat_Chorus",2025-06-09,"ANPA",0,"SM2","Kamloops_SE|2025-06-09"
"2562","Kamloops_SE","Kamloops","SE","Anabat_Chorus","Anabat_Chorus",2025-06-09,"COTO",0,"SM2","Kamloops_SE|2025-06-09"
"2563","Kamloops_SE","Kamloops","SE","Anabat_Chorus","Anabat_Chorus",2025-06-09,"EPFU",3,"SM2","Kamloops_SE|2025-06-09"
"2564","Kamloops_SE","Kamloops","SE","Anabat_Chorus","Anabat_Chorus",2025-06-09,"EUMA",0,"SM2","Kamloops_SE|2025-06-09"
"2565","Kamloops_SE","Kamloops","SE","Anabat_Chorus","Anabat_Chorus",2025-06-09,"LABO",7,"SM2","Kamloops_SE|2025-06-09"
"2566","Kamloops_SE","Kamloops","SE","Anabat_Chorus","Anabat_Chorus",2025-06-09,"LACI",5,"SM2","Kamloops_SE|2025-06-09"
"2567","Kamloops_SE","Kamloops","SE","Anabat_Chorus","Anabat_Chorus",2025-06-09,"LANO",12,"SM2","Kamloops_SE|2025-06-09"
"2568","Kamloops_SE","Kamloops","SE","Anabat_Chorus","Anabat_Chorus",2025-06-09,"MYCA",3,"SM2","Kamloops_SE|2025-06-09"
"2569","Kamloops_SE","Kamloops","SE","Anabat_Chorus","Anabat_Chorus",2025-06-09,"MYCI",9,"SM2","Kamloops_SE|2025-06-09"
"2570","Kamloops_SE","Kamloops","SE","Anabat_Chorus","Anabat_Chorus",2025-06-09,"MYEV",0,"SM2","Kamloops_SE|2025-06-09"
"2571","Kamloops_SE","Kamloops","SE","Anabat_Chorus","Anabat_Chorus",2025-06-09,"MYLU",38,"SM2","Kamloops_SE|2025-06-09"
"2572","Kamloops_SE","Kamloops","SE","Anabat_Chorus","Anabat_Chorus",2025-06-09,"MYSE",0,"SM2","Kamloops_SE|2025-06-09"
"2573","Kamloops_SE","Kamloops","SE","Anabat_Chorus","Anabat_Chorus",2025-06-09,"MYTH",0,"SM2","Kamloops_SE|2025-06-09"
"2574","Kamloops_SE","Kamloops","SE","Anabat_Chorus","Anabat_Chorus",2025-06-09,"MYVO",1,"SM2","Kamloops_SE|2025-06-09"
"2575","Kamloops_SE","Kamloops","SE","Anabat_Chorus","Anabat_Chorus",2025-06-09,"MYYU",1,"SM2","Kamloops_SE|2025-06-09"
"2576","Kamloops_SE","Kamloops","SE","Anabat_Chorus","Anabat_Chorus",2025-06-09,"PAHE",0,"SM2","Kamloops_SE|2025-06-09"
"2577","Kamloops_SE","Kamloops","SE","Anabat_Chorus","Anabat_Chorus",2025-06-10,"ANPA",0,"SM2","Kamloops_SE|2025-06-10"
"2578","Kamloops_SE","Kamloops","SE","Anabat_Chorus","Anabat_Chorus",2025-06-10,"COTO",0,"SM2","Kamloops_SE|2025-06-10"
"2579","Kamloops_SE","Kamloops","SE","Anabat_Chorus","Anabat_Chorus",2025-06-10,"EPFU",16,"SM2","Kamloops_SE|2025-06-10"
"2580","Kamloops_SE","Kamloops","SE","Anabat_Chorus","Anabat_Chorus",2025-06-10,"EUMA",2,"SM2","Kamloops_SE|2025-06-10"
"2581","Kamloops_SE","Kamloops","SE","Anabat_Chorus","Anabat_Chorus",2025-06-10,"LABO",1,"SM2","Kamloops_SE|2025-06-10"
"2582","Kamloops_SE","Kamloops","SE","Anabat_Chorus","Anabat_Chorus",2025-06-10,"LACI",3,"SM2","Kamloops_SE|2025-06-10"
"2583","Kamloops_SE","Kamloops","SE","Anabat_Chorus","Anabat_Chorus",2025-06-10,"LANO",6,"SM2","Kamloops_SE|2025-06-10"
"2584","Kamloops_SE","Kamloops","SE","Anabat_Chorus","Anabat_Chorus",2025-06-10,"MYCA",1,"SM2","Kamloops_SE|2025-06-10"
"2585","Kamloops_SE","Kamloops","SE","Anabat_Chorus","Anabat_Chorus",2025-06-10,"MYCI",3,"SM2","Kamloops_SE|2025-06-10"
"2586","Kamloops_SE","Kamloops","SE","Anabat_Chorus","Anabat_Chorus",2025-06-10,"MYEV",2,"SM2","Kamloops_SE|2025-06-10"
"2587","Kamloops_SE","Kamloops","SE","Anabat_Chorus","Anabat_Chorus",2025-06-10,"MYLU",20,"SM2","Kamloops_SE|2025-06-10"
"2588","Kamloops_SE","Kamloops","SE","Anabat_Chorus","Anabat_Chorus",2025-06-10,"MYSE",0,"SM2","Kamloops_SE|2025-06-10"
"2589","Kamloops_SE","Kamloops","SE","Anabat_Chorus","Anabat_Chorus",2025-06-10,"MYTH",0,"SM2","Kamloops_SE|2025-06-10"
"2590","Kamloops_SE","Kamloops","SE","Anabat_Chorus","Anabat_Chorus",2025-06-10,"MYVO",1,"SM2","Kamloops_SE|2025-06-10"
"2591","Kamloops_SE","Kamloops","SE","Anabat_Chorus","Anabat_Chorus",2025-06-10,"MYYU",1,"SM2","Kamloops_SE|2025-06-10"
"2592","Kamloops_SE","Kamloops","SE","Anabat_Chorus","Anabat_Chorus",2025-06-10,"PAHE",0,"SM2","Kamloops_SE|2025-06-10"
"2593","Kamloops_SE","Kamloops","SE","Anabat_Chorus","Anabat_Chorus",2025-06-11,"ANPA",0,"SM2","Kamloops_SE|2025-06-11"
"2594","Kamloops_SE","Kamloops","SE","Anabat_Chorus","Anabat_Chorus",2025-06-11,"COTO",0,"SM2","Kamloops_SE|2025-06-11"
"2595","Kamloops_SE","Kamloops","SE","Anabat_Chorus","Anabat_Chorus",2025-06-11,"EPFU",10,"SM2","Kamloops_SE|2025-06-11"
"2596","Kamloops_SE","Kamloops","SE","Anabat_Chorus","Anabat_Chorus",2025-06-11,"EUMA",4,"SM2","Kamloops_SE|2025-06-11"
"2597","Kamloops_SE","Kamloops","SE","Anabat_Chorus","Anabat_Chorus",2025-06-11,"LABO",1,"SM2","Kamloops_SE|2025-06-11"
"2598","Kamloops_SE","Kamloops","SE","Anabat_Chorus","Anabat_Chorus",2025-06-11,"LACI",4,"SM2","Kamloops_SE|2025-06-11"
"2599","Kamloops_SE","Kamloops","SE","Anabat_Chorus","Anabat_Chorus",2025-06-11,"LANO",4,"SM2","Kamloops_SE|2025-06-11"
"2600","Kamloops_SE","Kamloops","SE","Anabat_Chorus","Anabat_Chorus",2025-06-11,"MYCA",3,"SM2","Kamloops_SE|2025-06-11"
"2601","Kamloops_SE","Kamloops","SE","Anabat_Chorus","Anabat_Chorus",2025-06-11,"MYCI",3,"SM2","Kamloops_SE|2025-06-11"
"2602","Kamloops_SE","Kamloops","SE","Anabat_Chorus","Anabat_Chorus",2025-06-11,"MYEV",2,"SM2","Kamloops_SE|2025-06-11"
"2603","Kamloops_SE","Kamloops","SE","Anabat_Chorus","Anabat_Chorus",2025-06-11,"MYLU",27,"SM2","Kamloops_SE|2025-06-11"
"2604","Kamloops_SE","Kamloops","SE","Anabat_Chorus","Anabat_Chorus",2025-06-11,"MYSE",0,"SM2","Kamloops_SE|2025-06-11"
"2605","Kamloops_SE","Kamloops","SE","Anabat_Chorus","Anabat_Chorus",2025-06-11,"MYTH",0,"SM2","Kamloops_SE|2025-06-11"
"2606","Kamloops_SE","Kamloops","SE","Anabat_Chorus","Anabat_Chorus",2025-06-11,"MYVO",2,"SM2","Kamloops_SE|2025-06-11"
"2607","Kamloops_SE","Kamloops","SE","Anabat_Chorus","Anabat_Chorus",2025-06-11,"MYYU",0,"SM2","Kamloops_SE|2025-06-11"
"2608","Kamloops_SE","Kamloops","SE","Anabat_Chorus","Anabat_Chorus",2025-06-11,"PAHE",0,"SM2","Kamloops_SE|2025-06-11"
"2609","Kamloops_SE","Kamloops","SE","Anabat_Chorus","Anabat_Chorus",2025-06-12,"ANPA",0,"SM2","Kamloops_SE|2025-06-12"
"2610","Kamloops_SE","Kamloops","SE","Anabat_Chorus","Anabat_Chorus",2025-06-12,"COTO",1,"SM2","Kamloops_SE|2025-06-12"
"2611","Kamloops_SE","Kamloops","SE","Anabat_Chorus","Anabat_Chorus",2025-06-12,"EPFU",3,"SM2","Kamloops_SE|2025-06-12"
"2612","Kamloops_SE","Kamloops","SE","Anabat_Chorus","Anabat_Chorus",2025-06-12,"EUMA",0,"SM2","Kamloops_SE|2025-06-12"
"2613","Kamloops_SE","Kamloops","SE","Anabat_Chorus","Anabat_Chorus",2025-06-12,"LABO",1,"SM2","Kamloops_SE|2025-06-12"
"2614","Kamloops_SE","Kamloops","SE","Anabat_Chorus","Anabat_Chorus",2025-06-12,"LACI",4,"SM2","Kamloops_SE|2025-06-12"
"2615","Kamloops_SE","Kamloops","SE","Anabat_Chorus","Anabat_Chorus",2025-06-12,"LANO",3,"SM2","Kamloops_SE|2025-06-12"
"2616","Kamloops_SE","Kamloops","SE","Anabat_Chorus","Anabat_Chorus",2025-06-12,"MYCA",1,"SM2","Kamloops_SE|2025-06-12"
"2617","Kamloops_SE","Kamloops","SE","Anabat_Chorus","Anabat_Chorus",2025-06-12,"MYCI",4,"SM2","Kamloops_SE|2025-06-12"
"2618","Kamloops_SE","Kamloops","SE","Anabat_Chorus","Anabat_Chorus",2025-06-12,"MYEV",0,"SM2","Kamloops_SE|2025-06-12"
"2619","Kamloops_SE","Kamloops","SE","Anabat_Chorus","Anabat_Chorus",2025-06-12,"MYLU",19,"SM2","Kamloops_SE|2025-06-12"
"2620","Kamloops_SE","Kamloops","SE","Anabat_Chorus","Anabat_Chorus",2025-06-12,"MYSE",0,"SM2","Kamloops_SE|2025-06-12"
"2621","Kamloops_SE","Kamloops","SE","Anabat_Chorus","Anabat_Chorus",2025-06-12,"MYTH",0,"SM2","Kamloops_SE|2025-06-12"
"2622","Kamloops_SE","Kamloops","SE","Anabat_Chorus","Anabat_Chorus",2025-06-12,"MYVO",2,"SM2","Kamloops_SE|2025-06-12"
"2623","Kamloops_SE","Kamloops","SE","Anabat_Chorus","Anabat_Chorus",2025-06-12,"MYYU",2,"SM2","Kamloops_SE|2025-06-12"
"2624","Kamloops_SE","Kamloops","SE","Anabat_Chorus","Anabat_Chorus",2025-06-12,"PAHE",0,"SM2","Kamloops_SE|2025-06-12"
"2625","Kamloops_SW","Kamloops","SW","SM2","Other_FS",2025-06-02,"ANPA",0,"SM2","Kamloops_SW|2025-06-02"
"2626","Kamloops_SW","Kamloops","SW","SM2","Other_FS",2025-06-02,"COTO",5,"SM2","Kamloops_SW|2025-06-02"
"2627","Kamloops_SW","Kamloops","SW","SM2","Other_FS",2025-06-02,"EPFU",44,"SM2","Kamloops_SW|2025-06-02"
"2628","Kamloops_SW","Kamloops","SW","SM2","Other_FS",2025-06-02,"EUMA",0,"SM2","Kamloops_SW|2025-06-02"
"2629","Kamloops_SW","Kamloops","SW","SM2","Other_FS",2025-06-02,"LABO",5,"SM2","Kamloops_SW|2025-06-02"
"2630","Kamloops_SW","Kamloops","SW","SM2","Other_FS",2025-06-02,"LACI",7,"SM2","Kamloops_SW|2025-06-02"
"2631","Kamloops_SW","Kamloops","SW","SM2","Other_FS",2025-06-02,"LANO",112,"SM2","Kamloops_SW|2025-06-02"
"2632","Kamloops_SW","Kamloops","SW","SM2","Other_FS",2025-06-02,"MYCA",97,"SM2","Kamloops_SW|2025-06-02"
"2633","Kamloops_SW","Kamloops","SW","SM2","Other_FS",2025-06-02,"MYCI",69,"SM2","Kamloops_SW|2025-06-02"
"2634","Kamloops_SW","Kamloops","SW","SM2","Other_FS",2025-06-02,"MYEV",0,"SM2","Kamloops_SW|2025-06-02"
"2635","Kamloops_SW","Kamloops","SW","SM2","Other_FS",2025-06-02,"MYLU",93,"SM2","Kamloops_SW|2025-06-02"
"2636","Kamloops_SW","Kamloops","SW","SM2","Other_FS",2025-06-02,"MYSE",0,"SM2","Kamloops_SW|2025-06-02"
"2637","Kamloops_SW","Kamloops","SW","SM2","Other_FS",2025-06-02,"MYTH",0,"SM2","Kamloops_SW|2025-06-02"
"2638","Kamloops_SW","Kamloops","SW","SM2","Other_FS",2025-06-02,"MYVO",25,"SM2","Kamloops_SW|2025-06-02"
"2639","Kamloops_SW","Kamloops","SW","SM2","Other_FS",2025-06-02,"MYYU",3,"SM2","Kamloops_SW|2025-06-02"
"2640","Kamloops_SW","Kamloops","SW","SM2","Other_FS",2025-06-02,"PAHE",0,"SM2","Kamloops_SW|2025-06-02"
"2641","Kamloops_SW","Kamloops","SW","SM2","Other_FS",2025-06-03,"ANPA",2,"SM2","Kamloops_SW|2025-06-03"
"2642","Kamloops_SW","Kamloops","SW","SM2","Other_FS",2025-06-03,"COTO",3,"SM2","Kamloops_SW|2025-06-03"
"2643","Kamloops_SW","Kamloops","SW","SM2","Other_FS",2025-06-03,"EPFU",45,"SM2","Kamloops_SW|2025-06-03"
"2644","Kamloops_SW","Kamloops","SW","SM2","Other_FS",2025-06-03,"EUMA",0,"SM2","Kamloops_SW|2025-06-03"
"2645","Kamloops_SW","Kamloops","SW","SM2","Other_FS",2025-06-03,"LABO",8,"SM2","Kamloops_SW|2025-06-03"
"2646","Kamloops_SW","Kamloops","SW","SM2","Other_FS",2025-06-03,"LACI",19,"SM2","Kamloops_SW|2025-06-03"
"2647","Kamloops_SW","Kamloops","SW","SM2","Other_FS",2025-06-03,"LANO",391,"SM2","Kamloops_SW|2025-06-03"
"2648","Kamloops_SW","Kamloops","SW","SM2","Other_FS",2025-06-03,"MYCA",28,"SM2","Kamloops_SW|2025-06-03"
"2649","Kamloops_SW","Kamloops","SW","SM2","Other_FS",2025-06-03,"MYCI",39,"SM2","Kamloops_SW|2025-06-03"
"2650","Kamloops_SW","Kamloops","SW","SM2","Other_FS",2025-06-03,"MYEV",1,"SM2","Kamloops_SW|2025-06-03"
"2651","Kamloops_SW","Kamloops","SW","SM2","Other_FS",2025-06-03,"MYLU",338,"SM2","Kamloops_SW|2025-06-03"
"2652","Kamloops_SW","Kamloops","SW","SM2","Other_FS",2025-06-03,"MYSE",0,"SM2","Kamloops_SW|2025-06-03"
"2653","Kamloops_SW","Kamloops","SW","SM2","Other_FS",2025-06-03,"MYTH",1,"SM2","Kamloops_SW|2025-06-03"
"2654","Kamloops_SW","Kamloops","SW","SM2","Other_FS",2025-06-03,"MYVO",6,"SM2","Kamloops_SW|2025-06-03"
"2655","Kamloops_SW","Kamloops","SW","SM2","Other_FS",2025-06-03,"MYYU",9,"SM2","Kamloops_SW|2025-06-03"
"2656","Kamloops_SW","Kamloops","SW","SM2","Other_FS",2025-06-03,"PAHE",0,"SM2","Kamloops_SW|2025-06-03"
"2657","Kamloops_SW","Kamloops","SW","SM2","Other_FS",2025-06-04,"ANPA",0,"SM2","Kamloops_SW|2025-06-04"
"2658","Kamloops_SW","Kamloops","SW","SM2","Other_FS",2025-06-04,"COTO",2,"SM2","Kamloops_SW|2025-06-04"
"2659","Kamloops_SW","Kamloops","SW","SM2","Other_FS",2025-06-04,"EPFU",35,"SM2","Kamloops_SW|2025-06-04"
"2660","Kamloops_SW","Kamloops","SW","SM2","Other_FS",2025-06-04,"EUMA",0,"SM2","Kamloops_SW|2025-06-04"
"2661","Kamloops_SW","Kamloops","SW","SM2","Other_FS",2025-06-04,"LABO",8,"SM2","Kamloops_SW|2025-06-04"
"2662","Kamloops_SW","Kamloops","SW","SM2","Other_FS",2025-06-04,"LACI",10,"SM2","Kamloops_SW|2025-06-04"
"2663","Kamloops_SW","Kamloops","SW","SM2","Other_FS",2025-06-04,"LANO",206,"SM2","Kamloops_SW|2025-06-04"
"2664","Kamloops_SW","Kamloops","SW","SM2","Other_FS",2025-06-04,"MYCA",18,"SM2","Kamloops_SW|2025-06-04"
"2665","Kamloops_SW","Kamloops","SW","SM2","Other_FS",2025-06-04,"MYCI",39,"SM2","Kamloops_SW|2025-06-04"
"2666","Kamloops_SW","Kamloops","SW","SM2","Other_FS",2025-06-04,"MYEV",0,"SM2","Kamloops_SW|2025-06-04"
"2667","Kamloops_SW","Kamloops","SW","SM2","Other_FS",2025-06-04,"MYLU",231,"SM2","Kamloops_SW|2025-06-04"
"2668","Kamloops_SW","Kamloops","SW","SM2","Other_FS",2025-06-04,"MYSE",0,"SM2","Kamloops_SW|2025-06-04"
"2669","Kamloops_SW","Kamloops","SW","SM2","Other_FS",2025-06-04,"MYTH",1,"SM2","Kamloops_SW|2025-06-04"
"2670","Kamloops_SW","Kamloops","SW","SM2","Other_FS",2025-06-04,"MYVO",35,"SM2","Kamloops_SW|2025-06-04"
"2671","Kamloops_SW","Kamloops","SW","SM2","Other_FS",2025-06-04,"MYYU",2,"SM2","Kamloops_SW|2025-06-04"
"2672","Kamloops_SW","Kamloops","SW","SM2","Other_FS",2025-06-04,"PAHE",0,"SM2","Kamloops_SW|2025-06-04"
"2673","Kamloops_SW","Kamloops","SW","SM2","Other_FS",2025-06-05,"ANPA",0,"SM2","Kamloops_SW|2025-06-05"
"2674","Kamloops_SW","Kamloops","SW","SM2","Other_FS",2025-06-05,"COTO",3,"SM2","Kamloops_SW|2025-06-05"
"2675","Kamloops_SW","Kamloops","SW","SM2","Other_FS",2025-06-05,"EPFU",140,"SM2","Kamloops_SW|2025-06-05"
"2676","Kamloops_SW","Kamloops","SW","SM2","Other_FS",2025-06-05,"EUMA",0,"SM2","Kamloops_SW|2025-06-05"
"2677","Kamloops_SW","Kamloops","SW","SM2","Other_FS",2025-06-05,"LABO",30,"SM2","Kamloops_SW|2025-06-05"
"2678","Kamloops_SW","Kamloops","SW","SM2","Other_FS",2025-06-05,"LACI",25,"SM2","Kamloops_SW|2025-06-05"
"2679","Kamloops_SW","Kamloops","SW","SM2","Other_FS",2025-06-05,"LANO",193,"SM2","Kamloops_SW|2025-06-05"
"2680","Kamloops_SW","Kamloops","SW","SM2","Other_FS",2025-06-05,"MYCA",11,"SM2","Kamloops_SW|2025-06-05"
"2681","Kamloops_SW","Kamloops","SW","SM2","Other_FS",2025-06-05,"MYCI",43,"SM2","Kamloops_SW|2025-06-05"
"2682","Kamloops_SW","Kamloops","SW","SM2","Other_FS",2025-06-05,"MYEV",0,"SM2","Kamloops_SW|2025-06-05"
"2683","Kamloops_SW","Kamloops","SW","SM2","Other_FS",2025-06-05,"MYLU",450,"SM2","Kamloops_SW|2025-06-05"
"2684","Kamloops_SW","Kamloops","SW","SM2","Other_FS",2025-06-05,"MYSE",0,"SM2","Kamloops_SW|2025-06-05"
"2685","Kamloops_SW","Kamloops","SW","SM2","Other_FS",2025-06-05,"MYTH",0,"SM2","Kamloops_SW|2025-06-05"
"2686","Kamloops_SW","Kamloops","SW","SM2","Other_FS",2025-06-05,"MYVO",8,"SM2","Kamloops_SW|2025-06-05"
"2687","Kamloops_SW","Kamloops","SW","SM2","Other_FS",2025-06-05,"MYYU",3,"SM2","Kamloops_SW|2025-06-05"
"2688","Kamloops_SW","Kamloops","SW","SM2","Other_FS",2025-06-05,"PAHE",0,"SM2","Kamloops_SW|2025-06-05"
"2689","Kamloops_SW","Kamloops","SW","SM2","Other_FS",2025-06-06,"ANPA",0,"SM2","Kamloops_SW|2025-06-06"
"2690","Kamloops_SW","Kamloops","SW","SM2","Other_FS",2025-06-06,"COTO",0,"SM2","Kamloops_SW|2025-06-06"
"2691","Kamloops_SW","Kamloops","SW","SM2","Other_FS",2025-06-06,"EPFU",28,"SM2","Kamloops_SW|2025-06-06"
"2692","Kamloops_SW","Kamloops","SW","SM2","Other_FS",2025-06-06,"EUMA",0,"SM2","Kamloops_SW|2025-06-06"
"2693","Kamloops_SW","Kamloops","SW","SM2","Other_FS",2025-06-06,"LABO",2,"SM2","Kamloops_SW|2025-06-06"
"2694","Kamloops_SW","Kamloops","SW","SM2","Other_FS",2025-06-06,"LACI",8,"SM2","Kamloops_SW|2025-06-06"
"2695","Kamloops_SW","Kamloops","SW","SM2","Other_FS",2025-06-06,"LANO",8,"SM2","Kamloops_SW|2025-06-06"
"2696","Kamloops_SW","Kamloops","SW","SM2","Other_FS",2025-06-06,"MYCA",2,"SM2","Kamloops_SW|2025-06-06"
"2697","Kamloops_SW","Kamloops","SW","SM2","Other_FS",2025-06-06,"MYCI",17,"SM2","Kamloops_SW|2025-06-06"
"2698","Kamloops_SW","Kamloops","SW","SM2","Other_FS",2025-06-06,"MYEV",0,"SM2","Kamloops_SW|2025-06-06"
"2699","Kamloops_SW","Kamloops","SW","SM2","Other_FS",2025-06-06,"MYLU",52,"SM2","Kamloops_SW|2025-06-06"
"2700","Kamloops_SW","Kamloops","SW","SM2","Other_FS",2025-06-06,"MYSE",0,"SM2","Kamloops_SW|2025-06-06"
"2701","Kamloops_SW","Kamloops","SW","SM2","Other_FS",2025-06-06,"MYTH",0,"SM2","Kamloops_SW|2025-06-06"
"2702","Kamloops_SW","Kamloops","SW","SM2","Other_FS",2025-06-06,"MYVO",1,"SM2","Kamloops_SW|2025-06-06"
"2703","Kamloops_SW","Kamloops","SW","SM2","Other_FS",2025-06-06,"MYYU",1,"SM2","Kamloops_SW|2025-06-06"
"2704","Kamloops_SW","Kamloops","SW","SM2","Other_FS",2025-06-06,"PAHE",0,"SM2","Kamloops_SW|2025-06-06"
"2705","Kamloops_SW","Kamloops","SW","Anabat_Chorus","Anabat_Chorus",2025-06-02,"ANPA",0,"SM2","Kamloops_SW|2025-06-02"
"2706","Kamloops_SW","Kamloops","SW","Anabat_Chorus","Anabat_Chorus",2025-06-02,"COTO",3,"SM2","Kamloops_SW|2025-06-02"
"2707","Kamloops_SW","Kamloops","SW","Anabat_Chorus","Anabat_Chorus",2025-06-02,"EPFU",36,"SM2","Kamloops_SW|2025-06-02"
"2708","Kamloops_SW","Kamloops","SW","Anabat_Chorus","Anabat_Chorus",2025-06-02,"EUMA",1,"SM2","Kamloops_SW|2025-06-02"
"2709","Kamloops_SW","Kamloops","SW","Anabat_Chorus","Anabat_Chorus",2025-06-02,"LABO",2,"SM2","Kamloops_SW|2025-06-02"
"2710","Kamloops_SW","Kamloops","SW","Anabat_Chorus","Anabat_Chorus",2025-06-02,"LACI",3,"SM2","Kamloops_SW|2025-06-02"
"2711","Kamloops_SW","Kamloops","SW","Anabat_Chorus","Anabat_Chorus",2025-06-02,"LANO",89,"SM2","Kamloops_SW|2025-06-02"
"2712","Kamloops_SW","Kamloops","SW","Anabat_Chorus","Anabat_Chorus",2025-06-02,"MYCA",121,"SM2","Kamloops_SW|2025-06-02"
"2713","Kamloops_SW","Kamloops","SW","Anabat_Chorus","Anabat_Chorus",2025-06-02,"MYCI",109,"SM2","Kamloops_SW|2025-06-02"
"2714","Kamloops_SW","Kamloops","SW","Anabat_Chorus","Anabat_Chorus",2025-06-02,"MYEV",0,"SM2","Kamloops_SW|2025-06-02"
"2715","Kamloops_SW","Kamloops","SW","Anabat_Chorus","Anabat_Chorus",2025-06-02,"MYLU",103,"SM2","Kamloops_SW|2025-06-02"
"2716","Kamloops_SW","Kamloops","SW","Anabat_Chorus","Anabat_Chorus",2025-06-02,"MYSE",0,"SM2","Kamloops_SW|2025-06-02"
"2717","Kamloops_SW","Kamloops","SW","Anabat_Chorus","Anabat_Chorus",2025-06-02,"MYTH",1,"SM2","Kamloops_SW|2025-06-02"
"2718","Kamloops_SW","Kamloops","SW","Anabat_Chorus","Anabat_Chorus",2025-06-02,"MYVO",41,"SM2","Kamloops_SW|2025-06-02"
"2719","Kamloops_SW","Kamloops","SW","Anabat_Chorus","Anabat_Chorus",2025-06-02,"MYYU",4,"SM2","Kamloops_SW|2025-06-02"
"2720","Kamloops_SW","Kamloops","SW","Anabat_Chorus","Anabat_Chorus",2025-06-02,"PAHE",1,"SM2","Kamloops_SW|2025-06-02"
"2721","Kamloops_SW","Kamloops","SW","Anabat_Chorus","Anabat_Chorus",2025-06-03,"ANPA",1,"SM2","Kamloops_SW|2025-06-03"
"2722","Kamloops_SW","Kamloops","SW","Anabat_Chorus","Anabat_Chorus",2025-06-03,"COTO",3,"SM2","Kamloops_SW|2025-06-03"
"2723","Kamloops_SW","Kamloops","SW","Anabat_Chorus","Anabat_Chorus",2025-06-03,"EPFU",49,"SM2","Kamloops_SW|2025-06-03"
"2724","Kamloops_SW","Kamloops","SW","Anabat_Chorus","Anabat_Chorus",2025-06-03,"EUMA",0,"SM2","Kamloops_SW|2025-06-03"
"2725","Kamloops_SW","Kamloops","SW","Anabat_Chorus","Anabat_Chorus",2025-06-03,"LABO",1,"SM2","Kamloops_SW|2025-06-03"
"2726","Kamloops_SW","Kamloops","SW","Anabat_Chorus","Anabat_Chorus",2025-06-03,"LACI",10,"SM2","Kamloops_SW|2025-06-03"
"2727","Kamloops_SW","Kamloops","SW","Anabat_Chorus","Anabat_Chorus",2025-06-03,"LANO",285,"SM2","Kamloops_SW|2025-06-03"
"2728","Kamloops_SW","Kamloops","SW","Anabat_Chorus","Anabat_Chorus",2025-06-03,"MYCA",49,"SM2","Kamloops_SW|2025-06-03"
"2729","Kamloops_SW","Kamloops","SW","Anabat_Chorus","Anabat_Chorus",2025-06-03,"MYCI",65,"SM2","Kamloops_SW|2025-06-03"
"2730","Kamloops_SW","Kamloops","SW","Anabat_Chorus","Anabat_Chorus",2025-06-03,"MYEV",1,"SM2","Kamloops_SW|2025-06-03"
"2731","Kamloops_SW","Kamloops","SW","Anabat_Chorus","Anabat_Chorus",2025-06-03,"MYLU",418,"SM2","Kamloops_SW|2025-06-03"
"2732","Kamloops_SW","Kamloops","SW","Anabat_Chorus","Anabat_Chorus",2025-06-03,"MYSE",0,"SM2","Kamloops_SW|2025-06-03"
"2733","Kamloops_SW","Kamloops","SW","Anabat_Chorus","Anabat_Chorus",2025-06-03,"MYTH",2,"SM2","Kamloops_SW|2025-06-03"
"2734","Kamloops_SW","Kamloops","SW","Anabat_Chorus","Anabat_Chorus",2025-06-03,"MYVO",19,"SM2","Kamloops_SW|2025-06-03"
"2735","Kamloops_SW","Kamloops","SW","Anabat_Chorus","Anabat_Chorus",2025-06-03,"MYYU",11,"SM2","Kamloops_SW|2025-06-03"
"2736","Kamloops_SW","Kamloops","SW","Anabat_Chorus","Anabat_Chorus",2025-06-03,"PAHE",0,"SM2","Kamloops_SW|2025-06-03"
"2737","Kamloops_SW","Kamloops","SW","Anabat_Chorus","Anabat_Chorus",2025-06-04,"ANPA",0,"SM2","Kamloops_SW|2025-06-04"
"2738","Kamloops_SW","Kamloops","SW","Anabat_Chorus","Anabat_Chorus",2025-06-04,"COTO",5,"SM2","Kamloops_SW|2025-06-04"
"2739","Kamloops_SW","Kamloops","SW","Anabat_Chorus","Anabat_Chorus",2025-06-04,"EPFU",42,"SM2","Kamloops_SW|2025-06-04"
"2740","Kamloops_SW","Kamloops","SW","Anabat_Chorus","Anabat_Chorus",2025-06-04,"EUMA",0,"SM2","Kamloops_SW|2025-06-04"
"2741","Kamloops_SW","Kamloops","SW","Anabat_Chorus","Anabat_Chorus",2025-06-04,"LABO",3,"SM2","Kamloops_SW|2025-06-04"
"2742","Kamloops_SW","Kamloops","SW","Anabat_Chorus","Anabat_Chorus",2025-06-04,"LACI",5,"SM2","Kamloops_SW|2025-06-04"
"2743","Kamloops_SW","Kamloops","SW","Anabat_Chorus","Anabat_Chorus",2025-06-04,"LANO",159,"SM2","Kamloops_SW|2025-06-04"
"2744","Kamloops_SW","Kamloops","SW","Anabat_Chorus","Anabat_Chorus",2025-06-04,"MYCA",35,"SM2","Kamloops_SW|2025-06-04"
"2745","Kamloops_SW","Kamloops","SW","Anabat_Chorus","Anabat_Chorus",2025-06-04,"MYCI",78,"SM2","Kamloops_SW|2025-06-04"
"2746","Kamloops_SW","Kamloops","SW","Anabat_Chorus","Anabat_Chorus",2025-06-04,"MYEV",0,"SM2","Kamloops_SW|2025-06-04"
"2747","Kamloops_SW","Kamloops","SW","Anabat_Chorus","Anabat_Chorus",2025-06-04,"MYLU",285,"SM2","Kamloops_SW|2025-06-04"
"2748","Kamloops_SW","Kamloops","SW","Anabat_Chorus","Anabat_Chorus",2025-06-04,"MYSE",0,"SM2","Kamloops_SW|2025-06-04"
"2749","Kamloops_SW","Kamloops","SW","Anabat_Chorus","Anabat_Chorus",2025-06-04,"MYTH",0,"SM2","Kamloops_SW|2025-06-04"
"2750","Kamloops_SW","Kamloops","SW","Anabat_Chorus","Anabat_Chorus",2025-06-04,"MYVO",42,"SM2","Kamloops_SW|2025-06-04"
"2751","Kamloops_SW","Kamloops","SW","Anabat_Chorus","Anabat_Chorus",2025-06-04,"MYYU",2,"SM2","Kamloops_SW|2025-06-04"
"2752","Kamloops_SW","Kamloops","SW","Anabat_Chorus","Anabat_Chorus",2025-06-04,"PAHE",0,"SM2","Kamloops_SW|2025-06-04"
"2753","Kamloops_SW","Kamloops","SW","Anabat_Chorus","Anabat_Chorus",2025-06-05,"ANPA",2,"SM2","Kamloops_SW|2025-06-05"
"2754","Kamloops_SW","Kamloops","SW","Anabat_Chorus","Anabat_Chorus",2025-06-05,"COTO",5,"SM2","Kamloops_SW|2025-06-05"
"2755","Kamloops_SW","Kamloops","SW","Anabat_Chorus","Anabat_Chorus",2025-06-05,"EPFU",108,"SM2","Kamloops_SW|2025-06-05"
"2756","Kamloops_SW","Kamloops","SW","Anabat_Chorus","Anabat_Chorus",2025-06-05,"EUMA",0,"SM2","Kamloops_SW|2025-06-05"
"2757","Kamloops_SW","Kamloops","SW","Anabat_Chorus","Anabat_Chorus",2025-06-05,"LABO",9,"SM2","Kamloops_SW|2025-06-05"
"2758","Kamloops_SW","Kamloops","SW","Anabat_Chorus","Anabat_Chorus",2025-06-05,"LACI",25,"SM2","Kamloops_SW|2025-06-05"
"2759","Kamloops_SW","Kamloops","SW","Anabat_Chorus","Anabat_Chorus",2025-06-05,"LANO",155,"SM2","Kamloops_SW|2025-06-05"
"2760","Kamloops_SW","Kamloops","SW","Anabat_Chorus","Anabat_Chorus",2025-06-05,"MYCA",25,"SM2","Kamloops_SW|2025-06-05"
"2761","Kamloops_SW","Kamloops","SW","Anabat_Chorus","Anabat_Chorus",2025-06-05,"MYCI",96,"SM2","Kamloops_SW|2025-06-05"
"2762","Kamloops_SW","Kamloops","SW","Anabat_Chorus","Anabat_Chorus",2025-06-05,"MYEV",0,"SM2","Kamloops_SW|2025-06-05"
"2763","Kamloops_SW","Kamloops","SW","Anabat_Chorus","Anabat_Chorus",2025-06-05,"MYLU",464,"SM2","Kamloops_SW|2025-06-05"
"2764","Kamloops_SW","Kamloops","SW","Anabat_Chorus","Anabat_Chorus",2025-06-05,"MYSE",0,"SM2","Kamloops_SW|2025-06-05"
"2765","Kamloops_SW","Kamloops","SW","Anabat_Chorus","Anabat_Chorus",2025-06-05,"MYTH",0,"SM2","Kamloops_SW|2025-06-05"
"2766","Kamloops_SW","Kamloops","SW","Anabat_Chorus","Anabat_Chorus",2025-06-05,"MYVO",17,"SM2","Kamloops_SW|2025-06-05"
"2767","Kamloops_SW","Kamloops","SW","Anabat_Chorus","Anabat_Chorus",2025-06-05,"MYYU",6,"SM2","Kamloops_SW|2025-06-05"
"2768","Kamloops_SW","Kamloops","SW","Anabat_Chorus","Anabat_Chorus",2025-06-05,"PAHE",0,"SM2","Kamloops_SW|2025-06-05"
"2769","Kamloops_SW","Kamloops","SW","Anabat_Chorus","Anabat_Chorus",2025-06-06,"ANPA",3,"SM2","Kamloops_SW|2025-06-06"
"2770","Kamloops_SW","Kamloops","SW","Anabat_Chorus","Anabat_Chorus",2025-06-06,"COTO",3,"SM2","Kamloops_SW|2025-06-06"
"2771","Kamloops_SW","Kamloops","SW","Anabat_Chorus","Anabat_Chorus",2025-06-06,"EPFU",143,"SM2","Kamloops_SW|2025-06-06"
"2772","Kamloops_SW","Kamloops","SW","Anabat_Chorus","Anabat_Chorus",2025-06-06,"EUMA",0,"SM2","Kamloops_SW|2025-06-06"
"2773","Kamloops_SW","Kamloops","SW","Anabat_Chorus","Anabat_Chorus",2025-06-06,"LABO",1,"SM2","Kamloops_SW|2025-06-06"
"2774","Kamloops_SW","Kamloops","SW","Anabat_Chorus","Anabat_Chorus",2025-06-06,"LACI",15,"SM2","Kamloops_SW|2025-06-06"
"2775","Kamloops_SW","Kamloops","SW","Anabat_Chorus","Anabat_Chorus",2025-06-06,"LANO",106,"SM2","Kamloops_SW|2025-06-06"
"2776","Kamloops_SW","Kamloops","SW","Anabat_Chorus","Anabat_Chorus",2025-06-06,"MYCA",14,"SM2","Kamloops_SW|2025-06-06"
"2777","Kamloops_SW","Kamloops","SW","Anabat_Chorus","Anabat_Chorus",2025-06-06,"MYCI",64,"SM2","Kamloops_SW|2025-06-06"
"2778","Kamloops_SW","Kamloops","SW","Anabat_Chorus","Anabat_Chorus",2025-06-06,"MYEV",0,"SM2","Kamloops_SW|2025-06-06"
"2779","Kamloops_SW","Kamloops","SW","Anabat_Chorus","Anabat_Chorus",2025-06-06,"MYLU",163,"SM2","Kamloops_SW|2025-06-06"
"2780","Kamloops_SW","Kamloops","SW","Anabat_Chorus","Anabat_Chorus",2025-06-06,"MYSE",0,"SM2","Kamloops_SW|2025-06-06"
"2781","Kamloops_SW","Kamloops","SW","Anabat_Chorus","Anabat_Chorus",2025-06-06,"MYTH",0,"SM2","Kamloops_SW|2025-06-06"
"2782","Kamloops_SW","Kamloops","SW","Anabat_Chorus","Anabat_Chorus",2025-06-06,"MYVO",18,"SM2","Kamloops_SW|2025-06-06"
"2783","Kamloops_SW","Kamloops","SW","Anabat_Chorus","Anabat_Chorus",2025-06-06,"MYYU",1,"SM2","Kamloops_SW|2025-06-06"
"2784","Kamloops_SW","Kamloops","SW","Anabat_Chorus","Anabat_Chorus",2025-06-06,"PAHE",0,"SM2","Kamloops_SW|2025-06-06"
"2785","Lillooet_NE","Lillooet","NE","SM2","Other_FS",2025-05-23,"ANPA",0,"SM2","Lillooet_NE|2025-05-23"
"2786","Lillooet_NE","Lillooet","NE","SM2","Other_FS",2025-05-23,"COTO",0,"SM2","Lillooet_NE|2025-05-23"
"2787","Lillooet_NE","Lillooet","NE","SM2","Other_FS",2025-05-23,"EPFU",8,"SM2","Lillooet_NE|2025-05-23"
"2788","Lillooet_NE","Lillooet","NE","SM2","Other_FS",2025-05-23,"EUMA",0,"SM2","Lillooet_NE|2025-05-23"
"2789","Lillooet_NE","Lillooet","NE","SM2","Other_FS",2025-05-23,"LABO",0,"SM2","Lillooet_NE|2025-05-23"
"2790","Lillooet_NE","Lillooet","NE","SM2","Other_FS",2025-05-23,"LACI",1,"SM2","Lillooet_NE|2025-05-23"
"2791","Lillooet_NE","Lillooet","NE","SM2","Other_FS",2025-05-23,"LANO",145,"SM2","Lillooet_NE|2025-05-23"
"2792","Lillooet_NE","Lillooet","NE","SM2","Other_FS",2025-05-23,"MYCA",24,"SM2","Lillooet_NE|2025-05-23"
"2793","Lillooet_NE","Lillooet","NE","SM2","Other_FS",2025-05-23,"MYCI",345,"SM2","Lillooet_NE|2025-05-23"
"2794","Lillooet_NE","Lillooet","NE","SM2","Other_FS",2025-05-23,"MYEV",0,"SM2","Lillooet_NE|2025-05-23"
"2795","Lillooet_NE","Lillooet","NE","SM2","Other_FS",2025-05-23,"MYLU",69,"SM2","Lillooet_NE|2025-05-23"
"2796","Lillooet_NE","Lillooet","NE","SM2","Other_FS",2025-05-23,"MYSE",0,"SM2","Lillooet_NE|2025-05-23"
"2797","Lillooet_NE","Lillooet","NE","SM2","Other_FS",2025-05-23,"MYTH",1,"SM2","Lillooet_NE|2025-05-23"
"2798","Lillooet_NE","Lillooet","NE","SM2","Other_FS",2025-05-23,"MYVO",31,"SM2","Lillooet_NE|2025-05-23"
"2799","Lillooet_NE","Lillooet","NE","SM2","Other_FS",2025-05-23,"MYYU",15,"SM2","Lillooet_NE|2025-05-23"
"2800","Lillooet_NE","Lillooet","NE","SM2","Other_FS",2025-05-23,"PAHE",0,"SM2","Lillooet_NE|2025-05-23"
"2801","Lillooet_NE","Lillooet","NE","SM2","Other_FS",2025-05-24,"ANPA",0,"SM2","Lillooet_NE|2025-05-24"
"2802","Lillooet_NE","Lillooet","NE","SM2","Other_FS",2025-05-24,"COTO",0,"SM2","Lillooet_NE|2025-05-24"
"2803","Lillooet_NE","Lillooet","NE","SM2","Other_FS",2025-05-24,"EPFU",5,"SM2","Lillooet_NE|2025-05-24"
"2804","Lillooet_NE","Lillooet","NE","SM2","Other_FS",2025-05-24,"EUMA",4,"SM2","Lillooet_NE|2025-05-24"
"2805","Lillooet_NE","Lillooet","NE","SM2","Other_FS",2025-05-24,"LABO",0,"SM2","Lillooet_NE|2025-05-24"
"2806","Lillooet_NE","Lillooet","NE","SM2","Other_FS",2025-05-24,"LACI",8,"SM2","Lillooet_NE|2025-05-24"
"2807","Lillooet_NE","Lillooet","NE","SM2","Other_FS",2025-05-24,"LANO",36,"SM2","Lillooet_NE|2025-05-24"
"2808","Lillooet_NE","Lillooet","NE","SM2","Other_FS",2025-05-24,"MYCA",5,"SM2","Lillooet_NE|2025-05-24"
"2809","Lillooet_NE","Lillooet","NE","SM2","Other_FS",2025-05-24,"MYCI",24,"SM2","Lillooet_NE|2025-05-24"
"2810","Lillooet_NE","Lillooet","NE","SM2","Other_FS",2025-05-24,"MYEV",1,"SM2","Lillooet_NE|2025-05-24"
"2811","Lillooet_NE","Lillooet","NE","SM2","Other_FS",2025-05-24,"MYLU",10,"SM2","Lillooet_NE|2025-05-24"
"2812","Lillooet_NE","Lillooet","NE","SM2","Other_FS",2025-05-24,"MYSE",0,"SM2","Lillooet_NE|2025-05-24"
"2813","Lillooet_NE","Lillooet","NE","SM2","Other_FS",2025-05-24,"MYTH",1,"SM2","Lillooet_NE|2025-05-24"
"2814","Lillooet_NE","Lillooet","NE","SM2","Other_FS",2025-05-24,"MYVO",2,"SM2","Lillooet_NE|2025-05-24"
"2815","Lillooet_NE","Lillooet","NE","SM2","Other_FS",2025-05-24,"MYYU",0,"SM2","Lillooet_NE|2025-05-24"
"2816","Lillooet_NE","Lillooet","NE","SM2","Other_FS",2025-05-24,"PAHE",0,"SM2","Lillooet_NE|2025-05-24"
"2817","Lillooet_NE","Lillooet","NE","SM2","Other_FS",2025-05-25,"ANPA",0,"SM2","Lillooet_NE|2025-05-25"
"2818","Lillooet_NE","Lillooet","NE","SM2","Other_FS",2025-05-25,"COTO",0,"SM2","Lillooet_NE|2025-05-25"
"2819","Lillooet_NE","Lillooet","NE","SM2","Other_FS",2025-05-25,"EPFU",12,"SM2","Lillooet_NE|2025-05-25"
"2820","Lillooet_NE","Lillooet","NE","SM2","Other_FS",2025-05-25,"EUMA",14,"SM2","Lillooet_NE|2025-05-25"
"2821","Lillooet_NE","Lillooet","NE","SM2","Other_FS",2025-05-25,"LABO",0,"SM2","Lillooet_NE|2025-05-25"
"2822","Lillooet_NE","Lillooet","NE","SM2","Other_FS",2025-05-25,"LACI",5,"SM2","Lillooet_NE|2025-05-25"
"2823","Lillooet_NE","Lillooet","NE","SM2","Other_FS",2025-05-25,"LANO",181,"SM2","Lillooet_NE|2025-05-25"
"2824","Lillooet_NE","Lillooet","NE","SM2","Other_FS",2025-05-25,"MYCA",6,"SM2","Lillooet_NE|2025-05-25"
"2825","Lillooet_NE","Lillooet","NE","SM2","Other_FS",2025-05-25,"MYCI",274,"SM2","Lillooet_NE|2025-05-25"
"2826","Lillooet_NE","Lillooet","NE","SM2","Other_FS",2025-05-25,"MYEV",0,"SM2","Lillooet_NE|2025-05-25"
"2827","Lillooet_NE","Lillooet","NE","SM2","Other_FS",2025-05-25,"MYLU",61,"SM2","Lillooet_NE|2025-05-25"
"2828","Lillooet_NE","Lillooet","NE","SM2","Other_FS",2025-05-25,"MYSE",0,"SM2","Lillooet_NE|2025-05-25"
"2829","Lillooet_NE","Lillooet","NE","SM2","Other_FS",2025-05-25,"MYTH",1,"SM2","Lillooet_NE|2025-05-25"
"2830","Lillooet_NE","Lillooet","NE","SM2","Other_FS",2025-05-25,"MYVO",40,"SM2","Lillooet_NE|2025-05-25"
"2831","Lillooet_NE","Lillooet","NE","SM2","Other_FS",2025-05-25,"MYYU",4,"SM2","Lillooet_NE|2025-05-25"
"2832","Lillooet_NE","Lillooet","NE","SM2","Other_FS",2025-05-25,"PAHE",0,"SM2","Lillooet_NE|2025-05-25"
"2833","Lillooet_NE","Lillooet","NE","SM2","Other_FS",2025-05-26,"ANPA",0,"SM2","Lillooet_NE|2025-05-26"
"2834","Lillooet_NE","Lillooet","NE","SM2","Other_FS",2025-05-26,"COTO",0,"SM2","Lillooet_NE|2025-05-26"
"2835","Lillooet_NE","Lillooet","NE","SM2","Other_FS",2025-05-26,"EPFU",1,"SM2","Lillooet_NE|2025-05-26"
"2836","Lillooet_NE","Lillooet","NE","SM2","Other_FS",2025-05-26,"EUMA",0,"SM2","Lillooet_NE|2025-05-26"
"2837","Lillooet_NE","Lillooet","NE","SM2","Other_FS",2025-05-26,"LABO",0,"SM2","Lillooet_NE|2025-05-26"
"2838","Lillooet_NE","Lillooet","NE","SM2","Other_FS",2025-05-26,"LACI",1,"SM2","Lillooet_NE|2025-05-26"
"2839","Lillooet_NE","Lillooet","NE","SM2","Other_FS",2025-05-26,"LANO",8,"SM2","Lillooet_NE|2025-05-26"
"2840","Lillooet_NE","Lillooet","NE","SM2","Other_FS",2025-05-26,"MYCA",1,"SM2","Lillooet_NE|2025-05-26"
"2841","Lillooet_NE","Lillooet","NE","SM2","Other_FS",2025-05-26,"MYCI",197,"SM2","Lillooet_NE|2025-05-26"
"2842","Lillooet_NE","Lillooet","NE","SM2","Other_FS",2025-05-26,"MYEV",0,"SM2","Lillooet_NE|2025-05-26"
"2843","Lillooet_NE","Lillooet","NE","SM2","Other_FS",2025-05-26,"MYLU",105,"SM2","Lillooet_NE|2025-05-26"
"2844","Lillooet_NE","Lillooet","NE","SM2","Other_FS",2025-05-26,"MYSE",0,"SM2","Lillooet_NE|2025-05-26"
"2845","Lillooet_NE","Lillooet","NE","SM2","Other_FS",2025-05-26,"MYTH",1,"SM2","Lillooet_NE|2025-05-26"
"2846","Lillooet_NE","Lillooet","NE","SM2","Other_FS",2025-05-26,"MYVO",1,"SM2","Lillooet_NE|2025-05-26"
"2847","Lillooet_NE","Lillooet","NE","SM2","Other_FS",2025-05-26,"MYYU",0,"SM2","Lillooet_NE|2025-05-26"
"2848","Lillooet_NE","Lillooet","NE","SM2","Other_FS",2025-05-26,"PAHE",0,"SM2","Lillooet_NE|2025-05-26"
"2849","Lillooet_NE","Lillooet","NE","SM2","Other_FS",2025-05-27,"ANPA",0,"SM2","Lillooet_NE|2025-05-27"
"2850","Lillooet_NE","Lillooet","NE","SM2","Other_FS",2025-05-27,"COTO",0,"SM2","Lillooet_NE|2025-05-27"
"2851","Lillooet_NE","Lillooet","NE","SM2","Other_FS",2025-05-27,"EPFU",1,"SM2","Lillooet_NE|2025-05-27"
"2852","Lillooet_NE","Lillooet","NE","SM2","Other_FS",2025-05-27,"EUMA",25,"SM2","Lillooet_NE|2025-05-27"
"2853","Lillooet_NE","Lillooet","NE","SM2","Other_FS",2025-05-27,"LABO",0,"SM2","Lillooet_NE|2025-05-27"
"2854","Lillooet_NE","Lillooet","NE","SM2","Other_FS",2025-05-27,"LACI",8,"SM2","Lillooet_NE|2025-05-27"
"2855","Lillooet_NE","Lillooet","NE","SM2","Other_FS",2025-05-27,"LANO",6,"SM2","Lillooet_NE|2025-05-27"
"2856","Lillooet_NE","Lillooet","NE","SM2","Other_FS",2025-05-27,"MYCA",1,"SM2","Lillooet_NE|2025-05-27"
"2857","Lillooet_NE","Lillooet","NE","SM2","Other_FS",2025-05-27,"MYCI",17,"SM2","Lillooet_NE|2025-05-27"
"2858","Lillooet_NE","Lillooet","NE","SM2","Other_FS",2025-05-27,"MYEV",0,"SM2","Lillooet_NE|2025-05-27"
"2859","Lillooet_NE","Lillooet","NE","SM2","Other_FS",2025-05-27,"MYLU",8,"SM2","Lillooet_NE|2025-05-27"
"2860","Lillooet_NE","Lillooet","NE","SM2","Other_FS",2025-05-27,"MYSE",0,"SM2","Lillooet_NE|2025-05-27"
"2861","Lillooet_NE","Lillooet","NE","SM2","Other_FS",2025-05-27,"MYTH",0,"SM2","Lillooet_NE|2025-05-27"
"2862","Lillooet_NE","Lillooet","NE","SM2","Other_FS",2025-05-27,"MYVO",0,"SM2","Lillooet_NE|2025-05-27"
"2863","Lillooet_NE","Lillooet","NE","SM2","Other_FS",2025-05-27,"MYYU",0,"SM2","Lillooet_NE|2025-05-27"
"2864","Lillooet_NE","Lillooet","NE","SM2","Other_FS",2025-05-27,"PAHE",0,"SM2","Lillooet_NE|2025-05-27"
"2865","Lillooet_NE","Lillooet","NE","SM2","Other_FS",2025-05-28,"ANPA",0,"SM2","Lillooet_NE|2025-05-28"
"2866","Lillooet_NE","Lillooet","NE","SM2","Other_FS",2025-05-28,"COTO",0,"SM2","Lillooet_NE|2025-05-28"
"2867","Lillooet_NE","Lillooet","NE","SM2","Other_FS",2025-05-28,"EPFU",18,"SM2","Lillooet_NE|2025-05-28"
"2868","Lillooet_NE","Lillooet","NE","SM2","Other_FS",2025-05-28,"EUMA",24,"SM2","Lillooet_NE|2025-05-28"
"2869","Lillooet_NE","Lillooet","NE","SM2","Other_FS",2025-05-28,"LABO",0,"SM2","Lillooet_NE|2025-05-28"
"2870","Lillooet_NE","Lillooet","NE","SM2","Other_FS",2025-05-28,"LACI",28,"SM2","Lillooet_NE|2025-05-28"
"2871","Lillooet_NE","Lillooet","NE","SM2","Other_FS",2025-05-28,"LANO",3,"SM2","Lillooet_NE|2025-05-28"
"2872","Lillooet_NE","Lillooet","NE","SM2","Other_FS",2025-05-28,"MYCA",1,"SM2","Lillooet_NE|2025-05-28"
"2873","Lillooet_NE","Lillooet","NE","SM2","Other_FS",2025-05-28,"MYCI",113,"SM2","Lillooet_NE|2025-05-28"
"2874","Lillooet_NE","Lillooet","NE","SM2","Other_FS",2025-05-28,"MYEV",1,"SM2","Lillooet_NE|2025-05-28"
"2875","Lillooet_NE","Lillooet","NE","SM2","Other_FS",2025-05-28,"MYLU",107,"SM2","Lillooet_NE|2025-05-28"
"2876","Lillooet_NE","Lillooet","NE","SM2","Other_FS",2025-05-28,"MYSE",0,"SM2","Lillooet_NE|2025-05-28"
"2877","Lillooet_NE","Lillooet","NE","SM2","Other_FS",2025-05-28,"MYTH",0,"SM2","Lillooet_NE|2025-05-28"
"2878","Lillooet_NE","Lillooet","NE","SM2","Other_FS",2025-05-28,"MYVO",3,"SM2","Lillooet_NE|2025-05-28"
"2879","Lillooet_NE","Lillooet","NE","SM2","Other_FS",2025-05-28,"MYYU",0,"SM2","Lillooet_NE|2025-05-28"
"2880","Lillooet_NE","Lillooet","NE","SM2","Other_FS",2025-05-28,"PAHE",0,"SM2","Lillooet_NE|2025-05-28"
"2881","Lillooet_NE","Lillooet","NE","SM2","Other_FS",2025-05-29,"ANPA",0,"SM2","Lillooet_NE|2025-05-29"
"2882","Lillooet_NE","Lillooet","NE","SM2","Other_FS",2025-05-29,"COTO",0,"SM2","Lillooet_NE|2025-05-29"
"2883","Lillooet_NE","Lillooet","NE","SM2","Other_FS",2025-05-29,"EPFU",1,"SM2","Lillooet_NE|2025-05-29"
"2884","Lillooet_NE","Lillooet","NE","SM2","Other_FS",2025-05-29,"EUMA",12,"SM2","Lillooet_NE|2025-05-29"
"2885","Lillooet_NE","Lillooet","NE","SM2","Other_FS",2025-05-29,"LABO",0,"SM2","Lillooet_NE|2025-05-29"
"2886","Lillooet_NE","Lillooet","NE","SM2","Other_FS",2025-05-29,"LACI",3,"SM2","Lillooet_NE|2025-05-29"
"2887","Lillooet_NE","Lillooet","NE","SM2","Other_FS",2025-05-29,"LANO",7,"SM2","Lillooet_NE|2025-05-29"
"2888","Lillooet_NE","Lillooet","NE","SM2","Other_FS",2025-05-29,"MYCA",0,"SM2","Lillooet_NE|2025-05-29"
"2889","Lillooet_NE","Lillooet","NE","SM2","Other_FS",2025-05-29,"MYCI",25,"SM2","Lillooet_NE|2025-05-29"
"2890","Lillooet_NE","Lillooet","NE","SM2","Other_FS",2025-05-29,"MYEV",0,"SM2","Lillooet_NE|2025-05-29"
"2891","Lillooet_NE","Lillooet","NE","SM2","Other_FS",2025-05-29,"MYLU",4,"SM2","Lillooet_NE|2025-05-29"
"2892","Lillooet_NE","Lillooet","NE","SM2","Other_FS",2025-05-29,"MYSE",0,"SM2","Lillooet_NE|2025-05-29"
"2893","Lillooet_NE","Lillooet","NE","SM2","Other_FS",2025-05-29,"MYTH",0,"SM2","Lillooet_NE|2025-05-29"
"2894","Lillooet_NE","Lillooet","NE","SM2","Other_FS",2025-05-29,"MYVO",4,"SM2","Lillooet_NE|2025-05-29"
"2895","Lillooet_NE","Lillooet","NE","SM2","Other_FS",2025-05-29,"MYYU",1,"SM2","Lillooet_NE|2025-05-29"
"2896","Lillooet_NE","Lillooet","NE","SM2","Other_FS",2025-05-29,"PAHE",0,"SM2","Lillooet_NE|2025-05-29"
"2897","Lillooet_NE","Lillooet","NE","SM2","Other_FS",2025-05-30,"ANPA",0,"SM2","Lillooet_NE|2025-05-30"
"2898","Lillooet_NE","Lillooet","NE","SM2","Other_FS",2025-05-30,"COTO",0,"SM2","Lillooet_NE|2025-05-30"
"2899","Lillooet_NE","Lillooet","NE","SM2","Other_FS",2025-05-30,"EPFU",2,"SM2","Lillooet_NE|2025-05-30"
"2900","Lillooet_NE","Lillooet","NE","SM2","Other_FS",2025-05-30,"EUMA",56,"SM2","Lillooet_NE|2025-05-30"
"2901","Lillooet_NE","Lillooet","NE","SM2","Other_FS",2025-05-30,"LABO",0,"SM2","Lillooet_NE|2025-05-30"
"2902","Lillooet_NE","Lillooet","NE","SM2","Other_FS",2025-05-30,"LACI",1,"SM2","Lillooet_NE|2025-05-30"
"2903","Lillooet_NE","Lillooet","NE","SM2","Other_FS",2025-05-30,"LANO",6,"SM2","Lillooet_NE|2025-05-30"
"2904","Lillooet_NE","Lillooet","NE","SM2","Other_FS",2025-05-30,"MYCA",1,"SM2","Lillooet_NE|2025-05-30"
"2905","Lillooet_NE","Lillooet","NE","SM2","Other_FS",2025-05-30,"MYCI",162,"SM2","Lillooet_NE|2025-05-30"
"2906","Lillooet_NE","Lillooet","NE","SM2","Other_FS",2025-05-30,"MYEV",0,"SM2","Lillooet_NE|2025-05-30"
"2907","Lillooet_NE","Lillooet","NE","SM2","Other_FS",2025-05-30,"MYLU",24,"SM2","Lillooet_NE|2025-05-30"
"2908","Lillooet_NE","Lillooet","NE","SM2","Other_FS",2025-05-30,"MYSE",0,"SM2","Lillooet_NE|2025-05-30"
"2909","Lillooet_NE","Lillooet","NE","SM2","Other_FS",2025-05-30,"MYTH",1,"SM2","Lillooet_NE|2025-05-30"
"2910","Lillooet_NE","Lillooet","NE","SM2","Other_FS",2025-05-30,"MYVO",1,"SM2","Lillooet_NE|2025-05-30"
"2911","Lillooet_NE","Lillooet","NE","SM2","Other_FS",2025-05-30,"MYYU",0,"SM2","Lillooet_NE|2025-05-30"
"2912","Lillooet_NE","Lillooet","NE","SM2","Other_FS",2025-05-30,"PAHE",0,"SM2","Lillooet_NE|2025-05-30"
"2913","Lillooet_NE","Lillooet","NE","SM2","Other_FS",2025-05-31,"ANPA",0,"SM2","Lillooet_NE|2025-05-31"
"2914","Lillooet_NE","Lillooet","NE","SM2","Other_FS",2025-05-31,"COTO",0,"SM2","Lillooet_NE|2025-05-31"
"2915","Lillooet_NE","Lillooet","NE","SM2","Other_FS",2025-05-31,"EPFU",0,"SM2","Lillooet_NE|2025-05-31"
"2916","Lillooet_NE","Lillooet","NE","SM2","Other_FS",2025-05-31,"EUMA",0,"SM2","Lillooet_NE|2025-05-31"
"2917","Lillooet_NE","Lillooet","NE","SM2","Other_FS",2025-05-31,"LABO",0,"SM2","Lillooet_NE|2025-05-31"
"2918","Lillooet_NE","Lillooet","NE","SM2","Other_FS",2025-05-31,"LACI",0,"SM2","Lillooet_NE|2025-05-31"
"2919","Lillooet_NE","Lillooet","NE","SM2","Other_FS",2025-05-31,"LANO",0,"SM2","Lillooet_NE|2025-05-31"
"2920","Lillooet_NE","Lillooet","NE","SM2","Other_FS",2025-05-31,"MYCA",0,"SM2","Lillooet_NE|2025-05-31"
"2921","Lillooet_NE","Lillooet","NE","SM2","Other_FS",2025-05-31,"MYCI",1,"SM2","Lillooet_NE|2025-05-31"
"2922","Lillooet_NE","Lillooet","NE","SM2","Other_FS",2025-05-31,"MYEV",0,"SM2","Lillooet_NE|2025-05-31"
"2923","Lillooet_NE","Lillooet","NE","SM2","Other_FS",2025-05-31,"MYLU",0,"SM2","Lillooet_NE|2025-05-31"
"2924","Lillooet_NE","Lillooet","NE","SM2","Other_FS",2025-05-31,"MYSE",0,"SM2","Lillooet_NE|2025-05-31"
"2925","Lillooet_NE","Lillooet","NE","SM2","Other_FS",2025-05-31,"MYTH",1,"SM2","Lillooet_NE|2025-05-31"
"2926","Lillooet_NE","Lillooet","NE","SM2","Other_FS",2025-05-31,"MYVO",0,"SM2","Lillooet_NE|2025-05-31"
"2927","Lillooet_NE","Lillooet","NE","SM2","Other_FS",2025-05-31,"MYYU",0,"SM2","Lillooet_NE|2025-05-31"
"2928","Lillooet_NE","Lillooet","NE","SM2","Other_FS",2025-05-31,"PAHE",0,"SM2","Lillooet_NE|2025-05-31"
"2929","Lillooet_NE","Lillooet","NE","SM2","Other_FS",2025-06-01,"ANPA",0,"SM2","Lillooet_NE|2025-06-01"
"2930","Lillooet_NE","Lillooet","NE","SM2","Other_FS",2025-06-01,"COTO",0,"SM2","Lillooet_NE|2025-06-01"
"2931","Lillooet_NE","Lillooet","NE","SM2","Other_FS",2025-06-01,"EPFU",0,"SM2","Lillooet_NE|2025-06-01"
"2932","Lillooet_NE","Lillooet","NE","SM2","Other_FS",2025-06-01,"EUMA",0,"SM2","Lillooet_NE|2025-06-01"
"2933","Lillooet_NE","Lillooet","NE","SM2","Other_FS",2025-06-01,"LABO",0,"SM2","Lillooet_NE|2025-06-01"
"2934","Lillooet_NE","Lillooet","NE","SM2","Other_FS",2025-06-01,"LACI",0,"SM2","Lillooet_NE|2025-06-01"
"2935","Lillooet_NE","Lillooet","NE","SM2","Other_FS",2025-06-01,"LANO",1,"SM2","Lillooet_NE|2025-06-01"
"2936","Lillooet_NE","Lillooet","NE","SM2","Other_FS",2025-06-01,"MYCA",0,"SM2","Lillooet_NE|2025-06-01"
"2937","Lillooet_NE","Lillooet","NE","SM2","Other_FS",2025-06-01,"MYCI",4,"SM2","Lillooet_NE|2025-06-01"
"2938","Lillooet_NE","Lillooet","NE","SM2","Other_FS",2025-06-01,"MYEV",0,"SM2","Lillooet_NE|2025-06-01"
"2939","Lillooet_NE","Lillooet","NE","SM2","Other_FS",2025-06-01,"MYLU",0,"SM2","Lillooet_NE|2025-06-01"
"2940","Lillooet_NE","Lillooet","NE","SM2","Other_FS",2025-06-01,"MYSE",0,"SM2","Lillooet_NE|2025-06-01"
"2941","Lillooet_NE","Lillooet","NE","SM2","Other_FS",2025-06-01,"MYTH",0,"SM2","Lillooet_NE|2025-06-01"
"2942","Lillooet_NE","Lillooet","NE","SM2","Other_FS",2025-06-01,"MYVO",0,"SM2","Lillooet_NE|2025-06-01"
"2943","Lillooet_NE","Lillooet","NE","SM2","Other_FS",2025-06-01,"MYYU",0,"SM2","Lillooet_NE|2025-06-01"
"2944","Lillooet_NE","Lillooet","NE","SM2","Other_FS",2025-06-01,"PAHE",0,"SM2","Lillooet_NE|2025-06-01"
"2945","Lillooet_NE","Lillooet","NE","SM2","Other_FS",2025-06-02,"ANPA",0,"SM2","Lillooet_NE|2025-06-02"
"2946","Lillooet_NE","Lillooet","NE","SM2","Other_FS",2025-06-02,"COTO",0,"SM2","Lillooet_NE|2025-06-02"
"2947","Lillooet_NE","Lillooet","NE","SM2","Other_FS",2025-06-02,"EPFU",0,"SM2","Lillooet_NE|2025-06-02"
"2948","Lillooet_NE","Lillooet","NE","SM2","Other_FS",2025-06-02,"EUMA",2,"SM2","Lillooet_NE|2025-06-02"
"2949","Lillooet_NE","Lillooet","NE","SM2","Other_FS",2025-06-02,"LABO",0,"SM2","Lillooet_NE|2025-06-02"
"2950","Lillooet_NE","Lillooet","NE","SM2","Other_FS",2025-06-02,"LACI",2,"SM2","Lillooet_NE|2025-06-02"
"2951","Lillooet_NE","Lillooet","NE","SM2","Other_FS",2025-06-02,"LANO",0,"SM2","Lillooet_NE|2025-06-02"
"2952","Lillooet_NE","Lillooet","NE","SM2","Other_FS",2025-06-02,"MYCA",1,"SM2","Lillooet_NE|2025-06-02"
"2953","Lillooet_NE","Lillooet","NE","SM2","Other_FS",2025-06-02,"MYCI",60,"SM2","Lillooet_NE|2025-06-02"
"2954","Lillooet_NE","Lillooet","NE","SM2","Other_FS",2025-06-02,"MYEV",0,"SM2","Lillooet_NE|2025-06-02"
"2955","Lillooet_NE","Lillooet","NE","SM2","Other_FS",2025-06-02,"MYLU",7,"SM2","Lillooet_NE|2025-06-02"
"2956","Lillooet_NE","Lillooet","NE","SM2","Other_FS",2025-06-02,"MYSE",0,"SM2","Lillooet_NE|2025-06-02"
"2957","Lillooet_NE","Lillooet","NE","SM2","Other_FS",2025-06-02,"MYTH",2,"SM2","Lillooet_NE|2025-06-02"
"2958","Lillooet_NE","Lillooet","NE","SM2","Other_FS",2025-06-02,"MYVO",0,"SM2","Lillooet_NE|2025-06-02"
"2959","Lillooet_NE","Lillooet","NE","SM2","Other_FS",2025-06-02,"MYYU",0,"SM2","Lillooet_NE|2025-06-02"
"2960","Lillooet_NE","Lillooet","NE","SM2","Other_FS",2025-06-02,"PAHE",0,"SM2","Lillooet_NE|2025-06-02"
"2961","Lillooet_NE","Lillooet","NE","SM2","Other_FS",2025-06-03,"ANPA",0,"SM2","Lillooet_NE|2025-06-03"
"2962","Lillooet_NE","Lillooet","NE","SM2","Other_FS",2025-06-03,"COTO",0,"SM2","Lillooet_NE|2025-06-03"
"2963","Lillooet_NE","Lillooet","NE","SM2","Other_FS",2025-06-03,"EPFU",10,"SM2","Lillooet_NE|2025-06-03"
"2964","Lillooet_NE","Lillooet","NE","SM2","Other_FS",2025-06-03,"EUMA",6,"SM2","Lillooet_NE|2025-06-03"
"2965","Lillooet_NE","Lillooet","NE","SM2","Other_FS",2025-06-03,"LABO",0,"SM2","Lillooet_NE|2025-06-03"
"2966","Lillooet_NE","Lillooet","NE","SM2","Other_FS",2025-06-03,"LACI",7,"SM2","Lillooet_NE|2025-06-03"
"2967","Lillooet_NE","Lillooet","NE","SM2","Other_FS",2025-06-03,"LANO",4,"SM2","Lillooet_NE|2025-06-03"
"2968","Lillooet_NE","Lillooet","NE","SM2","Other_FS",2025-06-03,"MYCA",0,"SM2","Lillooet_NE|2025-06-03"
"2969","Lillooet_NE","Lillooet","NE","SM2","Other_FS",2025-06-03,"MYCI",143,"SM2","Lillooet_NE|2025-06-03"
"2970","Lillooet_NE","Lillooet","NE","SM2","Other_FS",2025-06-03,"MYEV",0,"SM2","Lillooet_NE|2025-06-03"
"2971","Lillooet_NE","Lillooet","NE","SM2","Other_FS",2025-06-03,"MYLU",17,"SM2","Lillooet_NE|2025-06-03"
"2972","Lillooet_NE","Lillooet","NE","SM2","Other_FS",2025-06-03,"MYSE",0,"SM2","Lillooet_NE|2025-06-03"
"2973","Lillooet_NE","Lillooet","NE","SM2","Other_FS",2025-06-03,"MYTH",0,"SM2","Lillooet_NE|2025-06-03"
"2974","Lillooet_NE","Lillooet","NE","SM2","Other_FS",2025-06-03,"MYVO",3,"SM2","Lillooet_NE|2025-06-03"
"2975","Lillooet_NE","Lillooet","NE","SM2","Other_FS",2025-06-03,"MYYU",0,"SM2","Lillooet_NE|2025-06-03"
"2976","Lillooet_NE","Lillooet","NE","SM2","Other_FS",2025-06-03,"PAHE",0,"SM2","Lillooet_NE|2025-06-03"
"2977","Lillooet_NE","Lillooet","NE","SM2","Other_FS",2025-06-04,"ANPA",0,"SM2","Lillooet_NE|2025-06-04"
"2978","Lillooet_NE","Lillooet","NE","SM2","Other_FS",2025-06-04,"COTO",0,"SM2","Lillooet_NE|2025-06-04"
"2979","Lillooet_NE","Lillooet","NE","SM2","Other_FS",2025-06-04,"EPFU",0,"SM2","Lillooet_NE|2025-06-04"
"2980","Lillooet_NE","Lillooet","NE","SM2","Other_FS",2025-06-04,"EUMA",6,"SM2","Lillooet_NE|2025-06-04"
"2981","Lillooet_NE","Lillooet","NE","SM2","Other_FS",2025-06-04,"LABO",0,"SM2","Lillooet_NE|2025-06-04"
"2982","Lillooet_NE","Lillooet","NE","SM2","Other_FS",2025-06-04,"LACI",0,"SM2","Lillooet_NE|2025-06-04"
"2983","Lillooet_NE","Lillooet","NE","SM2","Other_FS",2025-06-04,"LANO",0,"SM2","Lillooet_NE|2025-06-04"
"2984","Lillooet_NE","Lillooet","NE","SM2","Other_FS",2025-06-04,"MYCA",0,"SM2","Lillooet_NE|2025-06-04"
"2985","Lillooet_NE","Lillooet","NE","SM2","Other_FS",2025-06-04,"MYCI",13,"SM2","Lillooet_NE|2025-06-04"
"2986","Lillooet_NE","Lillooet","NE","SM2","Other_FS",2025-06-04,"MYEV",0,"SM2","Lillooet_NE|2025-06-04"
"2987","Lillooet_NE","Lillooet","NE","SM2","Other_FS",2025-06-04,"MYLU",1,"SM2","Lillooet_NE|2025-06-04"
"2988","Lillooet_NE","Lillooet","NE","SM2","Other_FS",2025-06-04,"MYSE",0,"SM2","Lillooet_NE|2025-06-04"
"2989","Lillooet_NE","Lillooet","NE","SM2","Other_FS",2025-06-04,"MYTH",0,"SM2","Lillooet_NE|2025-06-04"
"2990","Lillooet_NE","Lillooet","NE","SM2","Other_FS",2025-06-04,"MYVO",0,"SM2","Lillooet_NE|2025-06-04"
"2991","Lillooet_NE","Lillooet","NE","SM2","Other_FS",2025-06-04,"MYYU",1,"SM2","Lillooet_NE|2025-06-04"
"2992","Lillooet_NE","Lillooet","NE","SM2","Other_FS",2025-06-04,"PAHE",0,"SM2","Lillooet_NE|2025-06-04"
"2993","Lillooet_NE","Lillooet","NE","SM2","Other_FS",2025-06-05,"ANPA",0,"SM2","Lillooet_NE|2025-06-05"
"2994","Lillooet_NE","Lillooet","NE","SM2","Other_FS",2025-06-05,"COTO",0,"SM2","Lillooet_NE|2025-06-05"
"2995","Lillooet_NE","Lillooet","NE","SM2","Other_FS",2025-06-05,"EPFU",2,"SM2","Lillooet_NE|2025-06-05"
"2996","Lillooet_NE","Lillooet","NE","SM2","Other_FS",2025-06-05,"EUMA",0,"SM2","Lillooet_NE|2025-06-05"
"2997","Lillooet_NE","Lillooet","NE","SM2","Other_FS",2025-06-05,"LABO",0,"SM2","Lillooet_NE|2025-06-05"
"2998","Lillooet_NE","Lillooet","NE","SM2","Other_FS",2025-06-05,"LACI",9,"SM2","Lillooet_NE|2025-06-05"
"2999","Lillooet_NE","Lillooet","NE","SM2","Other_FS",2025-06-05,"LANO",5,"SM2","Lillooet_NE|2025-06-05"
"3000","Lillooet_NE","Lillooet","NE","SM2","Other_FS",2025-06-05,"MYCA",0,"SM2","Lillooet_NE|2025-06-05"
"3001","Lillooet_NE","Lillooet","NE","SM2","Other_FS",2025-06-05,"MYCI",6,"SM2","Lillooet_NE|2025-06-05"
"3002","Lillooet_NE","Lillooet","NE","SM2","Other_FS",2025-06-05,"MYEV",0,"SM2","Lillooet_NE|2025-06-05"
"3003","Lillooet_NE","Lillooet","NE","SM2","Other_FS",2025-06-05,"MYLU",3,"SM2","Lillooet_NE|2025-06-05"
"3004","Lillooet_NE","Lillooet","NE","SM2","Other_FS",2025-06-05,"MYSE",0,"SM2","Lillooet_NE|2025-06-05"
"3005","Lillooet_NE","Lillooet","NE","SM2","Other_FS",2025-06-05,"MYTH",0,"SM2","Lillooet_NE|2025-06-05"
"3006","Lillooet_NE","Lillooet","NE","SM2","Other_FS",2025-06-05,"MYVO",0,"SM2","Lillooet_NE|2025-06-05"
"3007","Lillooet_NE","Lillooet","NE","SM2","Other_FS",2025-06-05,"MYYU",1,"SM2","Lillooet_NE|2025-06-05"
"3008","Lillooet_NE","Lillooet","NE","SM2","Other_FS",2025-06-05,"PAHE",0,"SM2","Lillooet_NE|2025-06-05"
"3009","Lillooet_NE","Lillooet","NE","SM2","Other_FS",2025-06-06,"ANPA",0,"SM2","Lillooet_NE|2025-06-06"
"3010","Lillooet_NE","Lillooet","NE","SM2","Other_FS",2025-06-06,"COTO",0,"SM2","Lillooet_NE|2025-06-06"
"3011","Lillooet_NE","Lillooet","NE","SM2","Other_FS",2025-06-06,"EPFU",48,"SM2","Lillooet_NE|2025-06-06"
"3012","Lillooet_NE","Lillooet","NE","SM2","Other_FS",2025-06-06,"EUMA",3,"SM2","Lillooet_NE|2025-06-06"
"3013","Lillooet_NE","Lillooet","NE","SM2","Other_FS",2025-06-06,"LABO",0,"SM2","Lillooet_NE|2025-06-06"
"3014","Lillooet_NE","Lillooet","NE","SM2","Other_FS",2025-06-06,"LACI",25,"SM2","Lillooet_NE|2025-06-06"
"3015","Lillooet_NE","Lillooet","NE","SM2","Other_FS",2025-06-06,"LANO",8,"SM2","Lillooet_NE|2025-06-06"
"3016","Lillooet_NE","Lillooet","NE","SM2","Other_FS",2025-06-06,"MYCA",0,"SM2","Lillooet_NE|2025-06-06"
"3017","Lillooet_NE","Lillooet","NE","SM2","Other_FS",2025-06-06,"MYCI",62,"SM2","Lillooet_NE|2025-06-06"
"3018","Lillooet_NE","Lillooet","NE","SM2","Other_FS",2025-06-06,"MYEV",0,"SM2","Lillooet_NE|2025-06-06"
"3019","Lillooet_NE","Lillooet","NE","SM2","Other_FS",2025-06-06,"MYLU",15,"SM2","Lillooet_NE|2025-06-06"
"3020","Lillooet_NE","Lillooet","NE","SM2","Other_FS",2025-06-06,"MYSE",0,"SM2","Lillooet_NE|2025-06-06"
"3021","Lillooet_NE","Lillooet","NE","SM2","Other_FS",2025-06-06,"MYTH",0,"SM2","Lillooet_NE|2025-06-06"
"3022","Lillooet_NE","Lillooet","NE","SM2","Other_FS",2025-06-06,"MYVO",0,"SM2","Lillooet_NE|2025-06-06"
"3023","Lillooet_NE","Lillooet","NE","SM2","Other_FS",2025-06-06,"MYYU",0,"SM2","Lillooet_NE|2025-06-06"
"3024","Lillooet_NE","Lillooet","NE","SM2","Other_FS",2025-06-06,"PAHE",0,"SM2","Lillooet_NE|2025-06-06"
"3025","Lillooet_NE","Lillooet","NE","SM2","Other_FS",2025-06-07,"ANPA",0,"SM2","Lillooet_NE|2025-06-07"
"3026","Lillooet_NE","Lillooet","NE","SM2","Other_FS",2025-06-07,"COTO",0,"SM2","Lillooet_NE|2025-06-07"
"3027","Lillooet_NE","Lillooet","NE","SM2","Other_FS",2025-06-07,"EPFU",4,"SM2","Lillooet_NE|2025-06-07"
"3028","Lillooet_NE","Lillooet","NE","SM2","Other_FS",2025-06-07,"EUMA",0,"SM2","Lillooet_NE|2025-06-07"
"3029","Lillooet_NE","Lillooet","NE","SM2","Other_FS",2025-06-07,"LABO",0,"SM2","Lillooet_NE|2025-06-07"
"3030","Lillooet_NE","Lillooet","NE","SM2","Other_FS",2025-06-07,"LACI",4,"SM2","Lillooet_NE|2025-06-07"
"3031","Lillooet_NE","Lillooet","NE","SM2","Other_FS",2025-06-07,"LANO",5,"SM2","Lillooet_NE|2025-06-07"
"3032","Lillooet_NE","Lillooet","NE","SM2","Other_FS",2025-06-07,"MYCA",0,"SM2","Lillooet_NE|2025-06-07"
"3033","Lillooet_NE","Lillooet","NE","SM2","Other_FS",2025-06-07,"MYCI",17,"SM2","Lillooet_NE|2025-06-07"
"3034","Lillooet_NE","Lillooet","NE","SM2","Other_FS",2025-06-07,"MYEV",0,"SM2","Lillooet_NE|2025-06-07"
"3035","Lillooet_NE","Lillooet","NE","SM2","Other_FS",2025-06-07,"MYLU",1,"SM2","Lillooet_NE|2025-06-07"
"3036","Lillooet_NE","Lillooet","NE","SM2","Other_FS",2025-06-07,"MYSE",0,"SM2","Lillooet_NE|2025-06-07"
"3037","Lillooet_NE","Lillooet","NE","SM2","Other_FS",2025-06-07,"MYTH",0,"SM2","Lillooet_NE|2025-06-07"
"3038","Lillooet_NE","Lillooet","NE","SM2","Other_FS",2025-06-07,"MYVO",1,"SM2","Lillooet_NE|2025-06-07"
"3039","Lillooet_NE","Lillooet","NE","SM2","Other_FS",2025-06-07,"MYYU",0,"SM2","Lillooet_NE|2025-06-07"
"3040","Lillooet_NE","Lillooet","NE","SM2","Other_FS",2025-06-07,"PAHE",0,"SM2","Lillooet_NE|2025-06-07"
"3041","Lillooet_NE","Lillooet","NE","SM2","Other_FS",2025-06-08,"ANPA",0,"SM2","Lillooet_NE|2025-06-08"
"3042","Lillooet_NE","Lillooet","NE","SM2","Other_FS",2025-06-08,"COTO",0,"SM2","Lillooet_NE|2025-06-08"
"3043","Lillooet_NE","Lillooet","NE","SM2","Other_FS",2025-06-08,"EPFU",119,"SM2","Lillooet_NE|2025-06-08"
"3044","Lillooet_NE","Lillooet","NE","SM2","Other_FS",2025-06-08,"EUMA",3,"SM2","Lillooet_NE|2025-06-08"
"3045","Lillooet_NE","Lillooet","NE","SM2","Other_FS",2025-06-08,"LABO",0,"SM2","Lillooet_NE|2025-06-08"
"3046","Lillooet_NE","Lillooet","NE","SM2","Other_FS",2025-06-08,"LACI",61,"SM2","Lillooet_NE|2025-06-08"
"3047","Lillooet_NE","Lillooet","NE","SM2","Other_FS",2025-06-08,"LANO",37,"SM2","Lillooet_NE|2025-06-08"
"3048","Lillooet_NE","Lillooet","NE","SM2","Other_FS",2025-06-08,"MYCA",0,"SM2","Lillooet_NE|2025-06-08"
"3049","Lillooet_NE","Lillooet","NE","SM2","Other_FS",2025-06-08,"MYCI",27,"SM2","Lillooet_NE|2025-06-08"
"3050","Lillooet_NE","Lillooet","NE","SM2","Other_FS",2025-06-08,"MYEV",0,"SM2","Lillooet_NE|2025-06-08"
"3051","Lillooet_NE","Lillooet","NE","SM2","Other_FS",2025-06-08,"MYLU",4,"SM2","Lillooet_NE|2025-06-08"
"3052","Lillooet_NE","Lillooet","NE","SM2","Other_FS",2025-06-08,"MYSE",0,"SM2","Lillooet_NE|2025-06-08"
"3053","Lillooet_NE","Lillooet","NE","SM2","Other_FS",2025-06-08,"MYTH",0,"SM2","Lillooet_NE|2025-06-08"
"3054","Lillooet_NE","Lillooet","NE","SM2","Other_FS",2025-06-08,"MYVO",0,"SM2","Lillooet_NE|2025-06-08"
"3055","Lillooet_NE","Lillooet","NE","SM2","Other_FS",2025-06-08,"MYYU",1,"SM2","Lillooet_NE|2025-06-08"
"3056","Lillooet_NE","Lillooet","NE","SM2","Other_FS",2025-06-08,"PAHE",0,"SM2","Lillooet_NE|2025-06-08"
"3057","Lillooet_NE","Lillooet","NE","SM2","Other_FS",2025-06-09,"ANPA",0,"SM2","Lillooet_NE|2025-06-09"
"3058","Lillooet_NE","Lillooet","NE","SM2","Other_FS",2025-06-09,"COTO",0,"SM2","Lillooet_NE|2025-06-09"
"3059","Lillooet_NE","Lillooet","NE","SM2","Other_FS",2025-06-09,"EPFU",6,"SM2","Lillooet_NE|2025-06-09"
"3060","Lillooet_NE","Lillooet","NE","SM2","Other_FS",2025-06-09,"EUMA",6,"SM2","Lillooet_NE|2025-06-09"
"3061","Lillooet_NE","Lillooet","NE","SM2","Other_FS",2025-06-09,"LABO",0,"SM2","Lillooet_NE|2025-06-09"
"3062","Lillooet_NE","Lillooet","NE","SM2","Other_FS",2025-06-09,"LACI",2,"SM2","Lillooet_NE|2025-06-09"
"3063","Lillooet_NE","Lillooet","NE","SM2","Other_FS",2025-06-09,"LANO",16,"SM2","Lillooet_NE|2025-06-09"
"3064","Lillooet_NE","Lillooet","NE","SM2","Other_FS",2025-06-09,"MYCA",1,"SM2","Lillooet_NE|2025-06-09"
"3065","Lillooet_NE","Lillooet","NE","SM2","Other_FS",2025-06-09,"MYCI",3,"SM2","Lillooet_NE|2025-06-09"
"3066","Lillooet_NE","Lillooet","NE","SM2","Other_FS",2025-06-09,"MYEV",0,"SM2","Lillooet_NE|2025-06-09"
"3067","Lillooet_NE","Lillooet","NE","SM2","Other_FS",2025-06-09,"MYLU",2,"SM2","Lillooet_NE|2025-06-09"
"3068","Lillooet_NE","Lillooet","NE","SM2","Other_FS",2025-06-09,"MYSE",0,"SM2","Lillooet_NE|2025-06-09"
"3069","Lillooet_NE","Lillooet","NE","SM2","Other_FS",2025-06-09,"MYTH",0,"SM2","Lillooet_NE|2025-06-09"
"3070","Lillooet_NE","Lillooet","NE","SM2","Other_FS",2025-06-09,"MYVO",1,"SM2","Lillooet_NE|2025-06-09"
"3071","Lillooet_NE","Lillooet","NE","SM2","Other_FS",2025-06-09,"MYYU",0,"SM2","Lillooet_NE|2025-06-09"
"3072","Lillooet_NE","Lillooet","NE","SM2","Other_FS",2025-06-09,"PAHE",0,"SM2","Lillooet_NE|2025-06-09"
"3073","Lillooet_NE","Lillooet","NE","SM2","Other_FS",2025-06-10,"ANPA",0,"SM2","Lillooet_NE|2025-06-10"
"3074","Lillooet_NE","Lillooet","NE","SM2","Other_FS",2025-06-10,"COTO",0,"SM2","Lillooet_NE|2025-06-10"
"3075","Lillooet_NE","Lillooet","NE","SM2","Other_FS",2025-06-10,"EPFU",63,"SM2","Lillooet_NE|2025-06-10"
"3076","Lillooet_NE","Lillooet","NE","SM2","Other_FS",2025-06-10,"EUMA",1,"SM2","Lillooet_NE|2025-06-10"
"3077","Lillooet_NE","Lillooet","NE","SM2","Other_FS",2025-06-10,"LABO",0,"SM2","Lillooet_NE|2025-06-10"
"3078","Lillooet_NE","Lillooet","NE","SM2","Other_FS",2025-06-10,"LACI",12,"SM2","Lillooet_NE|2025-06-10"
"3079","Lillooet_NE","Lillooet","NE","SM2","Other_FS",2025-06-10,"LANO",33,"SM2","Lillooet_NE|2025-06-10"
"3080","Lillooet_NE","Lillooet","NE","SM2","Other_FS",2025-06-10,"MYCA",0,"SM2","Lillooet_NE|2025-06-10"
"3081","Lillooet_NE","Lillooet","NE","SM2","Other_FS",2025-06-10,"MYCI",28,"SM2","Lillooet_NE|2025-06-10"
"3082","Lillooet_NE","Lillooet","NE","SM2","Other_FS",2025-06-10,"MYEV",0,"SM2","Lillooet_NE|2025-06-10"
"3083","Lillooet_NE","Lillooet","NE","SM2","Other_FS",2025-06-10,"MYLU",13,"SM2","Lillooet_NE|2025-06-10"
"3084","Lillooet_NE","Lillooet","NE","SM2","Other_FS",2025-06-10,"MYSE",0,"SM2","Lillooet_NE|2025-06-10"
"3085","Lillooet_NE","Lillooet","NE","SM2","Other_FS",2025-06-10,"MYTH",0,"SM2","Lillooet_NE|2025-06-10"
"3086","Lillooet_NE","Lillooet","NE","SM2","Other_FS",2025-06-10,"MYVO",2,"SM2","Lillooet_NE|2025-06-10"
"3087","Lillooet_NE","Lillooet","NE","SM2","Other_FS",2025-06-10,"MYYU",2,"SM2","Lillooet_NE|2025-06-10"
"3088","Lillooet_NE","Lillooet","NE","SM2","Other_FS",2025-06-10,"PAHE",0,"SM2","Lillooet_NE|2025-06-10"
"3089","Lillooet_NE","Lillooet","NE","SM2","Other_FS",2025-06-11,"ANPA",0,"SM2","Lillooet_NE|2025-06-11"
"3090","Lillooet_NE","Lillooet","NE","SM2","Other_FS",2025-06-11,"COTO",0,"SM2","Lillooet_NE|2025-06-11"
"3091","Lillooet_NE","Lillooet","NE","SM2","Other_FS",2025-06-11,"EPFU",42,"SM2","Lillooet_NE|2025-06-11"
"3092","Lillooet_NE","Lillooet","NE","SM2","Other_FS",2025-06-11,"EUMA",13,"SM2","Lillooet_NE|2025-06-11"
"3093","Lillooet_NE","Lillooet","NE","SM2","Other_FS",2025-06-11,"LABO",0,"SM2","Lillooet_NE|2025-06-11"
"3094","Lillooet_NE","Lillooet","NE","SM2","Other_FS",2025-06-11,"LACI",15,"SM2","Lillooet_NE|2025-06-11"
"3095","Lillooet_NE","Lillooet","NE","SM2","Other_FS",2025-06-11,"LANO",7,"SM2","Lillooet_NE|2025-06-11"
"3096","Lillooet_NE","Lillooet","NE","SM2","Other_FS",2025-06-11,"MYCA",0,"SM2","Lillooet_NE|2025-06-11"
"3097","Lillooet_NE","Lillooet","NE","SM2","Other_FS",2025-06-11,"MYCI",7,"SM2","Lillooet_NE|2025-06-11"
"3098","Lillooet_NE","Lillooet","NE","SM2","Other_FS",2025-06-11,"MYEV",0,"SM2","Lillooet_NE|2025-06-11"
"3099","Lillooet_NE","Lillooet","NE","SM2","Other_FS",2025-06-11,"MYLU",3,"SM2","Lillooet_NE|2025-06-11"
"3100","Lillooet_NE","Lillooet","NE","SM2","Other_FS",2025-06-11,"MYSE",0,"SM2","Lillooet_NE|2025-06-11"
"3101","Lillooet_NE","Lillooet","NE","SM2","Other_FS",2025-06-11,"MYTH",0,"SM2","Lillooet_NE|2025-06-11"
"3102","Lillooet_NE","Lillooet","NE","SM2","Other_FS",2025-06-11,"MYVO",5,"SM2","Lillooet_NE|2025-06-11"
"3103","Lillooet_NE","Lillooet","NE","SM2","Other_FS",2025-06-11,"MYYU",0,"SM2","Lillooet_NE|2025-06-11"
"3104","Lillooet_NE","Lillooet","NE","SM2","Other_FS",2025-06-11,"PAHE",0,"SM2","Lillooet_NE|2025-06-11"
"3105","Lillooet_NE","Lillooet","NE","SM2","Other_FS",2025-06-12,"ANPA",0,"SM2","Lillooet_NE|2025-06-12"
"3106","Lillooet_NE","Lillooet","NE","SM2","Other_FS",2025-06-12,"COTO",0,"SM2","Lillooet_NE|2025-06-12"
"3107","Lillooet_NE","Lillooet","NE","SM2","Other_FS",2025-06-12,"EPFU",0,"SM2","Lillooet_NE|2025-06-12"
"3108","Lillooet_NE","Lillooet","NE","SM2","Other_FS",2025-06-12,"EUMA",6,"SM2","Lillooet_NE|2025-06-12"
"3109","Lillooet_NE","Lillooet","NE","SM2","Other_FS",2025-06-12,"LABO",0,"SM2","Lillooet_NE|2025-06-12"
"3110","Lillooet_NE","Lillooet","NE","SM2","Other_FS",2025-06-12,"LACI",0,"SM2","Lillooet_NE|2025-06-12"
"3111","Lillooet_NE","Lillooet","NE","SM2","Other_FS",2025-06-12,"LANO",0,"SM2","Lillooet_NE|2025-06-12"
"3112","Lillooet_NE","Lillooet","NE","SM2","Other_FS",2025-06-12,"MYCA",0,"SM2","Lillooet_NE|2025-06-12"
"3113","Lillooet_NE","Lillooet","NE","SM2","Other_FS",2025-06-12,"MYCI",8,"SM2","Lillooet_NE|2025-06-12"
"3114","Lillooet_NE","Lillooet","NE","SM2","Other_FS",2025-06-12,"MYEV",0,"SM2","Lillooet_NE|2025-06-12"
"3115","Lillooet_NE","Lillooet","NE","SM2","Other_FS",2025-06-12,"MYLU",4,"SM2","Lillooet_NE|2025-06-12"
"3116","Lillooet_NE","Lillooet","NE","SM2","Other_FS",2025-06-12,"MYSE",0,"SM2","Lillooet_NE|2025-06-12"
"3117","Lillooet_NE","Lillooet","NE","SM2","Other_FS",2025-06-12,"MYTH",0,"SM2","Lillooet_NE|2025-06-12"
"3118","Lillooet_NE","Lillooet","NE","SM2","Other_FS",2025-06-12,"MYVO",0,"SM2","Lillooet_NE|2025-06-12"
"3119","Lillooet_NE","Lillooet","NE","SM2","Other_FS",2025-06-12,"MYYU",0,"SM2","Lillooet_NE|2025-06-12"
"3120","Lillooet_NE","Lillooet","NE","SM2","Other_FS",2025-06-12,"PAHE",0,"SM2","Lillooet_NE|2025-06-12"
"3121","Lillooet_NE","Lillooet","NE","SM2","Other_FS",2025-06-13,"ANPA",0,"SM2","Lillooet_NE|2025-06-13"
"3122","Lillooet_NE","Lillooet","NE","SM2","Other_FS",2025-06-13,"COTO",0,"SM2","Lillooet_NE|2025-06-13"
"3123","Lillooet_NE","Lillooet","NE","SM2","Other_FS",2025-06-13,"EPFU",0,"SM2","Lillooet_NE|2025-06-13"
"3124","Lillooet_NE","Lillooet","NE","SM2","Other_FS",2025-06-13,"EUMA",0,"SM2","Lillooet_NE|2025-06-13"
"3125","Lillooet_NE","Lillooet","NE","SM2","Other_FS",2025-06-13,"LABO",0,"SM2","Lillooet_NE|2025-06-13"
"3126","Lillooet_NE","Lillooet","NE","SM2","Other_FS",2025-06-13,"LACI",0,"SM2","Lillooet_NE|2025-06-13"
"3127","Lillooet_NE","Lillooet","NE","SM2","Other_FS",2025-06-13,"LANO",2,"SM2","Lillooet_NE|2025-06-13"
"3128","Lillooet_NE","Lillooet","NE","SM2","Other_FS",2025-06-13,"MYCA",0,"SM2","Lillooet_NE|2025-06-13"
"3129","Lillooet_NE","Lillooet","NE","SM2","Other_FS",2025-06-13,"MYCI",8,"SM2","Lillooet_NE|2025-06-13"
"3130","Lillooet_NE","Lillooet","NE","SM2","Other_FS",2025-06-13,"MYEV",0,"SM2","Lillooet_NE|2025-06-13"
"3131","Lillooet_NE","Lillooet","NE","SM2","Other_FS",2025-06-13,"MYLU",0,"SM2","Lillooet_NE|2025-06-13"
"3132","Lillooet_NE","Lillooet","NE","SM2","Other_FS",2025-06-13,"MYSE",0,"SM2","Lillooet_NE|2025-06-13"
"3133","Lillooet_NE","Lillooet","NE","SM2","Other_FS",2025-06-13,"MYTH",2,"SM2","Lillooet_NE|2025-06-13"
"3134","Lillooet_NE","Lillooet","NE","SM2","Other_FS",2025-06-13,"MYVO",1,"SM2","Lillooet_NE|2025-06-13"
"3135","Lillooet_NE","Lillooet","NE","SM2","Other_FS",2025-06-13,"MYYU",0,"SM2","Lillooet_NE|2025-06-13"
"3136","Lillooet_NE","Lillooet","NE","SM2","Other_FS",2025-06-13,"PAHE",0,"SM2","Lillooet_NE|2025-06-13"
"3137","Lillooet_NE","Lillooet","NE","SM2","Other_FS",2025-06-14,"ANPA",0,"SM2","Lillooet_NE|2025-06-14"
"3138","Lillooet_NE","Lillooet","NE","SM2","Other_FS",2025-06-14,"COTO",0,"SM2","Lillooet_NE|2025-06-14"
"3139","Lillooet_NE","Lillooet","NE","SM2","Other_FS",2025-06-14,"EPFU",0,"SM2","Lillooet_NE|2025-06-14"
"3140","Lillooet_NE","Lillooet","NE","SM2","Other_FS",2025-06-14,"EUMA",4,"SM2","Lillooet_NE|2025-06-14"
"3141","Lillooet_NE","Lillooet","NE","SM2","Other_FS",2025-06-14,"LABO",0,"SM2","Lillooet_NE|2025-06-14"
"3142","Lillooet_NE","Lillooet","NE","SM2","Other_FS",2025-06-14,"LACI",1,"SM2","Lillooet_NE|2025-06-14"
"3143","Lillooet_NE","Lillooet","NE","SM2","Other_FS",2025-06-14,"LANO",0,"SM2","Lillooet_NE|2025-06-14"
"3144","Lillooet_NE","Lillooet","NE","SM2","Other_FS",2025-06-14,"MYCA",0,"SM2","Lillooet_NE|2025-06-14"
"3145","Lillooet_NE","Lillooet","NE","SM2","Other_FS",2025-06-14,"MYCI",0,"SM2","Lillooet_NE|2025-06-14"
"3146","Lillooet_NE","Lillooet","NE","SM2","Other_FS",2025-06-14,"MYEV",0,"SM2","Lillooet_NE|2025-06-14"
"3147","Lillooet_NE","Lillooet","NE","SM2","Other_FS",2025-06-14,"MYLU",1,"SM2","Lillooet_NE|2025-06-14"
"3148","Lillooet_NE","Lillooet","NE","SM2","Other_FS",2025-06-14,"MYSE",0,"SM2","Lillooet_NE|2025-06-14"
"3149","Lillooet_NE","Lillooet","NE","SM2","Other_FS",2025-06-14,"MYTH",0,"SM2","Lillooet_NE|2025-06-14"
"3150","Lillooet_NE","Lillooet","NE","SM2","Other_FS",2025-06-14,"MYVO",3,"SM2","Lillooet_NE|2025-06-14"
"3151","Lillooet_NE","Lillooet","NE","SM2","Other_FS",2025-06-14,"MYYU",1,"SM2","Lillooet_NE|2025-06-14"
"3152","Lillooet_NE","Lillooet","NE","SM2","Other_FS",2025-06-14,"PAHE",0,"SM2","Lillooet_NE|2025-06-14"
"3153","Lillooet_NE","Lillooet","NE","SM2","Other_FS",2025-06-15,"ANPA",0,"SM2","Lillooet_NE|2025-06-15"
"3154","Lillooet_NE","Lillooet","NE","SM2","Other_FS",2025-06-15,"COTO",0,"SM2","Lillooet_NE|2025-06-15"
"3155","Lillooet_NE","Lillooet","NE","SM2","Other_FS",2025-06-15,"EPFU",8,"SM2","Lillooet_NE|2025-06-15"
"3156","Lillooet_NE","Lillooet","NE","SM2","Other_FS",2025-06-15,"EUMA",4,"SM2","Lillooet_NE|2025-06-15"
"3157","Lillooet_NE","Lillooet","NE","SM2","Other_FS",2025-06-15,"LABO",0,"SM2","Lillooet_NE|2025-06-15"
"3158","Lillooet_NE","Lillooet","NE","SM2","Other_FS",2025-06-15,"LACI",9,"SM2","Lillooet_NE|2025-06-15"
"3159","Lillooet_NE","Lillooet","NE","SM2","Other_FS",2025-06-15,"LANO",15,"SM2","Lillooet_NE|2025-06-15"
"3160","Lillooet_NE","Lillooet","NE","SM2","Other_FS",2025-06-15,"MYCA",0,"SM2","Lillooet_NE|2025-06-15"
"3161","Lillooet_NE","Lillooet","NE","SM2","Other_FS",2025-06-15,"MYCI",34,"SM2","Lillooet_NE|2025-06-15"
"3162","Lillooet_NE","Lillooet","NE","SM2","Other_FS",2025-06-15,"MYEV",0,"SM2","Lillooet_NE|2025-06-15"
"3163","Lillooet_NE","Lillooet","NE","SM2","Other_FS",2025-06-15,"MYLU",4,"SM2","Lillooet_NE|2025-06-15"
"3164","Lillooet_NE","Lillooet","NE","SM2","Other_FS",2025-06-15,"MYSE",0,"SM2","Lillooet_NE|2025-06-15"
"3165","Lillooet_NE","Lillooet","NE","SM2","Other_FS",2025-06-15,"MYTH",0,"SM2","Lillooet_NE|2025-06-15"
"3166","Lillooet_NE","Lillooet","NE","SM2","Other_FS",2025-06-15,"MYVO",0,"SM2","Lillooet_NE|2025-06-15"
"3167","Lillooet_NE","Lillooet","NE","SM2","Other_FS",2025-06-15,"MYYU",0,"SM2","Lillooet_NE|2025-06-15"
"3168","Lillooet_NE","Lillooet","NE","SM2","Other_FS",2025-06-15,"PAHE",0,"SM2","Lillooet_NE|2025-06-15"
"3169","Lillooet_NE","Lillooet","NE","SM2","Other_FS",2025-06-16,"ANPA",0,"SM2","Lillooet_NE|2025-06-16"
"3170","Lillooet_NE","Lillooet","NE","SM2","Other_FS",2025-06-16,"COTO",0,"SM2","Lillooet_NE|2025-06-16"
"3171","Lillooet_NE","Lillooet","NE","SM2","Other_FS",2025-06-16,"EPFU",3,"SM2","Lillooet_NE|2025-06-16"
"3172","Lillooet_NE","Lillooet","NE","SM2","Other_FS",2025-06-16,"EUMA",1,"SM2","Lillooet_NE|2025-06-16"
"3173","Lillooet_NE","Lillooet","NE","SM2","Other_FS",2025-06-16,"LABO",0,"SM2","Lillooet_NE|2025-06-16"
"3174","Lillooet_NE","Lillooet","NE","SM2","Other_FS",2025-06-16,"LACI",1,"SM2","Lillooet_NE|2025-06-16"
"3175","Lillooet_NE","Lillooet","NE","SM2","Other_FS",2025-06-16,"LANO",4,"SM2","Lillooet_NE|2025-06-16"
"3176","Lillooet_NE","Lillooet","NE","SM2","Other_FS",2025-06-16,"MYCA",0,"SM2","Lillooet_NE|2025-06-16"
"3177","Lillooet_NE","Lillooet","NE","SM2","Other_FS",2025-06-16,"MYCI",22,"SM2","Lillooet_NE|2025-06-16"
"3178","Lillooet_NE","Lillooet","NE","SM2","Other_FS",2025-06-16,"MYEV",0,"SM2","Lillooet_NE|2025-06-16"
"3179","Lillooet_NE","Lillooet","NE","SM2","Other_FS",2025-06-16,"MYLU",1,"SM2","Lillooet_NE|2025-06-16"
"3180","Lillooet_NE","Lillooet","NE","SM2","Other_FS",2025-06-16,"MYSE",0,"SM2","Lillooet_NE|2025-06-16"
"3181","Lillooet_NE","Lillooet","NE","SM2","Other_FS",2025-06-16,"MYTH",0,"SM2","Lillooet_NE|2025-06-16"
"3182","Lillooet_NE","Lillooet","NE","SM2","Other_FS",2025-06-16,"MYVO",1,"SM2","Lillooet_NE|2025-06-16"
"3183","Lillooet_NE","Lillooet","NE","SM2","Other_FS",2025-06-16,"MYYU",0,"SM2","Lillooet_NE|2025-06-16"
"3184","Lillooet_NE","Lillooet","NE","SM2","Other_FS",2025-06-16,"PAHE",0,"SM2","Lillooet_NE|2025-06-16"
"3185","Lillooet_NE","Lillooet","NE","SM2","Other_FS",2025-06-17,"ANPA",0,"SM2","Lillooet_NE|2025-06-17"
"3186","Lillooet_NE","Lillooet","NE","SM2","Other_FS",2025-06-17,"COTO",0,"SM2","Lillooet_NE|2025-06-17"
"3187","Lillooet_NE","Lillooet","NE","SM2","Other_FS",2025-06-17,"EPFU",23,"SM2","Lillooet_NE|2025-06-17"
"3188","Lillooet_NE","Lillooet","NE","SM2","Other_FS",2025-06-17,"EUMA",2,"SM2","Lillooet_NE|2025-06-17"
"3189","Lillooet_NE","Lillooet","NE","SM2","Other_FS",2025-06-17,"LABO",0,"SM2","Lillooet_NE|2025-06-17"
"3190","Lillooet_NE","Lillooet","NE","SM2","Other_FS",2025-06-17,"LACI",6,"SM2","Lillooet_NE|2025-06-17"
"3191","Lillooet_NE","Lillooet","NE","SM2","Other_FS",2025-06-17,"LANO",19,"SM2","Lillooet_NE|2025-06-17"
"3192","Lillooet_NE","Lillooet","NE","SM2","Other_FS",2025-06-17,"MYCA",3,"SM2","Lillooet_NE|2025-06-17"
"3193","Lillooet_NE","Lillooet","NE","SM2","Other_FS",2025-06-17,"MYCI",38,"SM2","Lillooet_NE|2025-06-17"
"3194","Lillooet_NE","Lillooet","NE","SM2","Other_FS",2025-06-17,"MYEV",0,"SM2","Lillooet_NE|2025-06-17"
"3195","Lillooet_NE","Lillooet","NE","SM2","Other_FS",2025-06-17,"MYLU",11,"SM2","Lillooet_NE|2025-06-17"
"3196","Lillooet_NE","Lillooet","NE","SM2","Other_FS",2025-06-17,"MYSE",0,"SM2","Lillooet_NE|2025-06-17"
"3197","Lillooet_NE","Lillooet","NE","SM2","Other_FS",2025-06-17,"MYTH",0,"SM2","Lillooet_NE|2025-06-17"
"3198","Lillooet_NE","Lillooet","NE","SM2","Other_FS",2025-06-17,"MYVO",44,"SM2","Lillooet_NE|2025-06-17"
"3199","Lillooet_NE","Lillooet","NE","SM2","Other_FS",2025-06-17,"MYYU",5,"SM2","Lillooet_NE|2025-06-17"
"3200","Lillooet_NE","Lillooet","NE","SM2","Other_FS",2025-06-17,"PAHE",0,"SM2","Lillooet_NE|2025-06-17"
"3201","Lillooet_NE","Lillooet","NE","SM2","Other_FS",2025-06-18,"ANPA",0,"SM2","Lillooet_NE|2025-06-18"
"3202","Lillooet_NE","Lillooet","NE","SM2","Other_FS",2025-06-18,"COTO",0,"SM2","Lillooet_NE|2025-06-18"
"3203","Lillooet_NE","Lillooet","NE","SM2","Other_FS",2025-06-18,"EPFU",1,"SM2","Lillooet_NE|2025-06-18"
"3204","Lillooet_NE","Lillooet","NE","SM2","Other_FS",2025-06-18,"EUMA",6,"SM2","Lillooet_NE|2025-06-18"
"3205","Lillooet_NE","Lillooet","NE","SM2","Other_FS",2025-06-18,"LABO",0,"SM2","Lillooet_NE|2025-06-18"
"3206","Lillooet_NE","Lillooet","NE","SM2","Other_FS",2025-06-18,"LACI",0,"SM2","Lillooet_NE|2025-06-18"
"3207","Lillooet_NE","Lillooet","NE","SM2","Other_FS",2025-06-18,"LANO",0,"SM2","Lillooet_NE|2025-06-18"
"3208","Lillooet_NE","Lillooet","NE","SM2","Other_FS",2025-06-18,"MYCA",0,"SM2","Lillooet_NE|2025-06-18"
"3209","Lillooet_NE","Lillooet","NE","SM2","Other_FS",2025-06-18,"MYCI",3,"SM2","Lillooet_NE|2025-06-18"
"3210","Lillooet_NE","Lillooet","NE","SM2","Other_FS",2025-06-18,"MYEV",0,"SM2","Lillooet_NE|2025-06-18"
"3211","Lillooet_NE","Lillooet","NE","SM2","Other_FS",2025-06-18,"MYLU",1,"SM2","Lillooet_NE|2025-06-18"
"3212","Lillooet_NE","Lillooet","NE","SM2","Other_FS",2025-06-18,"MYSE",0,"SM2","Lillooet_NE|2025-06-18"
"3213","Lillooet_NE","Lillooet","NE","SM2","Other_FS",2025-06-18,"MYTH",0,"SM2","Lillooet_NE|2025-06-18"
"3214","Lillooet_NE","Lillooet","NE","SM2","Other_FS",2025-06-18,"MYVO",0,"SM2","Lillooet_NE|2025-06-18"
"3215","Lillooet_NE","Lillooet","NE","SM2","Other_FS",2025-06-18,"MYYU",0,"SM2","Lillooet_NE|2025-06-18"
"3216","Lillooet_NE","Lillooet","NE","SM2","Other_FS",2025-06-18,"PAHE",0,"SM2","Lillooet_NE|2025-06-18"
"3217","Lillooet_NE","Lillooet","NE","SM2","Other_FS",2025-06-19,"ANPA",0,"SM2","Lillooet_NE|2025-06-19"
"3218","Lillooet_NE","Lillooet","NE","SM2","Other_FS",2025-06-19,"COTO",0,"SM2","Lillooet_NE|2025-06-19"
"3219","Lillooet_NE","Lillooet","NE","SM2","Other_FS",2025-06-19,"EPFU",0,"SM2","Lillooet_NE|2025-06-19"
"3220","Lillooet_NE","Lillooet","NE","SM2","Other_FS",2025-06-19,"EUMA",1,"SM2","Lillooet_NE|2025-06-19"
"3221","Lillooet_NE","Lillooet","NE","SM2","Other_FS",2025-06-19,"LABO",0,"SM2","Lillooet_NE|2025-06-19"
"3222","Lillooet_NE","Lillooet","NE","SM2","Other_FS",2025-06-19,"LACI",0,"SM2","Lillooet_NE|2025-06-19"
"3223","Lillooet_NE","Lillooet","NE","SM2","Other_FS",2025-06-19,"LANO",1,"SM2","Lillooet_NE|2025-06-19"
"3224","Lillooet_NE","Lillooet","NE","SM2","Other_FS",2025-06-19,"MYCA",0,"SM2","Lillooet_NE|2025-06-19"
"3225","Lillooet_NE","Lillooet","NE","SM2","Other_FS",2025-06-19,"MYCI",55,"SM2","Lillooet_NE|2025-06-19"
"3226","Lillooet_NE","Lillooet","NE","SM2","Other_FS",2025-06-19,"MYEV",0,"SM2","Lillooet_NE|2025-06-19"
"3227","Lillooet_NE","Lillooet","NE","SM2","Other_FS",2025-06-19,"MYLU",3,"SM2","Lillooet_NE|2025-06-19"
"3228","Lillooet_NE","Lillooet","NE","SM2","Other_FS",2025-06-19,"MYSE",0,"SM2","Lillooet_NE|2025-06-19"
"3229","Lillooet_NE","Lillooet","NE","SM2","Other_FS",2025-06-19,"MYTH",0,"SM2","Lillooet_NE|2025-06-19"
"3230","Lillooet_NE","Lillooet","NE","SM2","Other_FS",2025-06-19,"MYVO",0,"SM2","Lillooet_NE|2025-06-19"
"3231","Lillooet_NE","Lillooet","NE","SM2","Other_FS",2025-06-19,"MYYU",0,"SM2","Lillooet_NE|2025-06-19"
"3232","Lillooet_NE","Lillooet","NE","SM2","Other_FS",2025-06-19,"PAHE",0,"SM2","Lillooet_NE|2025-06-19"
"3233","Lillooet_NE","Lillooet","NE","SM2","Other_FS",2025-06-21,"ANPA",0,"SM2","Lillooet_NE|2025-06-21"
"3234","Lillooet_NE","Lillooet","NE","SM2","Other_FS",2025-06-21,"COTO",0,"SM2","Lillooet_NE|2025-06-21"
"3235","Lillooet_NE","Lillooet","NE","SM2","Other_FS",2025-06-21,"EPFU",0,"SM2","Lillooet_NE|2025-06-21"
"3236","Lillooet_NE","Lillooet","NE","SM2","Other_FS",2025-06-21,"EUMA",2,"SM2","Lillooet_NE|2025-06-21"
"3237","Lillooet_NE","Lillooet","NE","SM2","Other_FS",2025-06-21,"LABO",0,"SM2","Lillooet_NE|2025-06-21"
"3238","Lillooet_NE","Lillooet","NE","SM2","Other_FS",2025-06-21,"LACI",3,"SM2","Lillooet_NE|2025-06-21"
"3239","Lillooet_NE","Lillooet","NE","SM2","Other_FS",2025-06-21,"LANO",1,"SM2","Lillooet_NE|2025-06-21"
"3240","Lillooet_NE","Lillooet","NE","SM2","Other_FS",2025-06-21,"MYCA",0,"SM2","Lillooet_NE|2025-06-21"
"3241","Lillooet_NE","Lillooet","NE","SM2","Other_FS",2025-06-21,"MYCI",15,"SM2","Lillooet_NE|2025-06-21"
"3242","Lillooet_NE","Lillooet","NE","SM2","Other_FS",2025-06-21,"MYEV",0,"SM2","Lillooet_NE|2025-06-21"
"3243","Lillooet_NE","Lillooet","NE","SM2","Other_FS",2025-06-21,"MYLU",1,"SM2","Lillooet_NE|2025-06-21"
"3244","Lillooet_NE","Lillooet","NE","SM2","Other_FS",2025-06-21,"MYSE",0,"SM2","Lillooet_NE|2025-06-21"
"3245","Lillooet_NE","Lillooet","NE","SM2","Other_FS",2025-06-21,"MYTH",0,"SM2","Lillooet_NE|2025-06-21"
"3246","Lillooet_NE","Lillooet","NE","SM2","Other_FS",2025-06-21,"MYVO",1,"SM2","Lillooet_NE|2025-06-21"
"3247","Lillooet_NE","Lillooet","NE","SM2","Other_FS",2025-06-21,"MYYU",0,"SM2","Lillooet_NE|2025-06-21"
"3248","Lillooet_NE","Lillooet","NE","SM2","Other_FS",2025-06-21,"PAHE",0,"SM2","Lillooet_NE|2025-06-21"
"3249","Lillooet_NE","Lillooet","NE","SM2","Other_FS",2025-06-22,"ANPA",0,"SM2","Lillooet_NE|2025-06-22"
"3250","Lillooet_NE","Lillooet","NE","SM2","Other_FS",2025-06-22,"COTO",0,"SM2","Lillooet_NE|2025-06-22"
"3251","Lillooet_NE","Lillooet","NE","SM2","Other_FS",2025-06-22,"EPFU",1,"SM2","Lillooet_NE|2025-06-22"
"3252","Lillooet_NE","Lillooet","NE","SM2","Other_FS",2025-06-22,"EUMA",6,"SM2","Lillooet_NE|2025-06-22"
"3253","Lillooet_NE","Lillooet","NE","SM2","Other_FS",2025-06-22,"LABO",0,"SM2","Lillooet_NE|2025-06-22"
"3254","Lillooet_NE","Lillooet","NE","SM2","Other_FS",2025-06-22,"LACI",0,"SM2","Lillooet_NE|2025-06-22"
"3255","Lillooet_NE","Lillooet","NE","SM2","Other_FS",2025-06-22,"LANO",6,"SM2","Lillooet_NE|2025-06-22"
"3256","Lillooet_NE","Lillooet","NE","SM2","Other_FS",2025-06-22,"MYCA",0,"SM2","Lillooet_NE|2025-06-22"
"3257","Lillooet_NE","Lillooet","NE","SM2","Other_FS",2025-06-22,"MYCI",15,"SM2","Lillooet_NE|2025-06-22"
"3258","Lillooet_NE","Lillooet","NE","SM2","Other_FS",2025-06-22,"MYEV",0,"SM2","Lillooet_NE|2025-06-22"
"3259","Lillooet_NE","Lillooet","NE","SM2","Other_FS",2025-06-22,"MYLU",1,"SM2","Lillooet_NE|2025-06-22"
"3260","Lillooet_NE","Lillooet","NE","SM2","Other_FS",2025-06-22,"MYSE",0,"SM2","Lillooet_NE|2025-06-22"
"3261","Lillooet_NE","Lillooet","NE","SM2","Other_FS",2025-06-22,"MYTH",2,"SM2","Lillooet_NE|2025-06-22"
"3262","Lillooet_NE","Lillooet","NE","SM2","Other_FS",2025-06-22,"MYVO",4,"SM2","Lillooet_NE|2025-06-22"
"3263","Lillooet_NE","Lillooet","NE","SM2","Other_FS",2025-06-22,"MYYU",1,"SM2","Lillooet_NE|2025-06-22"
"3264","Lillooet_NE","Lillooet","NE","SM2","Other_FS",2025-06-22,"PAHE",0,"SM2","Lillooet_NE|2025-06-22"
"3265","Lillooet_NE","Lillooet","NE","SM2","Other_FS",2025-06-23,"ANPA",0,"SM2","Lillooet_NE|2025-06-23"
"3266","Lillooet_NE","Lillooet","NE","SM2","Other_FS",2025-06-23,"COTO",0,"SM2","Lillooet_NE|2025-06-23"
"3267","Lillooet_NE","Lillooet","NE","SM2","Other_FS",2025-06-23,"EPFU",1,"SM2","Lillooet_NE|2025-06-23"
"3268","Lillooet_NE","Lillooet","NE","SM2","Other_FS",2025-06-23,"EUMA",2,"SM2","Lillooet_NE|2025-06-23"
"3269","Lillooet_NE","Lillooet","NE","SM2","Other_FS",2025-06-23,"LABO",0,"SM2","Lillooet_NE|2025-06-23"
"3270","Lillooet_NE","Lillooet","NE","SM2","Other_FS",2025-06-23,"LACI",2,"SM2","Lillooet_NE|2025-06-23"
"3271","Lillooet_NE","Lillooet","NE","SM2","Other_FS",2025-06-23,"LANO",6,"SM2","Lillooet_NE|2025-06-23"
"3272","Lillooet_NE","Lillooet","NE","SM2","Other_FS",2025-06-23,"MYCA",3,"SM2","Lillooet_NE|2025-06-23"
"3273","Lillooet_NE","Lillooet","NE","SM2","Other_FS",2025-06-23,"MYCI",78,"SM2","Lillooet_NE|2025-06-23"
"3274","Lillooet_NE","Lillooet","NE","SM2","Other_FS",2025-06-23,"MYEV",0,"SM2","Lillooet_NE|2025-06-23"
"3275","Lillooet_NE","Lillooet","NE","SM2","Other_FS",2025-06-23,"MYLU",11,"SM2","Lillooet_NE|2025-06-23"
"3276","Lillooet_NE","Lillooet","NE","SM2","Other_FS",2025-06-23,"MYSE",0,"SM2","Lillooet_NE|2025-06-23"
"3277","Lillooet_NE","Lillooet","NE","SM2","Other_FS",2025-06-23,"MYTH",0,"SM2","Lillooet_NE|2025-06-23"
"3278","Lillooet_NE","Lillooet","NE","SM2","Other_FS",2025-06-23,"MYVO",1,"SM2","Lillooet_NE|2025-06-23"
"3279","Lillooet_NE","Lillooet","NE","SM2","Other_FS",2025-06-23,"MYYU",0,"SM2","Lillooet_NE|2025-06-23"
"3280","Lillooet_NE","Lillooet","NE","SM2","Other_FS",2025-06-23,"PAHE",0,"SM2","Lillooet_NE|2025-06-23"
"3281","Lillooet_NE","Lillooet","NE","SM2","Other_FS",2025-06-24,"ANPA",0,"SM2","Lillooet_NE|2025-06-24"
"3282","Lillooet_NE","Lillooet","NE","SM2","Other_FS",2025-06-24,"COTO",0,"SM2","Lillooet_NE|2025-06-24"
"3283","Lillooet_NE","Lillooet","NE","SM2","Other_FS",2025-06-24,"EPFU",20,"SM2","Lillooet_NE|2025-06-24"
"3284","Lillooet_NE","Lillooet","NE","SM2","Other_FS",2025-06-24,"EUMA",19,"SM2","Lillooet_NE|2025-06-24"
"3285","Lillooet_NE","Lillooet","NE","SM2","Other_FS",2025-06-24,"LABO",0,"SM2","Lillooet_NE|2025-06-24"
"3286","Lillooet_NE","Lillooet","NE","SM2","Other_FS",2025-06-24,"LACI",6,"SM2","Lillooet_NE|2025-06-24"
"3287","Lillooet_NE","Lillooet","NE","SM2","Other_FS",2025-06-24,"LANO",7,"SM2","Lillooet_NE|2025-06-24"
"3288","Lillooet_NE","Lillooet","NE","SM2","Other_FS",2025-06-24,"MYCA",0,"SM2","Lillooet_NE|2025-06-24"
"3289","Lillooet_NE","Lillooet","NE","SM2","Other_FS",2025-06-24,"MYCI",68,"SM2","Lillooet_NE|2025-06-24"
"3290","Lillooet_NE","Lillooet","NE","SM2","Other_FS",2025-06-24,"MYEV",0,"SM2","Lillooet_NE|2025-06-24"
"3291","Lillooet_NE","Lillooet","NE","SM2","Other_FS",2025-06-24,"MYLU",1,"SM2","Lillooet_NE|2025-06-24"
"3292","Lillooet_NE","Lillooet","NE","SM2","Other_FS",2025-06-24,"MYSE",0,"SM2","Lillooet_NE|2025-06-24"
"3293","Lillooet_NE","Lillooet","NE","SM2","Other_FS",2025-06-24,"MYTH",0,"SM2","Lillooet_NE|2025-06-24"
"3294","Lillooet_NE","Lillooet","NE","SM2","Other_FS",2025-06-24,"MYVO",2,"SM2","Lillooet_NE|2025-06-24"
"3295","Lillooet_NE","Lillooet","NE","SM2","Other_FS",2025-06-24,"MYYU",0,"SM2","Lillooet_NE|2025-06-24"
"3296","Lillooet_NE","Lillooet","NE","SM2","Other_FS",2025-06-24,"PAHE",0,"SM2","Lillooet_NE|2025-06-24"
"3297","Lillooet_NE","Lillooet","NE","SM2","Other_FS",2025-06-25,"ANPA",0,"SM2","Lillooet_NE|2025-06-25"
"3298","Lillooet_NE","Lillooet","NE","SM2","Other_FS",2025-06-25,"COTO",0,"SM2","Lillooet_NE|2025-06-25"
"3299","Lillooet_NE","Lillooet","NE","SM2","Other_FS",2025-06-25,"EPFU",0,"SM2","Lillooet_NE|2025-06-25"
"3300","Lillooet_NE","Lillooet","NE","SM2","Other_FS",2025-06-25,"EUMA",0,"SM2","Lillooet_NE|2025-06-25"
"3301","Lillooet_NE","Lillooet","NE","SM2","Other_FS",2025-06-25,"LABO",0,"SM2","Lillooet_NE|2025-06-25"
"3302","Lillooet_NE","Lillooet","NE","SM2","Other_FS",2025-06-25,"LACI",0,"SM2","Lillooet_NE|2025-06-25"
"3303","Lillooet_NE","Lillooet","NE","SM2","Other_FS",2025-06-25,"LANO",1,"SM2","Lillooet_NE|2025-06-25"
"3304","Lillooet_NE","Lillooet","NE","SM2","Other_FS",2025-06-25,"MYCA",0,"SM2","Lillooet_NE|2025-06-25"
"3305","Lillooet_NE","Lillooet","NE","SM2","Other_FS",2025-06-25,"MYCI",16,"SM2","Lillooet_NE|2025-06-25"
"3306","Lillooet_NE","Lillooet","NE","SM2","Other_FS",2025-06-25,"MYEV",0,"SM2","Lillooet_NE|2025-06-25"
"3307","Lillooet_NE","Lillooet","NE","SM2","Other_FS",2025-06-25,"MYLU",0,"SM2","Lillooet_NE|2025-06-25"
"3308","Lillooet_NE","Lillooet","NE","SM2","Other_FS",2025-06-25,"MYSE",0,"SM2","Lillooet_NE|2025-06-25"
"3309","Lillooet_NE","Lillooet","NE","SM2","Other_FS",2025-06-25,"MYTH",0,"SM2","Lillooet_NE|2025-06-25"
"3310","Lillooet_NE","Lillooet","NE","SM2","Other_FS",2025-06-25,"MYVO",1,"SM2","Lillooet_NE|2025-06-25"
"3311","Lillooet_NE","Lillooet","NE","SM2","Other_FS",2025-06-25,"MYYU",0,"SM2","Lillooet_NE|2025-06-25"
"3312","Lillooet_NE","Lillooet","NE","SM2","Other_FS",2025-06-25,"PAHE",0,"SM2","Lillooet_NE|2025-06-25"
"3313","Lillooet_NE","Lillooet","NE","SM2","Other_FS",2025-06-26,"ANPA",0,"SM2","Lillooet_NE|2025-06-26"
"3314","Lillooet_NE","Lillooet","NE","SM2","Other_FS",2025-06-26,"COTO",0,"SM2","Lillooet_NE|2025-06-26"
"3315","Lillooet_NE","Lillooet","NE","SM2","Other_FS",2025-06-26,"EPFU",0,"SM2","Lillooet_NE|2025-06-26"
"3316","Lillooet_NE","Lillooet","NE","SM2","Other_FS",2025-06-26,"EUMA",2,"SM2","Lillooet_NE|2025-06-26"
"3317","Lillooet_NE","Lillooet","NE","SM2","Other_FS",2025-06-26,"LABO",0,"SM2","Lillooet_NE|2025-06-26"
"3318","Lillooet_NE","Lillooet","NE","SM2","Other_FS",2025-06-26,"LACI",3,"SM2","Lillooet_NE|2025-06-26"
"3319","Lillooet_NE","Lillooet","NE","SM2","Other_FS",2025-06-26,"LANO",1,"SM2","Lillooet_NE|2025-06-26"
"3320","Lillooet_NE","Lillooet","NE","SM2","Other_FS",2025-06-26,"MYCA",0,"SM2","Lillooet_NE|2025-06-26"
"3321","Lillooet_NE","Lillooet","NE","SM2","Other_FS",2025-06-26,"MYCI",8,"SM2","Lillooet_NE|2025-06-26"
"3322","Lillooet_NE","Lillooet","NE","SM2","Other_FS",2025-06-26,"MYEV",0,"SM2","Lillooet_NE|2025-06-26"
"3323","Lillooet_NE","Lillooet","NE","SM2","Other_FS",2025-06-26,"MYLU",1,"SM2","Lillooet_NE|2025-06-26"
"3324","Lillooet_NE","Lillooet","NE","SM2","Other_FS",2025-06-26,"MYSE",0,"SM2","Lillooet_NE|2025-06-26"
"3325","Lillooet_NE","Lillooet","NE","SM2","Other_FS",2025-06-26,"MYTH",0,"SM2","Lillooet_NE|2025-06-26"
"3326","Lillooet_NE","Lillooet","NE","SM2","Other_FS",2025-06-26,"MYVO",4,"SM2","Lillooet_NE|2025-06-26"
"3327","Lillooet_NE","Lillooet","NE","SM2","Other_FS",2025-06-26,"MYYU",0,"SM2","Lillooet_NE|2025-06-26"
"3328","Lillooet_NE","Lillooet","NE","SM2","Other_FS",2025-06-26,"PAHE",0,"SM2","Lillooet_NE|2025-06-26"
"3329","Lillooet_NE","Lillooet","NE","SM2","Other_FS",2025-06-30,"ANPA",0,"SM2","Lillooet_NE|2025-06-30"
"3330","Lillooet_NE","Lillooet","NE","SM2","Other_FS",2025-06-30,"COTO",0,"SM2","Lillooet_NE|2025-06-30"
"3331","Lillooet_NE","Lillooet","NE","SM2","Other_FS",2025-06-30,"EPFU",6,"SM2","Lillooet_NE|2025-06-30"
"3332","Lillooet_NE","Lillooet","NE","SM2","Other_FS",2025-06-30,"EUMA",81,"SM2","Lillooet_NE|2025-06-30"
"3333","Lillooet_NE","Lillooet","NE","SM2","Other_FS",2025-06-30,"LABO",0,"SM2","Lillooet_NE|2025-06-30"
"3334","Lillooet_NE","Lillooet","NE","SM2","Other_FS",2025-06-30,"LACI",23,"SM2","Lillooet_NE|2025-06-30"
"3335","Lillooet_NE","Lillooet","NE","SM2","Other_FS",2025-06-30,"LANO",7,"SM2","Lillooet_NE|2025-06-30"
"3336","Lillooet_NE","Lillooet","NE","SM2","Other_FS",2025-06-30,"MYCA",0,"SM2","Lillooet_NE|2025-06-30"
"3337","Lillooet_NE","Lillooet","NE","SM2","Other_FS",2025-06-30,"MYCI",21,"SM2","Lillooet_NE|2025-06-30"
"3338","Lillooet_NE","Lillooet","NE","SM2","Other_FS",2025-06-30,"MYEV",1,"SM2","Lillooet_NE|2025-06-30"
"3339","Lillooet_NE","Lillooet","NE","SM2","Other_FS",2025-06-30,"MYLU",2,"SM2","Lillooet_NE|2025-06-30"
"3340","Lillooet_NE","Lillooet","NE","SM2","Other_FS",2025-06-30,"MYSE",0,"SM2","Lillooet_NE|2025-06-30"
"3341","Lillooet_NE","Lillooet","NE","SM2","Other_FS",2025-06-30,"MYTH",0,"SM2","Lillooet_NE|2025-06-30"
"3342","Lillooet_NE","Lillooet","NE","SM2","Other_FS",2025-06-30,"MYVO",0,"SM2","Lillooet_NE|2025-06-30"
"3343","Lillooet_NE","Lillooet","NE","SM2","Other_FS",2025-06-30,"MYYU",0,"SM2","Lillooet_NE|2025-06-30"
"3344","Lillooet_NE","Lillooet","NE","SM2","Other_FS",2025-06-30,"PAHE",0,"SM2","Lillooet_NE|2025-06-30"
"3345","Lillooet_NE","Lillooet","NE","SM2","Other_FS",2025-07-01,"ANPA",0,"SM2","Lillooet_NE|2025-07-01"
"3346","Lillooet_NE","Lillooet","NE","SM2","Other_FS",2025-07-01,"COTO",0,"SM2","Lillooet_NE|2025-07-01"
"3347","Lillooet_NE","Lillooet","NE","SM2","Other_FS",2025-07-01,"EPFU",8,"SM2","Lillooet_NE|2025-07-01"
"3348","Lillooet_NE","Lillooet","NE","SM2","Other_FS",2025-07-01,"EUMA",47,"SM2","Lillooet_NE|2025-07-01"
"3349","Lillooet_NE","Lillooet","NE","SM2","Other_FS",2025-07-01,"LABO",0,"SM2","Lillooet_NE|2025-07-01"
"3350","Lillooet_NE","Lillooet","NE","SM2","Other_FS",2025-07-01,"LACI",13,"SM2","Lillooet_NE|2025-07-01"
"3351","Lillooet_NE","Lillooet","NE","SM2","Other_FS",2025-07-01,"LANO",8,"SM2","Lillooet_NE|2025-07-01"
"3352","Lillooet_NE","Lillooet","NE","SM2","Other_FS",2025-07-01,"MYCA",0,"SM2","Lillooet_NE|2025-07-01"
"3353","Lillooet_NE","Lillooet","NE","SM2","Other_FS",2025-07-01,"MYCI",6,"SM2","Lillooet_NE|2025-07-01"
"3354","Lillooet_NE","Lillooet","NE","SM2","Other_FS",2025-07-01,"MYEV",0,"SM2","Lillooet_NE|2025-07-01"
"3355","Lillooet_NE","Lillooet","NE","SM2","Other_FS",2025-07-01,"MYLU",1,"SM2","Lillooet_NE|2025-07-01"
"3356","Lillooet_NE","Lillooet","NE","SM2","Other_FS",2025-07-01,"MYSE",0,"SM2","Lillooet_NE|2025-07-01"
"3357","Lillooet_NE","Lillooet","NE","SM2","Other_FS",2025-07-01,"MYTH",0,"SM2","Lillooet_NE|2025-07-01"
"3358","Lillooet_NE","Lillooet","NE","SM2","Other_FS",2025-07-01,"MYVO",0,"SM2","Lillooet_NE|2025-07-01"
"3359","Lillooet_NE","Lillooet","NE","SM2","Other_FS",2025-07-01,"MYYU",0,"SM2","Lillooet_NE|2025-07-01"
"3360","Lillooet_NE","Lillooet","NE","SM2","Other_FS",2025-07-01,"PAHE",0,"SM2","Lillooet_NE|2025-07-01"
"3361","Lillooet_NE","Lillooet","NE","SM2","Other_FS",2025-07-02,"ANPA",0,"SM2","Lillooet_NE|2025-07-02"
"3362","Lillooet_NE","Lillooet","NE","SM2","Other_FS",2025-07-02,"COTO",0,"SM2","Lillooet_NE|2025-07-02"
"3363","Lillooet_NE","Lillooet","NE","SM2","Other_FS",2025-07-02,"EPFU",2,"SM2","Lillooet_NE|2025-07-02"
"3364","Lillooet_NE","Lillooet","NE","SM2","Other_FS",2025-07-02,"EUMA",13,"SM2","Lillooet_NE|2025-07-02"
"3365","Lillooet_NE","Lillooet","NE","SM2","Other_FS",2025-07-02,"LABO",0,"SM2","Lillooet_NE|2025-07-02"
"3366","Lillooet_NE","Lillooet","NE","SM2","Other_FS",2025-07-02,"LACI",8,"SM2","Lillooet_NE|2025-07-02"
"3367","Lillooet_NE","Lillooet","NE","SM2","Other_FS",2025-07-02,"LANO",8,"SM2","Lillooet_NE|2025-07-02"
"3368","Lillooet_NE","Lillooet","NE","SM2","Other_FS",2025-07-02,"MYCA",0,"SM2","Lillooet_NE|2025-07-02"
"3369","Lillooet_NE","Lillooet","NE","SM2","Other_FS",2025-07-02,"MYCI",7,"SM2","Lillooet_NE|2025-07-02"
"3370","Lillooet_NE","Lillooet","NE","SM2","Other_FS",2025-07-02,"MYEV",0,"SM2","Lillooet_NE|2025-07-02"
"3371","Lillooet_NE","Lillooet","NE","SM2","Other_FS",2025-07-02,"MYLU",1,"SM2","Lillooet_NE|2025-07-02"
"3372","Lillooet_NE","Lillooet","NE","SM2","Other_FS",2025-07-02,"MYSE",0,"SM2","Lillooet_NE|2025-07-02"
"3373","Lillooet_NE","Lillooet","NE","SM2","Other_FS",2025-07-02,"MYTH",0,"SM2","Lillooet_NE|2025-07-02"
"3374","Lillooet_NE","Lillooet","NE","SM2","Other_FS",2025-07-02,"MYVO",0,"SM2","Lillooet_NE|2025-07-02"
"3375","Lillooet_NE","Lillooet","NE","SM2","Other_FS",2025-07-02,"MYYU",0,"SM2","Lillooet_NE|2025-07-02"
"3376","Lillooet_NE","Lillooet","NE","SM2","Other_FS",2025-07-02,"PAHE",0,"SM2","Lillooet_NE|2025-07-02"
"3377","Lillooet_NE","Lillooet","NE","SM2","Other_FS",2025-07-03,"ANPA",0,"SM2","Lillooet_NE|2025-07-03"
"3378","Lillooet_NE","Lillooet","NE","SM2","Other_FS",2025-07-03,"COTO",0,"SM2","Lillooet_NE|2025-07-03"
"3379","Lillooet_NE","Lillooet","NE","SM2","Other_FS",2025-07-03,"EPFU",0,"SM2","Lillooet_NE|2025-07-03"
"3380","Lillooet_NE","Lillooet","NE","SM2","Other_FS",2025-07-03,"EUMA",34,"SM2","Lillooet_NE|2025-07-03"
"3381","Lillooet_NE","Lillooet","NE","SM2","Other_FS",2025-07-03,"LABO",0,"SM2","Lillooet_NE|2025-07-03"
"3382","Lillooet_NE","Lillooet","NE","SM2","Other_FS",2025-07-03,"LACI",2,"SM2","Lillooet_NE|2025-07-03"
"3383","Lillooet_NE","Lillooet","NE","SM2","Other_FS",2025-07-03,"LANO",7,"SM2","Lillooet_NE|2025-07-03"
"3384","Lillooet_NE","Lillooet","NE","SM2","Other_FS",2025-07-03,"MYCA",2,"SM2","Lillooet_NE|2025-07-03"
"3385","Lillooet_NE","Lillooet","NE","SM2","Other_FS",2025-07-03,"MYCI",8,"SM2","Lillooet_NE|2025-07-03"
"3386","Lillooet_NE","Lillooet","NE","SM2","Other_FS",2025-07-03,"MYEV",0,"SM2","Lillooet_NE|2025-07-03"
"3387","Lillooet_NE","Lillooet","NE","SM2","Other_FS",2025-07-03,"MYLU",1,"SM2","Lillooet_NE|2025-07-03"
"3388","Lillooet_NE","Lillooet","NE","SM2","Other_FS",2025-07-03,"MYSE",0,"SM2","Lillooet_NE|2025-07-03"
"3389","Lillooet_NE","Lillooet","NE","SM2","Other_FS",2025-07-03,"MYTH",0,"SM2","Lillooet_NE|2025-07-03"
"3390","Lillooet_NE","Lillooet","NE","SM2","Other_FS",2025-07-03,"MYVO",0,"SM2","Lillooet_NE|2025-07-03"
"3391","Lillooet_NE","Lillooet","NE","SM2","Other_FS",2025-07-03,"MYYU",0,"SM2","Lillooet_NE|2025-07-03"
"3392","Lillooet_NE","Lillooet","NE","SM2","Other_FS",2025-07-03,"PAHE",0,"SM2","Lillooet_NE|2025-07-03"
"3393","Lillooet_NE","Lillooet","NE","SM2","Other_FS",2025-07-04,"ANPA",0,"SM2","Lillooet_NE|2025-07-04"
"3394","Lillooet_NE","Lillooet","NE","SM2","Other_FS",2025-07-04,"COTO",0,"SM2","Lillooet_NE|2025-07-04"
"3395","Lillooet_NE","Lillooet","NE","SM2","Other_FS",2025-07-04,"EPFU",2,"SM2","Lillooet_NE|2025-07-04"
"3396","Lillooet_NE","Lillooet","NE","SM2","Other_FS",2025-07-04,"EUMA",2,"SM2","Lillooet_NE|2025-07-04"
"3397","Lillooet_NE","Lillooet","NE","SM2","Other_FS",2025-07-04,"LABO",0,"SM2","Lillooet_NE|2025-07-04"
"3398","Lillooet_NE","Lillooet","NE","SM2","Other_FS",2025-07-04,"LACI",7,"SM2","Lillooet_NE|2025-07-04"
"3399","Lillooet_NE","Lillooet","NE","SM2","Other_FS",2025-07-04,"LANO",3,"SM2","Lillooet_NE|2025-07-04"
"3400","Lillooet_NE","Lillooet","NE","SM2","Other_FS",2025-07-04,"MYCA",1,"SM2","Lillooet_NE|2025-07-04"
"3401","Lillooet_NE","Lillooet","NE","SM2","Other_FS",2025-07-04,"MYCI",3,"SM2","Lillooet_NE|2025-07-04"
"3402","Lillooet_NE","Lillooet","NE","SM2","Other_FS",2025-07-04,"MYEV",0,"SM2","Lillooet_NE|2025-07-04"
"3403","Lillooet_NE","Lillooet","NE","SM2","Other_FS",2025-07-04,"MYLU",2,"SM2","Lillooet_NE|2025-07-04"
"3404","Lillooet_NE","Lillooet","NE","SM2","Other_FS",2025-07-04,"MYSE",0,"SM2","Lillooet_NE|2025-07-04"
"3405","Lillooet_NE","Lillooet","NE","SM2","Other_FS",2025-07-04,"MYTH",0,"SM2","Lillooet_NE|2025-07-04"
"3406","Lillooet_NE","Lillooet","NE","SM2","Other_FS",2025-07-04,"MYVO",4,"SM2","Lillooet_NE|2025-07-04"
"3407","Lillooet_NE","Lillooet","NE","SM2","Other_FS",2025-07-04,"MYYU",0,"SM2","Lillooet_NE|2025-07-04"
"3408","Lillooet_NE","Lillooet","NE","SM2","Other_FS",2025-07-04,"PAHE",0,"SM2","Lillooet_NE|2025-07-04"
"3409","Lillooet_NE","Lillooet","NE","SM2","Other_FS",2025-07-05,"ANPA",0,"SM2","Lillooet_NE|2025-07-05"
"3410","Lillooet_NE","Lillooet","NE","SM2","Other_FS",2025-07-05,"COTO",0,"SM2","Lillooet_NE|2025-07-05"
"3411","Lillooet_NE","Lillooet","NE","SM2","Other_FS",2025-07-05,"EPFU",1,"SM2","Lillooet_NE|2025-07-05"
"3412","Lillooet_NE","Lillooet","NE","SM2","Other_FS",2025-07-05,"EUMA",0,"SM2","Lillooet_NE|2025-07-05"
"3413","Lillooet_NE","Lillooet","NE","SM2","Other_FS",2025-07-05,"LABO",0,"SM2","Lillooet_NE|2025-07-05"
"3414","Lillooet_NE","Lillooet","NE","SM2","Other_FS",2025-07-05,"LACI",4,"SM2","Lillooet_NE|2025-07-05"
"3415","Lillooet_NE","Lillooet","NE","SM2","Other_FS",2025-07-05,"LANO",7,"SM2","Lillooet_NE|2025-07-05"
"3416","Lillooet_NE","Lillooet","NE","SM2","Other_FS",2025-07-05,"MYCA",0,"SM2","Lillooet_NE|2025-07-05"
"3417","Lillooet_NE","Lillooet","NE","SM2","Other_FS",2025-07-05,"MYCI",4,"SM2","Lillooet_NE|2025-07-05"
"3418","Lillooet_NE","Lillooet","NE","SM2","Other_FS",2025-07-05,"MYEV",0,"SM2","Lillooet_NE|2025-07-05"
"3419","Lillooet_NE","Lillooet","NE","SM2","Other_FS",2025-07-05,"MYLU",1,"SM2","Lillooet_NE|2025-07-05"
"3420","Lillooet_NE","Lillooet","NE","SM2","Other_FS",2025-07-05,"MYSE",0,"SM2","Lillooet_NE|2025-07-05"
"3421","Lillooet_NE","Lillooet","NE","SM2","Other_FS",2025-07-05,"MYTH",0,"SM2","Lillooet_NE|2025-07-05"
"3422","Lillooet_NE","Lillooet","NE","SM2","Other_FS",2025-07-05,"MYVO",0,"SM2","Lillooet_NE|2025-07-05"
"3423","Lillooet_NE","Lillooet","NE","SM2","Other_FS",2025-07-05,"MYYU",0,"SM2","Lillooet_NE|2025-07-05"
"3424","Lillooet_NE","Lillooet","NE","SM2","Other_FS",2025-07-05,"PAHE",0,"SM2","Lillooet_NE|2025-07-05"
"3425","Lillooet_NE","Lillooet","NE","SM2","Other_FS",2025-07-06,"ANPA",0,"SM2","Lillooet_NE|2025-07-06"
"3426","Lillooet_NE","Lillooet","NE","SM2","Other_FS",2025-07-06,"COTO",0,"SM2","Lillooet_NE|2025-07-06"
"3427","Lillooet_NE","Lillooet","NE","SM2","Other_FS",2025-07-06,"EPFU",2,"SM2","Lillooet_NE|2025-07-06"
"3428","Lillooet_NE","Lillooet","NE","SM2","Other_FS",2025-07-06,"EUMA",32,"SM2","Lillooet_NE|2025-07-06"
"3429","Lillooet_NE","Lillooet","NE","SM2","Other_FS",2025-07-06,"LABO",0,"SM2","Lillooet_NE|2025-07-06"
"3430","Lillooet_NE","Lillooet","NE","SM2","Other_FS",2025-07-06,"LACI",1,"SM2","Lillooet_NE|2025-07-06"
"3431","Lillooet_NE","Lillooet","NE","SM2","Other_FS",2025-07-06,"LANO",0,"SM2","Lillooet_NE|2025-07-06"
"3432","Lillooet_NE","Lillooet","NE","SM2","Other_FS",2025-07-06,"MYCA",0,"SM2","Lillooet_NE|2025-07-06"
"3433","Lillooet_NE","Lillooet","NE","SM2","Other_FS",2025-07-06,"MYCI",16,"SM2","Lillooet_NE|2025-07-06"
"3434","Lillooet_NE","Lillooet","NE","SM2","Other_FS",2025-07-06,"MYEV",0,"SM2","Lillooet_NE|2025-07-06"
"3435","Lillooet_NE","Lillooet","NE","SM2","Other_FS",2025-07-06,"MYLU",5,"SM2","Lillooet_NE|2025-07-06"
"3436","Lillooet_NE","Lillooet","NE","SM2","Other_FS",2025-07-06,"MYSE",0,"SM2","Lillooet_NE|2025-07-06"
"3437","Lillooet_NE","Lillooet","NE","SM2","Other_FS",2025-07-06,"MYTH",0,"SM2","Lillooet_NE|2025-07-06"
"3438","Lillooet_NE","Lillooet","NE","SM2","Other_FS",2025-07-06,"MYVO",0,"SM2","Lillooet_NE|2025-07-06"
"3439","Lillooet_NE","Lillooet","NE","SM2","Other_FS",2025-07-06,"MYYU",0,"SM2","Lillooet_NE|2025-07-06"
"3440","Lillooet_NE","Lillooet","NE","SM2","Other_FS",2025-07-06,"PAHE",0,"SM2","Lillooet_NE|2025-07-06"
"3441","Lillooet_NE","Lillooet","NE","SM2","Other_FS",2025-07-07,"ANPA",0,"SM2","Lillooet_NE|2025-07-07"
"3442","Lillooet_NE","Lillooet","NE","SM2","Other_FS",2025-07-07,"COTO",0,"SM2","Lillooet_NE|2025-07-07"
"3443","Lillooet_NE","Lillooet","NE","SM2","Other_FS",2025-07-07,"EPFU",30,"SM2","Lillooet_NE|2025-07-07"
"3444","Lillooet_NE","Lillooet","NE","SM2","Other_FS",2025-07-07,"EUMA",70,"SM2","Lillooet_NE|2025-07-07"
"3445","Lillooet_NE","Lillooet","NE","SM2","Other_FS",2025-07-07,"LABO",0,"SM2","Lillooet_NE|2025-07-07"
"3446","Lillooet_NE","Lillooet","NE","SM2","Other_FS",2025-07-07,"LACI",10,"SM2","Lillooet_NE|2025-07-07"
"3447","Lillooet_NE","Lillooet","NE","SM2","Other_FS",2025-07-07,"LANO",5,"SM2","Lillooet_NE|2025-07-07"
"3448","Lillooet_NE","Lillooet","NE","SM2","Other_FS",2025-07-07,"MYCA",0,"SM2","Lillooet_NE|2025-07-07"
"3449","Lillooet_NE","Lillooet","NE","SM2","Other_FS",2025-07-07,"MYCI",55,"SM2","Lillooet_NE|2025-07-07"
"3450","Lillooet_NE","Lillooet","NE","SM2","Other_FS",2025-07-07,"MYEV",0,"SM2","Lillooet_NE|2025-07-07"
"3451","Lillooet_NE","Lillooet","NE","SM2","Other_FS",2025-07-07,"MYLU",20,"SM2","Lillooet_NE|2025-07-07"
"3452","Lillooet_NE","Lillooet","NE","SM2","Other_FS",2025-07-07,"MYSE",0,"SM2","Lillooet_NE|2025-07-07"
"3453","Lillooet_NE","Lillooet","NE","SM2","Other_FS",2025-07-07,"MYTH",1,"SM2","Lillooet_NE|2025-07-07"
"3454","Lillooet_NE","Lillooet","NE","SM2","Other_FS",2025-07-07,"MYVO",5,"SM2","Lillooet_NE|2025-07-07"
"3455","Lillooet_NE","Lillooet","NE","SM2","Other_FS",2025-07-07,"MYYU",1,"SM2","Lillooet_NE|2025-07-07"
"3456","Lillooet_NE","Lillooet","NE","SM2","Other_FS",2025-07-07,"PAHE",1,"SM2","Lillooet_NE|2025-07-07"
"3457","Lillooet_NE","Lillooet","NE","Anabat_Chorus","Anabat_Chorus",2025-05-23,"ANPA",0,"SM2","Lillooet_NE|2025-05-23"
"3458","Lillooet_NE","Lillooet","NE","Anabat_Chorus","Anabat_Chorus",2025-05-23,"COTO",0,"SM2","Lillooet_NE|2025-05-23"
"3459","Lillooet_NE","Lillooet","NE","Anabat_Chorus","Anabat_Chorus",2025-05-23,"EPFU",6,"SM2","Lillooet_NE|2025-05-23"
"3460","Lillooet_NE","Lillooet","NE","Anabat_Chorus","Anabat_Chorus",2025-05-23,"EUMA",0,"SM2","Lillooet_NE|2025-05-23"
"3461","Lillooet_NE","Lillooet","NE","Anabat_Chorus","Anabat_Chorus",2025-05-23,"LABO",1,"SM2","Lillooet_NE|2025-05-23"
"3462","Lillooet_NE","Lillooet","NE","Anabat_Chorus","Anabat_Chorus",2025-05-23,"LACI",3,"SM2","Lillooet_NE|2025-05-23"
"3463","Lillooet_NE","Lillooet","NE","Anabat_Chorus","Anabat_Chorus",2025-05-23,"LANO",201,"SM2","Lillooet_NE|2025-05-23"
"3464","Lillooet_NE","Lillooet","NE","Anabat_Chorus","Anabat_Chorus",2025-05-23,"MYCA",29,"SM2","Lillooet_NE|2025-05-23"
"3465","Lillooet_NE","Lillooet","NE","Anabat_Chorus","Anabat_Chorus",2025-05-23,"MYCI",492,"SM2","Lillooet_NE|2025-05-23"
"3466","Lillooet_NE","Lillooet","NE","Anabat_Chorus","Anabat_Chorus",2025-05-23,"MYEV",0,"SM2","Lillooet_NE|2025-05-23"
"3467","Lillooet_NE","Lillooet","NE","Anabat_Chorus","Anabat_Chorus",2025-05-23,"MYLU",32,"SM2","Lillooet_NE|2025-05-23"
"3468","Lillooet_NE","Lillooet","NE","Anabat_Chorus","Anabat_Chorus",2025-05-23,"MYSE",0,"SM2","Lillooet_NE|2025-05-23"
"3469","Lillooet_NE","Lillooet","NE","Anabat_Chorus","Anabat_Chorus",2025-05-23,"MYTH",1,"SM2","Lillooet_NE|2025-05-23"
"3470","Lillooet_NE","Lillooet","NE","Anabat_Chorus","Anabat_Chorus",2025-05-23,"MYVO",35,"SM2","Lillooet_NE|2025-05-23"
"3471","Lillooet_NE","Lillooet","NE","Anabat_Chorus","Anabat_Chorus",2025-05-23,"MYYU",5,"SM2","Lillooet_NE|2025-05-23"
"3472","Lillooet_NE","Lillooet","NE","Anabat_Chorus","Anabat_Chorus",2025-05-23,"PAHE",0,"SM2","Lillooet_NE|2025-05-23"
"3473","Lillooet_NE","Lillooet","NE","Anabat_Chorus","Anabat_Chorus",2025-05-24,"ANPA",0,"SM2","Lillooet_NE|2025-05-24"
"3474","Lillooet_NE","Lillooet","NE","Anabat_Chorus","Anabat_Chorus",2025-05-24,"COTO",0,"SM2","Lillooet_NE|2025-05-24"
"3475","Lillooet_NE","Lillooet","NE","Anabat_Chorus","Anabat_Chorus",2025-05-24,"EPFU",5,"SM2","Lillooet_NE|2025-05-24"
"3476","Lillooet_NE","Lillooet","NE","Anabat_Chorus","Anabat_Chorus",2025-05-24,"EUMA",1,"SM2","Lillooet_NE|2025-05-24"
"3477","Lillooet_NE","Lillooet","NE","Anabat_Chorus","Anabat_Chorus",2025-05-24,"LABO",0,"SM2","Lillooet_NE|2025-05-24"
"3478","Lillooet_NE","Lillooet","NE","Anabat_Chorus","Anabat_Chorus",2025-05-24,"LACI",3,"SM2","Lillooet_NE|2025-05-24"
"3479","Lillooet_NE","Lillooet","NE","Anabat_Chorus","Anabat_Chorus",2025-05-24,"LANO",36,"SM2","Lillooet_NE|2025-05-24"
"3480","Lillooet_NE","Lillooet","NE","Anabat_Chorus","Anabat_Chorus",2025-05-24,"MYCA",6,"SM2","Lillooet_NE|2025-05-24"
"3481","Lillooet_NE","Lillooet","NE","Anabat_Chorus","Anabat_Chorus",2025-05-24,"MYCI",32,"SM2","Lillooet_NE|2025-05-24"
"3482","Lillooet_NE","Lillooet","NE","Anabat_Chorus","Anabat_Chorus",2025-05-24,"MYEV",1,"SM2","Lillooet_NE|2025-05-24"
"3483","Lillooet_NE","Lillooet","NE","Anabat_Chorus","Anabat_Chorus",2025-05-24,"MYLU",4,"SM2","Lillooet_NE|2025-05-24"
"3484","Lillooet_NE","Lillooet","NE","Anabat_Chorus","Anabat_Chorus",2025-05-24,"MYSE",0,"SM2","Lillooet_NE|2025-05-24"
"3485","Lillooet_NE","Lillooet","NE","Anabat_Chorus","Anabat_Chorus",2025-05-24,"MYTH",3,"SM2","Lillooet_NE|2025-05-24"
"3486","Lillooet_NE","Lillooet","NE","Anabat_Chorus","Anabat_Chorus",2025-05-24,"MYVO",4,"SM2","Lillooet_NE|2025-05-24"
"3487","Lillooet_NE","Lillooet","NE","Anabat_Chorus","Anabat_Chorus",2025-05-24,"MYYU",0,"SM2","Lillooet_NE|2025-05-24"
"3488","Lillooet_NE","Lillooet","NE","Anabat_Chorus","Anabat_Chorus",2025-05-24,"PAHE",0,"SM2","Lillooet_NE|2025-05-24"
"3489","Lillooet_NE","Lillooet","NE","Anabat_Chorus","Anabat_Chorus",2025-05-25,"ANPA",0,"SM2","Lillooet_NE|2025-05-25"
"3490","Lillooet_NE","Lillooet","NE","Anabat_Chorus","Anabat_Chorus",2025-05-25,"COTO",0,"SM2","Lillooet_NE|2025-05-25"
"3491","Lillooet_NE","Lillooet","NE","Anabat_Chorus","Anabat_Chorus",2025-05-25,"EPFU",17,"SM2","Lillooet_NE|2025-05-25"
"3492","Lillooet_NE","Lillooet","NE","Anabat_Chorus","Anabat_Chorus",2025-05-25,"EUMA",14,"SM2","Lillooet_NE|2025-05-25"
"3493","Lillooet_NE","Lillooet","NE","Anabat_Chorus","Anabat_Chorus",2025-05-25,"LABO",0,"SM2","Lillooet_NE|2025-05-25"
"3494","Lillooet_NE","Lillooet","NE","Anabat_Chorus","Anabat_Chorus",2025-05-25,"LACI",2,"SM2","Lillooet_NE|2025-05-25"
"3495","Lillooet_NE","Lillooet","NE","Anabat_Chorus","Anabat_Chorus",2025-05-25,"LANO",270,"SM2","Lillooet_NE|2025-05-25"
"3496","Lillooet_NE","Lillooet","NE","Anabat_Chorus","Anabat_Chorus",2025-05-25,"MYCA",7,"SM2","Lillooet_NE|2025-05-25"
"3497","Lillooet_NE","Lillooet","NE","Anabat_Chorus","Anabat_Chorus",2025-05-25,"MYCI",458,"SM2","Lillooet_NE|2025-05-25"
"3498","Lillooet_NE","Lillooet","NE","Anabat_Chorus","Anabat_Chorus",2025-05-25,"MYEV",0,"SM2","Lillooet_NE|2025-05-25"
"3499","Lillooet_NE","Lillooet","NE","Anabat_Chorus","Anabat_Chorus",2025-05-25,"MYLU",51,"SM2","Lillooet_NE|2025-05-25"
"3500","Lillooet_NE","Lillooet","NE","Anabat_Chorus","Anabat_Chorus",2025-05-25,"MYSE",0,"SM2","Lillooet_NE|2025-05-25"
"3501","Lillooet_NE","Lillooet","NE","Anabat_Chorus","Anabat_Chorus",2025-05-25,"MYTH",1,"SM2","Lillooet_NE|2025-05-25"
"3502","Lillooet_NE","Lillooet","NE","Anabat_Chorus","Anabat_Chorus",2025-05-25,"MYVO",57,"SM2","Lillooet_NE|2025-05-25"
"3503","Lillooet_NE","Lillooet","NE","Anabat_Chorus","Anabat_Chorus",2025-05-25,"MYYU",10,"SM2","Lillooet_NE|2025-05-25"
"3504","Lillooet_NE","Lillooet","NE","Anabat_Chorus","Anabat_Chorus",2025-05-25,"PAHE",0,"SM2","Lillooet_NE|2025-05-25"
"3505","Lillooet_NE","Lillooet","NE","Anabat_Chorus","Anabat_Chorus",2025-05-26,"ANPA",0,"SM2","Lillooet_NE|2025-05-26"
"3506","Lillooet_NE","Lillooet","NE","Anabat_Chorus","Anabat_Chorus",2025-05-26,"COTO",0,"SM2","Lillooet_NE|2025-05-26"
"3507","Lillooet_NE","Lillooet","NE","Anabat_Chorus","Anabat_Chorus",2025-05-26,"EPFU",1,"SM2","Lillooet_NE|2025-05-26"
"3508","Lillooet_NE","Lillooet","NE","Anabat_Chorus","Anabat_Chorus",2025-05-26,"EUMA",2,"SM2","Lillooet_NE|2025-05-26"
"3509","Lillooet_NE","Lillooet","NE","Anabat_Chorus","Anabat_Chorus",2025-05-26,"LABO",0,"SM2","Lillooet_NE|2025-05-26"
"3510","Lillooet_NE","Lillooet","NE","Anabat_Chorus","Anabat_Chorus",2025-05-26,"LACI",1,"SM2","Lillooet_NE|2025-05-26"
"3511","Lillooet_NE","Lillooet","NE","Anabat_Chorus","Anabat_Chorus",2025-05-26,"LANO",8,"SM2","Lillooet_NE|2025-05-26"
"3512","Lillooet_NE","Lillooet","NE","Anabat_Chorus","Anabat_Chorus",2025-05-26,"MYCA",3,"SM2","Lillooet_NE|2025-05-26"
"3513","Lillooet_NE","Lillooet","NE","Anabat_Chorus","Anabat_Chorus",2025-05-26,"MYCI",358,"SM2","Lillooet_NE|2025-05-26"
"3514","Lillooet_NE","Lillooet","NE","Anabat_Chorus","Anabat_Chorus",2025-05-26,"MYEV",0,"SM2","Lillooet_NE|2025-05-26"
"3515","Lillooet_NE","Lillooet","NE","Anabat_Chorus","Anabat_Chorus",2025-05-26,"MYLU",50,"SM2","Lillooet_NE|2025-05-26"
"3516","Lillooet_NE","Lillooet","NE","Anabat_Chorus","Anabat_Chorus",2025-05-26,"MYSE",0,"SM2","Lillooet_NE|2025-05-26"
"3517","Lillooet_NE","Lillooet","NE","Anabat_Chorus","Anabat_Chorus",2025-05-26,"MYTH",1,"SM2","Lillooet_NE|2025-05-26"
"3518","Lillooet_NE","Lillooet","NE","Anabat_Chorus","Anabat_Chorus",2025-05-26,"MYVO",1,"SM2","Lillooet_NE|2025-05-26"
"3519","Lillooet_NE","Lillooet","NE","Anabat_Chorus","Anabat_Chorus",2025-05-26,"MYYU",0,"SM2","Lillooet_NE|2025-05-26"
"3520","Lillooet_NE","Lillooet","NE","Anabat_Chorus","Anabat_Chorus",2025-05-26,"PAHE",0,"SM2","Lillooet_NE|2025-05-26"
"3521","Lillooet_NE","Lillooet","NE","Anabat_Chorus","Anabat_Chorus",2025-05-27,"ANPA",0,"SM2","Lillooet_NE|2025-05-27"
"3522","Lillooet_NE","Lillooet","NE","Anabat_Chorus","Anabat_Chorus",2025-05-27,"COTO",0,"SM2","Lillooet_NE|2025-05-27"
"3523","Lillooet_NE","Lillooet","NE","Anabat_Chorus","Anabat_Chorus",2025-05-27,"EPFU",0,"SM2","Lillooet_NE|2025-05-27"
"3524","Lillooet_NE","Lillooet","NE","Anabat_Chorus","Anabat_Chorus",2025-05-27,"EUMA",52,"SM2","Lillooet_NE|2025-05-27"
"3525","Lillooet_NE","Lillooet","NE","Anabat_Chorus","Anabat_Chorus",2025-05-27,"LABO",0,"SM2","Lillooet_NE|2025-05-27"
"3526","Lillooet_NE","Lillooet","NE","Anabat_Chorus","Anabat_Chorus",2025-05-27,"LACI",5,"SM2","Lillooet_NE|2025-05-27"
"3527","Lillooet_NE","Lillooet","NE","Anabat_Chorus","Anabat_Chorus",2025-05-27,"LANO",11,"SM2","Lillooet_NE|2025-05-27"
"3528","Lillooet_NE","Lillooet","NE","Anabat_Chorus","Anabat_Chorus",2025-05-27,"MYCA",1,"SM2","Lillooet_NE|2025-05-27"
"3529","Lillooet_NE","Lillooet","NE","Anabat_Chorus","Anabat_Chorus",2025-05-27,"MYCI",25,"SM2","Lillooet_NE|2025-05-27"
"3530","Lillooet_NE","Lillooet","NE","Anabat_Chorus","Anabat_Chorus",2025-05-27,"MYEV",1,"SM2","Lillooet_NE|2025-05-27"
"3531","Lillooet_NE","Lillooet","NE","Anabat_Chorus","Anabat_Chorus",2025-05-27,"MYLU",0,"SM2","Lillooet_NE|2025-05-27"
"3532","Lillooet_NE","Lillooet","NE","Anabat_Chorus","Anabat_Chorus",2025-05-27,"MYSE",0,"SM2","Lillooet_NE|2025-05-27"
"3533","Lillooet_NE","Lillooet","NE","Anabat_Chorus","Anabat_Chorus",2025-05-27,"MYTH",0,"SM2","Lillooet_NE|2025-05-27"
"3534","Lillooet_NE","Lillooet","NE","Anabat_Chorus","Anabat_Chorus",2025-05-27,"MYVO",0,"SM2","Lillooet_NE|2025-05-27"
"3535","Lillooet_NE","Lillooet","NE","Anabat_Chorus","Anabat_Chorus",2025-05-27,"MYYU",0,"SM2","Lillooet_NE|2025-05-27"
"3536","Lillooet_NE","Lillooet","NE","Anabat_Chorus","Anabat_Chorus",2025-05-27,"PAHE",0,"SM2","Lillooet_NE|2025-05-27"
"3537","Lillooet_NE","Lillooet","NE","Anabat_Chorus","Anabat_Chorus",2025-05-28,"ANPA",0,"SM2","Lillooet_NE|2025-05-28"
"3538","Lillooet_NE","Lillooet","NE","Anabat_Chorus","Anabat_Chorus",2025-05-28,"COTO",0,"SM2","Lillooet_NE|2025-05-28"
"3539","Lillooet_NE","Lillooet","NE","Anabat_Chorus","Anabat_Chorus",2025-05-28,"EPFU",15,"SM2","Lillooet_NE|2025-05-28"
"3540","Lillooet_NE","Lillooet","NE","Anabat_Chorus","Anabat_Chorus",2025-05-28,"EUMA",29,"SM2","Lillooet_NE|2025-05-28"
"3541","Lillooet_NE","Lillooet","NE","Anabat_Chorus","Anabat_Chorus",2025-05-28,"LABO",0,"SM2","Lillooet_NE|2025-05-28"
"3542","Lillooet_NE","Lillooet","NE","Anabat_Chorus","Anabat_Chorus",2025-05-28,"LACI",19,"SM2","Lillooet_NE|2025-05-28"
"3543","Lillooet_NE","Lillooet","NE","Anabat_Chorus","Anabat_Chorus",2025-05-28,"LANO",5,"SM2","Lillooet_NE|2025-05-28"
"3544","Lillooet_NE","Lillooet","NE","Anabat_Chorus","Anabat_Chorus",2025-05-28,"MYCA",0,"SM2","Lillooet_NE|2025-05-28"
"3545","Lillooet_NE","Lillooet","NE","Anabat_Chorus","Anabat_Chorus",2025-05-28,"MYCI",207,"SM2","Lillooet_NE|2025-05-28"
"3546","Lillooet_NE","Lillooet","NE","Anabat_Chorus","Anabat_Chorus",2025-05-28,"MYEV",1,"SM2","Lillooet_NE|2025-05-28"
"3547","Lillooet_NE","Lillooet","NE","Anabat_Chorus","Anabat_Chorus",2025-05-28,"MYLU",85,"SM2","Lillooet_NE|2025-05-28"
"3548","Lillooet_NE","Lillooet","NE","Anabat_Chorus","Anabat_Chorus",2025-05-28,"MYSE",0,"SM2","Lillooet_NE|2025-05-28"
"3549","Lillooet_NE","Lillooet","NE","Anabat_Chorus","Anabat_Chorus",2025-05-28,"MYTH",0,"SM2","Lillooet_NE|2025-05-28"
"3550","Lillooet_NE","Lillooet","NE","Anabat_Chorus","Anabat_Chorus",2025-05-28,"MYVO",3,"SM2","Lillooet_NE|2025-05-28"
"3551","Lillooet_NE","Lillooet","NE","Anabat_Chorus","Anabat_Chorus",2025-05-28,"MYYU",0,"SM2","Lillooet_NE|2025-05-28"
"3552","Lillooet_NE","Lillooet","NE","Anabat_Chorus","Anabat_Chorus",2025-05-28,"PAHE",0,"SM2","Lillooet_NE|2025-05-28"
"3553","Lillooet_NE","Lillooet","NE","Anabat_Chorus","Anabat_Chorus",2025-05-29,"ANPA",0,"SM2","Lillooet_NE|2025-05-29"
"3554","Lillooet_NE","Lillooet","NE","Anabat_Chorus","Anabat_Chorus",2025-05-29,"COTO",0,"SM2","Lillooet_NE|2025-05-29"
"3555","Lillooet_NE","Lillooet","NE","Anabat_Chorus","Anabat_Chorus",2025-05-29,"EPFU",5,"SM2","Lillooet_NE|2025-05-29"
"3556","Lillooet_NE","Lillooet","NE","Anabat_Chorus","Anabat_Chorus",2025-05-29,"EUMA",32,"SM2","Lillooet_NE|2025-05-29"
"3557","Lillooet_NE","Lillooet","NE","Anabat_Chorus","Anabat_Chorus",2025-05-29,"LABO",0,"SM2","Lillooet_NE|2025-05-29"
"3558","Lillooet_NE","Lillooet","NE","Anabat_Chorus","Anabat_Chorus",2025-05-29,"LACI",3,"SM2","Lillooet_NE|2025-05-29"
"3559","Lillooet_NE","Lillooet","NE","Anabat_Chorus","Anabat_Chorus",2025-05-29,"LANO",7,"SM2","Lillooet_NE|2025-05-29"
"3560","Lillooet_NE","Lillooet","NE","Anabat_Chorus","Anabat_Chorus",2025-05-29,"MYCA",4,"SM2","Lillooet_NE|2025-05-29"
"3561","Lillooet_NE","Lillooet","NE","Anabat_Chorus","Anabat_Chorus",2025-05-29,"MYCI",38,"SM2","Lillooet_NE|2025-05-29"
"3562","Lillooet_NE","Lillooet","NE","Anabat_Chorus","Anabat_Chorus",2025-05-29,"MYEV",0,"SM2","Lillooet_NE|2025-05-29"
"3563","Lillooet_NE","Lillooet","NE","Anabat_Chorus","Anabat_Chorus",2025-05-29,"MYLU",0,"SM2","Lillooet_NE|2025-05-29"
"3564","Lillooet_NE","Lillooet","NE","Anabat_Chorus","Anabat_Chorus",2025-05-29,"MYSE",0,"SM2","Lillooet_NE|2025-05-29"
"3565","Lillooet_NE","Lillooet","NE","Anabat_Chorus","Anabat_Chorus",2025-05-29,"MYTH",0,"SM2","Lillooet_NE|2025-05-29"
"3566","Lillooet_NE","Lillooet","NE","Anabat_Chorus","Anabat_Chorus",2025-05-29,"MYVO",7,"SM2","Lillooet_NE|2025-05-29"
"3567","Lillooet_NE","Lillooet","NE","Anabat_Chorus","Anabat_Chorus",2025-05-29,"MYYU",0,"SM2","Lillooet_NE|2025-05-29"
"3568","Lillooet_NE","Lillooet","NE","Anabat_Chorus","Anabat_Chorus",2025-05-29,"PAHE",0,"SM2","Lillooet_NE|2025-05-29"
"3569","Lillooet_NE","Lillooet","NE","Anabat_Chorus","Anabat_Chorus",2025-05-30,"ANPA",0,"SM2","Lillooet_NE|2025-05-30"
"3570","Lillooet_NE","Lillooet","NE","Anabat_Chorus","Anabat_Chorus",2025-05-30,"COTO",0,"SM2","Lillooet_NE|2025-05-30"
"3571","Lillooet_NE","Lillooet","NE","Anabat_Chorus","Anabat_Chorus",2025-05-30,"EPFU",2,"SM2","Lillooet_NE|2025-05-30"
"3572","Lillooet_NE","Lillooet","NE","Anabat_Chorus","Anabat_Chorus",2025-05-30,"EUMA",95,"SM2","Lillooet_NE|2025-05-30"
"3573","Lillooet_NE","Lillooet","NE","Anabat_Chorus","Anabat_Chorus",2025-05-30,"LABO",0,"SM2","Lillooet_NE|2025-05-30"
"3574","Lillooet_NE","Lillooet","NE","Anabat_Chorus","Anabat_Chorus",2025-05-30,"LACI",0,"SM2","Lillooet_NE|2025-05-30"
"3575","Lillooet_NE","Lillooet","NE","Anabat_Chorus","Anabat_Chorus",2025-05-30,"LANO",4,"SM2","Lillooet_NE|2025-05-30"
"3576","Lillooet_NE","Lillooet","NE","Anabat_Chorus","Anabat_Chorus",2025-05-30,"MYCA",1,"SM2","Lillooet_NE|2025-05-30"
"3577","Lillooet_NE","Lillooet","NE","Anabat_Chorus","Anabat_Chorus",2025-05-30,"MYCI",243,"SM2","Lillooet_NE|2025-05-30"
"3578","Lillooet_NE","Lillooet","NE","Anabat_Chorus","Anabat_Chorus",2025-05-30,"MYEV",0,"SM2","Lillooet_NE|2025-05-30"
"3579","Lillooet_NE","Lillooet","NE","Anabat_Chorus","Anabat_Chorus",2025-05-30,"MYLU",3,"SM2","Lillooet_NE|2025-05-30"
"3580","Lillooet_NE","Lillooet","NE","Anabat_Chorus","Anabat_Chorus",2025-05-30,"MYSE",0,"SM2","Lillooet_NE|2025-05-30"
"3581","Lillooet_NE","Lillooet","NE","Anabat_Chorus","Anabat_Chorus",2025-05-30,"MYTH",1,"SM2","Lillooet_NE|2025-05-30"
"3582","Lillooet_NE","Lillooet","NE","Anabat_Chorus","Anabat_Chorus",2025-05-30,"MYVO",2,"SM2","Lillooet_NE|2025-05-30"
"3583","Lillooet_NE","Lillooet","NE","Anabat_Chorus","Anabat_Chorus",2025-05-30,"MYYU",0,"SM2","Lillooet_NE|2025-05-30"
"3584","Lillooet_NE","Lillooet","NE","Anabat_Chorus","Anabat_Chorus",2025-05-30,"PAHE",0,"SM2","Lillooet_NE|2025-05-30"
"3585","Lillooet_NE","Lillooet","NE","Anabat_Chorus","Anabat_Chorus",2025-05-31,"ANPA",0,"SM2","Lillooet_NE|2025-05-31"
"3586","Lillooet_NE","Lillooet","NE","Anabat_Chorus","Anabat_Chorus",2025-05-31,"COTO",0,"SM2","Lillooet_NE|2025-05-31"
"3587","Lillooet_NE","Lillooet","NE","Anabat_Chorus","Anabat_Chorus",2025-05-31,"EPFU",0,"SM2","Lillooet_NE|2025-05-31"
"3588","Lillooet_NE","Lillooet","NE","Anabat_Chorus","Anabat_Chorus",2025-05-31,"EUMA",3,"SM2","Lillooet_NE|2025-05-31"
"3589","Lillooet_NE","Lillooet","NE","Anabat_Chorus","Anabat_Chorus",2025-05-31,"LABO",0,"SM2","Lillooet_NE|2025-05-31"
"3590","Lillooet_NE","Lillooet","NE","Anabat_Chorus","Anabat_Chorus",2025-05-31,"LACI",0,"SM2","Lillooet_NE|2025-05-31"
"3591","Lillooet_NE","Lillooet","NE","Anabat_Chorus","Anabat_Chorus",2025-05-31,"LANO",0,"SM2","Lillooet_NE|2025-05-31"
"3592","Lillooet_NE","Lillooet","NE","Anabat_Chorus","Anabat_Chorus",2025-05-31,"MYCA",0,"SM2","Lillooet_NE|2025-05-31"
"3593","Lillooet_NE","Lillooet","NE","Anabat_Chorus","Anabat_Chorus",2025-05-31,"MYCI",0,"SM2","Lillooet_NE|2025-05-31"
"3594","Lillooet_NE","Lillooet","NE","Anabat_Chorus","Anabat_Chorus",2025-05-31,"MYEV",0,"SM2","Lillooet_NE|2025-05-31"
"3595","Lillooet_NE","Lillooet","NE","Anabat_Chorus","Anabat_Chorus",2025-05-31,"MYLU",0,"SM2","Lillooet_NE|2025-05-31"
"3596","Lillooet_NE","Lillooet","NE","Anabat_Chorus","Anabat_Chorus",2025-05-31,"MYSE",0,"SM2","Lillooet_NE|2025-05-31"
"3597","Lillooet_NE","Lillooet","NE","Anabat_Chorus","Anabat_Chorus",2025-05-31,"MYTH",0,"SM2","Lillooet_NE|2025-05-31"
"3598","Lillooet_NE","Lillooet","NE","Anabat_Chorus","Anabat_Chorus",2025-05-31,"MYVO",0,"SM2","Lillooet_NE|2025-05-31"
"3599","Lillooet_NE","Lillooet","NE","Anabat_Chorus","Anabat_Chorus",2025-05-31,"MYYU",0,"SM2","Lillooet_NE|2025-05-31"
"3600","Lillooet_NE","Lillooet","NE","Anabat_Chorus","Anabat_Chorus",2025-05-31,"PAHE",0,"SM2","Lillooet_NE|2025-05-31"
"3601","Lillooet_NE","Lillooet","NE","Anabat_Chorus","Anabat_Chorus",2025-06-01,"ANPA",0,"SM2","Lillooet_NE|2025-06-01"
"3602","Lillooet_NE","Lillooet","NE","Anabat_Chorus","Anabat_Chorus",2025-06-01,"COTO",0,"SM2","Lillooet_NE|2025-06-01"
"3603","Lillooet_NE","Lillooet","NE","Anabat_Chorus","Anabat_Chorus",2025-06-01,"EPFU",0,"SM2","Lillooet_NE|2025-06-01"
"3604","Lillooet_NE","Lillooet","NE","Anabat_Chorus","Anabat_Chorus",2025-06-01,"EUMA",2,"SM2","Lillooet_NE|2025-06-01"
"3605","Lillooet_NE","Lillooet","NE","Anabat_Chorus","Anabat_Chorus",2025-06-01,"LABO",0,"SM2","Lillooet_NE|2025-06-01"
"3606","Lillooet_NE","Lillooet","NE","Anabat_Chorus","Anabat_Chorus",2025-06-01,"LACI",0,"SM2","Lillooet_NE|2025-06-01"
"3607","Lillooet_NE","Lillooet","NE","Anabat_Chorus","Anabat_Chorus",2025-06-01,"LANO",1,"SM2","Lillooet_NE|2025-06-01"
"3608","Lillooet_NE","Lillooet","NE","Anabat_Chorus","Anabat_Chorus",2025-06-01,"MYCA",0,"SM2","Lillooet_NE|2025-06-01"
"3609","Lillooet_NE","Lillooet","NE","Anabat_Chorus","Anabat_Chorus",2025-06-01,"MYCI",5,"SM2","Lillooet_NE|2025-06-01"
"3610","Lillooet_NE","Lillooet","NE","Anabat_Chorus","Anabat_Chorus",2025-06-01,"MYEV",0,"SM2","Lillooet_NE|2025-06-01"
"3611","Lillooet_NE","Lillooet","NE","Anabat_Chorus","Anabat_Chorus",2025-06-01,"MYLU",0,"SM2","Lillooet_NE|2025-06-01"
"3612","Lillooet_NE","Lillooet","NE","Anabat_Chorus","Anabat_Chorus",2025-06-01,"MYSE",0,"SM2","Lillooet_NE|2025-06-01"
"3613","Lillooet_NE","Lillooet","NE","Anabat_Chorus","Anabat_Chorus",2025-06-01,"MYTH",0,"SM2","Lillooet_NE|2025-06-01"
"3614","Lillooet_NE","Lillooet","NE","Anabat_Chorus","Anabat_Chorus",2025-06-01,"MYVO",0,"SM2","Lillooet_NE|2025-06-01"
"3615","Lillooet_NE","Lillooet","NE","Anabat_Chorus","Anabat_Chorus",2025-06-01,"MYYU",0,"SM2","Lillooet_NE|2025-06-01"
"3616","Lillooet_NE","Lillooet","NE","Anabat_Chorus","Anabat_Chorus",2025-06-01,"PAHE",0,"SM2","Lillooet_NE|2025-06-01"
"3617","Lillooet_NE","Lillooet","NE","Anabat_Chorus","Anabat_Chorus",2025-06-02,"ANPA",0,"SM2","Lillooet_NE|2025-06-02"
"3618","Lillooet_NE","Lillooet","NE","Anabat_Chorus","Anabat_Chorus",2025-06-02,"COTO",0,"SM2","Lillooet_NE|2025-06-02"
"3619","Lillooet_NE","Lillooet","NE","Anabat_Chorus","Anabat_Chorus",2025-06-02,"EPFU",0,"SM2","Lillooet_NE|2025-06-02"
"3620","Lillooet_NE","Lillooet","NE","Anabat_Chorus","Anabat_Chorus",2025-06-02,"EUMA",0,"SM2","Lillooet_NE|2025-06-02"
"3621","Lillooet_NE","Lillooet","NE","Anabat_Chorus","Anabat_Chorus",2025-06-02,"LABO",0,"SM2","Lillooet_NE|2025-06-02"
"3622","Lillooet_NE","Lillooet","NE","Anabat_Chorus","Anabat_Chorus",2025-06-02,"LACI",1,"SM2","Lillooet_NE|2025-06-02"
"3623","Lillooet_NE","Lillooet","NE","Anabat_Chorus","Anabat_Chorus",2025-06-02,"LANO",0,"SM2","Lillooet_NE|2025-06-02"
"3624","Lillooet_NE","Lillooet","NE","Anabat_Chorus","Anabat_Chorus",2025-06-02,"MYCA",1,"SM2","Lillooet_NE|2025-06-02"
"3625","Lillooet_NE","Lillooet","NE","Anabat_Chorus","Anabat_Chorus",2025-06-02,"MYCI",93,"SM2","Lillooet_NE|2025-06-02"
"3626","Lillooet_NE","Lillooet","NE","Anabat_Chorus","Anabat_Chorus",2025-06-02,"MYEV",0,"SM2","Lillooet_NE|2025-06-02"
"3627","Lillooet_NE","Lillooet","NE","Anabat_Chorus","Anabat_Chorus",2025-06-02,"MYLU",0,"SM2","Lillooet_NE|2025-06-02"
"3628","Lillooet_NE","Lillooet","NE","Anabat_Chorus","Anabat_Chorus",2025-06-02,"MYSE",0,"SM2","Lillooet_NE|2025-06-02"
"3629","Lillooet_NE","Lillooet","NE","Anabat_Chorus","Anabat_Chorus",2025-06-02,"MYTH",2,"SM2","Lillooet_NE|2025-06-02"
"3630","Lillooet_NE","Lillooet","NE","Anabat_Chorus","Anabat_Chorus",2025-06-02,"MYVO",0,"SM2","Lillooet_NE|2025-06-02"
"3631","Lillooet_NE","Lillooet","NE","Anabat_Chorus","Anabat_Chorus",2025-06-02,"MYYU",0,"SM2","Lillooet_NE|2025-06-02"
"3632","Lillooet_NE","Lillooet","NE","Anabat_Chorus","Anabat_Chorus",2025-06-02,"PAHE",0,"SM2","Lillooet_NE|2025-06-02"
"3633","Lillooet_NE","Lillooet","NE","Anabat_Chorus","Anabat_Chorus",2025-06-03,"ANPA",0,"SM2","Lillooet_NE|2025-06-03"
"3634","Lillooet_NE","Lillooet","NE","Anabat_Chorus","Anabat_Chorus",2025-06-03,"COTO",0,"SM2","Lillooet_NE|2025-06-03"
"3635","Lillooet_NE","Lillooet","NE","Anabat_Chorus","Anabat_Chorus",2025-06-03,"EPFU",8,"SM2","Lillooet_NE|2025-06-03"
"3636","Lillooet_NE","Lillooet","NE","Anabat_Chorus","Anabat_Chorus",2025-06-03,"EUMA",16,"SM2","Lillooet_NE|2025-06-03"
"3637","Lillooet_NE","Lillooet","NE","Anabat_Chorus","Anabat_Chorus",2025-06-03,"LABO",0,"SM2","Lillooet_NE|2025-06-03"
"3638","Lillooet_NE","Lillooet","NE","Anabat_Chorus","Anabat_Chorus",2025-06-03,"LACI",6,"SM2","Lillooet_NE|2025-06-03"
"3639","Lillooet_NE","Lillooet","NE","Anabat_Chorus","Anabat_Chorus",2025-06-03,"LANO",13,"SM2","Lillooet_NE|2025-06-03"
"3640","Lillooet_NE","Lillooet","NE","Anabat_Chorus","Anabat_Chorus",2025-06-03,"MYCA",1,"SM2","Lillooet_NE|2025-06-03"
"3641","Lillooet_NE","Lillooet","NE","Anabat_Chorus","Anabat_Chorus",2025-06-03,"MYCI",184,"SM2","Lillooet_NE|2025-06-03"
"3642","Lillooet_NE","Lillooet","NE","Anabat_Chorus","Anabat_Chorus",2025-06-03,"MYEV",0,"SM2","Lillooet_NE|2025-06-03"
"3643","Lillooet_NE","Lillooet","NE","Anabat_Chorus","Anabat_Chorus",2025-06-03,"MYLU",7,"SM2","Lillooet_NE|2025-06-03"
"3644","Lillooet_NE","Lillooet","NE","Anabat_Chorus","Anabat_Chorus",2025-06-03,"MYSE",0,"SM2","Lillooet_NE|2025-06-03"
"3645","Lillooet_NE","Lillooet","NE","Anabat_Chorus","Anabat_Chorus",2025-06-03,"MYTH",0,"SM2","Lillooet_NE|2025-06-03"
"3646","Lillooet_NE","Lillooet","NE","Anabat_Chorus","Anabat_Chorus",2025-06-03,"MYVO",2,"SM2","Lillooet_NE|2025-06-03"
"3647","Lillooet_NE","Lillooet","NE","Anabat_Chorus","Anabat_Chorus",2025-06-03,"MYYU",0,"SM2","Lillooet_NE|2025-06-03"
"3648","Lillooet_NE","Lillooet","NE","Anabat_Chorus","Anabat_Chorus",2025-06-03,"PAHE",0,"SM2","Lillooet_NE|2025-06-03"
"3649","Lillooet_NE","Lillooet","NE","Anabat_Chorus","Anabat_Chorus",2025-06-04,"ANPA",0,"SM2","Lillooet_NE|2025-06-04"
"3650","Lillooet_NE","Lillooet","NE","Anabat_Chorus","Anabat_Chorus",2025-06-04,"COTO",0,"SM2","Lillooet_NE|2025-06-04"
"3651","Lillooet_NE","Lillooet","NE","Anabat_Chorus","Anabat_Chorus",2025-06-04,"EPFU",0,"SM2","Lillooet_NE|2025-06-04"
"3652","Lillooet_NE","Lillooet","NE","Anabat_Chorus","Anabat_Chorus",2025-06-04,"EUMA",7,"SM2","Lillooet_NE|2025-06-04"
"3653","Lillooet_NE","Lillooet","NE","Anabat_Chorus","Anabat_Chorus",2025-06-04,"LABO",0,"SM2","Lillooet_NE|2025-06-04"
"3654","Lillooet_NE","Lillooet","NE","Anabat_Chorus","Anabat_Chorus",2025-06-04,"LACI",0,"SM2","Lillooet_NE|2025-06-04"
"3655","Lillooet_NE","Lillooet","NE","Anabat_Chorus","Anabat_Chorus",2025-06-04,"LANO",0,"SM2","Lillooet_NE|2025-06-04"
"3656","Lillooet_NE","Lillooet","NE","Anabat_Chorus","Anabat_Chorus",2025-06-04,"MYCA",0,"SM2","Lillooet_NE|2025-06-04"
"3657","Lillooet_NE","Lillooet","NE","Anabat_Chorus","Anabat_Chorus",2025-06-04,"MYCI",15,"SM2","Lillooet_NE|2025-06-04"
"3658","Lillooet_NE","Lillooet","NE","Anabat_Chorus","Anabat_Chorus",2025-06-04,"MYEV",0,"SM2","Lillooet_NE|2025-06-04"
"3659","Lillooet_NE","Lillooet","NE","Anabat_Chorus","Anabat_Chorus",2025-06-04,"MYLU",2,"SM2","Lillooet_NE|2025-06-04"
"3660","Lillooet_NE","Lillooet","NE","Anabat_Chorus","Anabat_Chorus",2025-06-04,"MYSE",0,"SM2","Lillooet_NE|2025-06-04"
"3661","Lillooet_NE","Lillooet","NE","Anabat_Chorus","Anabat_Chorus",2025-06-04,"MYTH",0,"SM2","Lillooet_NE|2025-06-04"
"3662","Lillooet_NE","Lillooet","NE","Anabat_Chorus","Anabat_Chorus",2025-06-04,"MYVO",1,"SM2","Lillooet_NE|2025-06-04"
"3663","Lillooet_NE","Lillooet","NE","Anabat_Chorus","Anabat_Chorus",2025-06-04,"MYYU",0,"SM2","Lillooet_NE|2025-06-04"
"3664","Lillooet_NE","Lillooet","NE","Anabat_Chorus","Anabat_Chorus",2025-06-04,"PAHE",0,"SM2","Lillooet_NE|2025-06-04"
"3665","Lillooet_NE","Lillooet","NE","Anabat_Chorus","Anabat_Chorus",2025-06-05,"ANPA",0,"SM2","Lillooet_NE|2025-06-05"
"3666","Lillooet_NE","Lillooet","NE","Anabat_Chorus","Anabat_Chorus",2025-06-05,"COTO",0,"SM2","Lillooet_NE|2025-06-05"
"3667","Lillooet_NE","Lillooet","NE","Anabat_Chorus","Anabat_Chorus",2025-06-05,"EPFU",1,"SM2","Lillooet_NE|2025-06-05"
"3668","Lillooet_NE","Lillooet","NE","Anabat_Chorus","Anabat_Chorus",2025-06-05,"EUMA",0,"SM2","Lillooet_NE|2025-06-05"
"3669","Lillooet_NE","Lillooet","NE","Anabat_Chorus","Anabat_Chorus",2025-06-05,"LABO",0,"SM2","Lillooet_NE|2025-06-05"
"3670","Lillooet_NE","Lillooet","NE","Anabat_Chorus","Anabat_Chorus",2025-06-05,"LACI",5,"SM2","Lillooet_NE|2025-06-05"
"3671","Lillooet_NE","Lillooet","NE","Anabat_Chorus","Anabat_Chorus",2025-06-05,"LANO",6,"SM2","Lillooet_NE|2025-06-05"
"3672","Lillooet_NE","Lillooet","NE","Anabat_Chorus","Anabat_Chorus",2025-06-05,"MYCA",0,"SM2","Lillooet_NE|2025-06-05"
"3673","Lillooet_NE","Lillooet","NE","Anabat_Chorus","Anabat_Chorus",2025-06-05,"MYCI",10,"SM2","Lillooet_NE|2025-06-05"
"3674","Lillooet_NE","Lillooet","NE","Anabat_Chorus","Anabat_Chorus",2025-06-05,"MYEV",0,"SM2","Lillooet_NE|2025-06-05"
"3675","Lillooet_NE","Lillooet","NE","Anabat_Chorus","Anabat_Chorus",2025-06-05,"MYLU",0,"SM2","Lillooet_NE|2025-06-05"
"3676","Lillooet_NE","Lillooet","NE","Anabat_Chorus","Anabat_Chorus",2025-06-05,"MYSE",0,"SM2","Lillooet_NE|2025-06-05"
"3677","Lillooet_NE","Lillooet","NE","Anabat_Chorus","Anabat_Chorus",2025-06-05,"MYTH",0,"SM2","Lillooet_NE|2025-06-05"
"3678","Lillooet_NE","Lillooet","NE","Anabat_Chorus","Anabat_Chorus",2025-06-05,"MYVO",0,"SM2","Lillooet_NE|2025-06-05"
"3679","Lillooet_NE","Lillooet","NE","Anabat_Chorus","Anabat_Chorus",2025-06-05,"MYYU",1,"SM2","Lillooet_NE|2025-06-05"
"3680","Lillooet_NE","Lillooet","NE","Anabat_Chorus","Anabat_Chorus",2025-06-05,"PAHE",0,"SM2","Lillooet_NE|2025-06-05"
"3681","Lillooet_NE","Lillooet","NE","Anabat_Chorus","Anabat_Chorus",2025-06-06,"ANPA",0,"SM2","Lillooet_NE|2025-06-06"
"3682","Lillooet_NE","Lillooet","NE","Anabat_Chorus","Anabat_Chorus",2025-06-06,"COTO",0,"SM2","Lillooet_NE|2025-06-06"
"3683","Lillooet_NE","Lillooet","NE","Anabat_Chorus","Anabat_Chorus",2025-06-06,"EPFU",71,"SM2","Lillooet_NE|2025-06-06"
"3684","Lillooet_NE","Lillooet","NE","Anabat_Chorus","Anabat_Chorus",2025-06-06,"EUMA",4,"SM2","Lillooet_NE|2025-06-06"
"3685","Lillooet_NE","Lillooet","NE","Anabat_Chorus","Anabat_Chorus",2025-06-06,"LABO",0,"SM2","Lillooet_NE|2025-06-06"
"3686","Lillooet_NE","Lillooet","NE","Anabat_Chorus","Anabat_Chorus",2025-06-06,"LACI",18,"SM2","Lillooet_NE|2025-06-06"
"3687","Lillooet_NE","Lillooet","NE","Anabat_Chorus","Anabat_Chorus",2025-06-06,"LANO",15,"SM2","Lillooet_NE|2025-06-06"
"3688","Lillooet_NE","Lillooet","NE","Anabat_Chorus","Anabat_Chorus",2025-06-06,"MYCA",0,"SM2","Lillooet_NE|2025-06-06"
"3689","Lillooet_NE","Lillooet","NE","Anabat_Chorus","Anabat_Chorus",2025-06-06,"MYCI",91,"SM2","Lillooet_NE|2025-06-06"
"3690","Lillooet_NE","Lillooet","NE","Anabat_Chorus","Anabat_Chorus",2025-06-06,"MYEV",0,"SM2","Lillooet_NE|2025-06-06"
"3691","Lillooet_NE","Lillooet","NE","Anabat_Chorus","Anabat_Chorus",2025-06-06,"MYLU",6,"SM2","Lillooet_NE|2025-06-06"
"3692","Lillooet_NE","Lillooet","NE","Anabat_Chorus","Anabat_Chorus",2025-06-06,"MYSE",0,"SM2","Lillooet_NE|2025-06-06"
"3693","Lillooet_NE","Lillooet","NE","Anabat_Chorus","Anabat_Chorus",2025-06-06,"MYTH",0,"SM2","Lillooet_NE|2025-06-06"
"3694","Lillooet_NE","Lillooet","NE","Anabat_Chorus","Anabat_Chorus",2025-06-06,"MYVO",4,"SM2","Lillooet_NE|2025-06-06"
"3695","Lillooet_NE","Lillooet","NE","Anabat_Chorus","Anabat_Chorus",2025-06-06,"MYYU",0,"SM2","Lillooet_NE|2025-06-06"
"3696","Lillooet_NE","Lillooet","NE","Anabat_Chorus","Anabat_Chorus",2025-06-06,"PAHE",0,"SM2","Lillooet_NE|2025-06-06"
"3697","Lillooet_NE","Lillooet","NE","Anabat_Chorus","Anabat_Chorus",2025-06-07,"ANPA",0,"SM2","Lillooet_NE|2025-06-07"
"3698","Lillooet_NE","Lillooet","NE","Anabat_Chorus","Anabat_Chorus",2025-06-07,"COTO",0,"SM2","Lillooet_NE|2025-06-07"
"3699","Lillooet_NE","Lillooet","NE","Anabat_Chorus","Anabat_Chorus",2025-06-07,"EPFU",3,"SM2","Lillooet_NE|2025-06-07"
"3700","Lillooet_NE","Lillooet","NE","Anabat_Chorus","Anabat_Chorus",2025-06-07,"EUMA",1,"SM2","Lillooet_NE|2025-06-07"
"3701","Lillooet_NE","Lillooet","NE","Anabat_Chorus","Anabat_Chorus",2025-06-07,"LABO",0,"SM2","Lillooet_NE|2025-06-07"
"3702","Lillooet_NE","Lillooet","NE","Anabat_Chorus","Anabat_Chorus",2025-06-07,"LACI",3,"SM2","Lillooet_NE|2025-06-07"
"3703","Lillooet_NE","Lillooet","NE","Anabat_Chorus","Anabat_Chorus",2025-06-07,"LANO",8,"SM2","Lillooet_NE|2025-06-07"
"3704","Lillooet_NE","Lillooet","NE","Anabat_Chorus","Anabat_Chorus",2025-06-07,"MYCA",1,"SM2","Lillooet_NE|2025-06-07"
"3705","Lillooet_NE","Lillooet","NE","Anabat_Chorus","Anabat_Chorus",2025-06-07,"MYCI",19,"SM2","Lillooet_NE|2025-06-07"
"3706","Lillooet_NE","Lillooet","NE","Anabat_Chorus","Anabat_Chorus",2025-06-07,"MYEV",0,"SM2","Lillooet_NE|2025-06-07"
"3707","Lillooet_NE","Lillooet","NE","Anabat_Chorus","Anabat_Chorus",2025-06-07,"MYLU",1,"SM2","Lillooet_NE|2025-06-07"
"3708","Lillooet_NE","Lillooet","NE","Anabat_Chorus","Anabat_Chorus",2025-06-07,"MYSE",0,"SM2","Lillooet_NE|2025-06-07"
"3709","Lillooet_NE","Lillooet","NE","Anabat_Chorus","Anabat_Chorus",2025-06-07,"MYTH",0,"SM2","Lillooet_NE|2025-06-07"
"3710","Lillooet_NE","Lillooet","NE","Anabat_Chorus","Anabat_Chorus",2025-06-07,"MYVO",2,"SM2","Lillooet_NE|2025-06-07"
"3711","Lillooet_NE","Lillooet","NE","Anabat_Chorus","Anabat_Chorus",2025-06-07,"MYYU",0,"SM2","Lillooet_NE|2025-06-07"
"3712","Lillooet_NE","Lillooet","NE","Anabat_Chorus","Anabat_Chorus",2025-06-07,"PAHE",0,"SM2","Lillooet_NE|2025-06-07"
"3713","Lillooet_NE","Lillooet","NE","Anabat_Chorus","Anabat_Chorus",2025-06-08,"ANPA",0,"SM2","Lillooet_NE|2025-06-08"
"3714","Lillooet_NE","Lillooet","NE","Anabat_Chorus","Anabat_Chorus",2025-06-08,"COTO",0,"SM2","Lillooet_NE|2025-06-08"
"3715","Lillooet_NE","Lillooet","NE","Anabat_Chorus","Anabat_Chorus",2025-06-08,"EPFU",126,"SM2","Lillooet_NE|2025-06-08"
"3716","Lillooet_NE","Lillooet","NE","Anabat_Chorus","Anabat_Chorus",2025-06-08,"EUMA",3,"SM2","Lillooet_NE|2025-06-08"
"3717","Lillooet_NE","Lillooet","NE","Anabat_Chorus","Anabat_Chorus",2025-06-08,"LABO",0,"SM2","Lillooet_NE|2025-06-08"
"3718","Lillooet_NE","Lillooet","NE","Anabat_Chorus","Anabat_Chorus",2025-06-08,"LACI",67,"SM2","Lillooet_NE|2025-06-08"
"3719","Lillooet_NE","Lillooet","NE","Anabat_Chorus","Anabat_Chorus",2025-06-08,"LANO",43,"SM2","Lillooet_NE|2025-06-08"
"3720","Lillooet_NE","Lillooet","NE","Anabat_Chorus","Anabat_Chorus",2025-06-08,"MYCA",0,"SM2","Lillooet_NE|2025-06-08"
"3721","Lillooet_NE","Lillooet","NE","Anabat_Chorus","Anabat_Chorus",2025-06-08,"MYCI",33,"SM2","Lillooet_NE|2025-06-08"
"3722","Lillooet_NE","Lillooet","NE","Anabat_Chorus","Anabat_Chorus",2025-06-08,"MYEV",0,"SM2","Lillooet_NE|2025-06-08"
"3723","Lillooet_NE","Lillooet","NE","Anabat_Chorus","Anabat_Chorus",2025-06-08,"MYLU",3,"SM2","Lillooet_NE|2025-06-08"
"3724","Lillooet_NE","Lillooet","NE","Anabat_Chorus","Anabat_Chorus",2025-06-08,"MYSE",0,"SM2","Lillooet_NE|2025-06-08"
"3725","Lillooet_NE","Lillooet","NE","Anabat_Chorus","Anabat_Chorus",2025-06-08,"MYTH",0,"SM2","Lillooet_NE|2025-06-08"
"3726","Lillooet_NE","Lillooet","NE","Anabat_Chorus","Anabat_Chorus",2025-06-08,"MYVO",0,"SM2","Lillooet_NE|2025-06-08"
"3727","Lillooet_NE","Lillooet","NE","Anabat_Chorus","Anabat_Chorus",2025-06-08,"MYYU",1,"SM2","Lillooet_NE|2025-06-08"
"3728","Lillooet_NE","Lillooet","NE","Anabat_Chorus","Anabat_Chorus",2025-06-08,"PAHE",0,"SM2","Lillooet_NE|2025-06-08"
"3729","Lillooet_NE","Lillooet","NE","Anabat_Chorus","Anabat_Chorus",2025-06-09,"ANPA",0,"SM2","Lillooet_NE|2025-06-09"
"3730","Lillooet_NE","Lillooet","NE","Anabat_Chorus","Anabat_Chorus",2025-06-09,"COTO",0,"SM2","Lillooet_NE|2025-06-09"
"3731","Lillooet_NE","Lillooet","NE","Anabat_Chorus","Anabat_Chorus",2025-06-09,"EPFU",7,"SM2","Lillooet_NE|2025-06-09"
"3732","Lillooet_NE","Lillooet","NE","Anabat_Chorus","Anabat_Chorus",2025-06-09,"EUMA",8,"SM2","Lillooet_NE|2025-06-09"
"3733","Lillooet_NE","Lillooet","NE","Anabat_Chorus","Anabat_Chorus",2025-06-09,"LABO",0,"SM2","Lillooet_NE|2025-06-09"
"3734","Lillooet_NE","Lillooet","NE","Anabat_Chorus","Anabat_Chorus",2025-06-09,"LACI",2,"SM2","Lillooet_NE|2025-06-09"
"3735","Lillooet_NE","Lillooet","NE","Anabat_Chorus","Anabat_Chorus",2025-06-09,"LANO",18,"SM2","Lillooet_NE|2025-06-09"
"3736","Lillooet_NE","Lillooet","NE","Anabat_Chorus","Anabat_Chorus",2025-06-09,"MYCA",1,"SM2","Lillooet_NE|2025-06-09"
"3737","Lillooet_NE","Lillooet","NE","Anabat_Chorus","Anabat_Chorus",2025-06-09,"MYCI",1,"SM2","Lillooet_NE|2025-06-09"
"3738","Lillooet_NE","Lillooet","NE","Anabat_Chorus","Anabat_Chorus",2025-06-09,"MYEV",0,"SM2","Lillooet_NE|2025-06-09"
"3739","Lillooet_NE","Lillooet","NE","Anabat_Chorus","Anabat_Chorus",2025-06-09,"MYLU",1,"SM2","Lillooet_NE|2025-06-09"
"3740","Lillooet_NE","Lillooet","NE","Anabat_Chorus","Anabat_Chorus",2025-06-09,"MYSE",0,"SM2","Lillooet_NE|2025-06-09"
"3741","Lillooet_NE","Lillooet","NE","Anabat_Chorus","Anabat_Chorus",2025-06-09,"MYTH",0,"SM2","Lillooet_NE|2025-06-09"
"3742","Lillooet_NE","Lillooet","NE","Anabat_Chorus","Anabat_Chorus",2025-06-09,"MYVO",1,"SM2","Lillooet_NE|2025-06-09"
"3743","Lillooet_NE","Lillooet","NE","Anabat_Chorus","Anabat_Chorus",2025-06-09,"MYYU",0,"SM2","Lillooet_NE|2025-06-09"
"3744","Lillooet_NE","Lillooet","NE","Anabat_Chorus","Anabat_Chorus",2025-06-09,"PAHE",0,"SM2","Lillooet_NE|2025-06-09"
"3745","Lillooet_NE","Lillooet","NE","Anabat_Chorus","Anabat_Chorus",2025-06-10,"ANPA",0,"SM2","Lillooet_NE|2025-06-10"
"3746","Lillooet_NE","Lillooet","NE","Anabat_Chorus","Anabat_Chorus",2025-06-10,"COTO",0,"SM2","Lillooet_NE|2025-06-10"
"3747","Lillooet_NE","Lillooet","NE","Anabat_Chorus","Anabat_Chorus",2025-06-10,"EPFU",27,"SM2","Lillooet_NE|2025-06-10"
"3748","Lillooet_NE","Lillooet","NE","Anabat_Chorus","Anabat_Chorus",2025-06-10,"EUMA",2,"SM2","Lillooet_NE|2025-06-10"
"3749","Lillooet_NE","Lillooet","NE","Anabat_Chorus","Anabat_Chorus",2025-06-10,"LABO",0,"SM2","Lillooet_NE|2025-06-10"
"3750","Lillooet_NE","Lillooet","NE","Anabat_Chorus","Anabat_Chorus",2025-06-10,"LACI",2,"SM2","Lillooet_NE|2025-06-10"
"3751","Lillooet_NE","Lillooet","NE","Anabat_Chorus","Anabat_Chorus",2025-06-10,"LANO",16,"SM2","Lillooet_NE|2025-06-10"
"3752","Lillooet_NE","Lillooet","NE","Anabat_Chorus","Anabat_Chorus",2025-06-10,"MYCA",0,"SM2","Lillooet_NE|2025-06-10"
"3753","Lillooet_NE","Lillooet","NE","Anabat_Chorus","Anabat_Chorus",2025-06-10,"MYCI",8,"SM2","Lillooet_NE|2025-06-10"
"3754","Lillooet_NE","Lillooet","NE","Anabat_Chorus","Anabat_Chorus",2025-06-10,"MYEV",0,"SM2","Lillooet_NE|2025-06-10"
"3755","Lillooet_NE","Lillooet","NE","Anabat_Chorus","Anabat_Chorus",2025-06-10,"MYLU",4,"SM2","Lillooet_NE|2025-06-10"
"3756","Lillooet_NE","Lillooet","NE","Anabat_Chorus","Anabat_Chorus",2025-06-10,"MYSE",0,"SM2","Lillooet_NE|2025-06-10"
"3757","Lillooet_NE","Lillooet","NE","Anabat_Chorus","Anabat_Chorus",2025-06-10,"MYTH",0,"SM2","Lillooet_NE|2025-06-10"
"3758","Lillooet_NE","Lillooet","NE","Anabat_Chorus","Anabat_Chorus",2025-06-10,"MYVO",0,"SM2","Lillooet_NE|2025-06-10"
"3759","Lillooet_NE","Lillooet","NE","Anabat_Chorus","Anabat_Chorus",2025-06-10,"MYYU",0,"SM2","Lillooet_NE|2025-06-10"
"3760","Lillooet_NE","Lillooet","NE","Anabat_Chorus","Anabat_Chorus",2025-06-10,"PAHE",0,"SM2","Lillooet_NE|2025-06-10"
"3761","Lillooet_NE","Lillooet","NE","Anabat_Chorus","Anabat_Chorus",2025-06-11,"ANPA",0,"SM2","Lillooet_NE|2025-06-11"
"3762","Lillooet_NE","Lillooet","NE","Anabat_Chorus","Anabat_Chorus",2025-06-11,"COTO",0,"SM2","Lillooet_NE|2025-06-11"
"3763","Lillooet_NE","Lillooet","NE","Anabat_Chorus","Anabat_Chorus",2025-06-11,"EPFU",65,"SM2","Lillooet_NE|2025-06-11"
"3764","Lillooet_NE","Lillooet","NE","Anabat_Chorus","Anabat_Chorus",2025-06-11,"EUMA",11,"SM2","Lillooet_NE|2025-06-11"
"3765","Lillooet_NE","Lillooet","NE","Anabat_Chorus","Anabat_Chorus",2025-06-11,"LABO",0,"SM2","Lillooet_NE|2025-06-11"
"3766","Lillooet_NE","Lillooet","NE","Anabat_Chorus","Anabat_Chorus",2025-06-11,"LACI",7,"SM2","Lillooet_NE|2025-06-11"
"3767","Lillooet_NE","Lillooet","NE","Anabat_Chorus","Anabat_Chorus",2025-06-11,"LANO",7,"SM2","Lillooet_NE|2025-06-11"
"3768","Lillooet_NE","Lillooet","NE","Anabat_Chorus","Anabat_Chorus",2025-06-11,"MYCA",0,"SM2","Lillooet_NE|2025-06-11"
"3769","Lillooet_NE","Lillooet","NE","Anabat_Chorus","Anabat_Chorus",2025-06-11,"MYCI",9,"SM2","Lillooet_NE|2025-06-11"
"3770","Lillooet_NE","Lillooet","NE","Anabat_Chorus","Anabat_Chorus",2025-06-11,"MYEV",0,"SM2","Lillooet_NE|2025-06-11"
"3771","Lillooet_NE","Lillooet","NE","Anabat_Chorus","Anabat_Chorus",2025-06-11,"MYLU",2,"SM2","Lillooet_NE|2025-06-11"
"3772","Lillooet_NE","Lillooet","NE","Anabat_Chorus","Anabat_Chorus",2025-06-11,"MYSE",0,"SM2","Lillooet_NE|2025-06-11"
"3773","Lillooet_NE","Lillooet","NE","Anabat_Chorus","Anabat_Chorus",2025-06-11,"MYTH",0,"SM2","Lillooet_NE|2025-06-11"
"3774","Lillooet_NE","Lillooet","NE","Anabat_Chorus","Anabat_Chorus",2025-06-11,"MYVO",8,"SM2","Lillooet_NE|2025-06-11"
"3775","Lillooet_NE","Lillooet","NE","Anabat_Chorus","Anabat_Chorus",2025-06-11,"MYYU",0,"SM2","Lillooet_NE|2025-06-11"
"3776","Lillooet_NE","Lillooet","NE","Anabat_Chorus","Anabat_Chorus",2025-06-11,"PAHE",0,"SM2","Lillooet_NE|2025-06-11"
"3777","Lillooet_NE","Lillooet","NE","Anabat_Chorus","Anabat_Chorus",2025-06-12,"ANPA",0,"SM2","Lillooet_NE|2025-06-12"
"3778","Lillooet_NE","Lillooet","NE","Anabat_Chorus","Anabat_Chorus",2025-06-12,"COTO",0,"SM2","Lillooet_NE|2025-06-12"
"3779","Lillooet_NE","Lillooet","NE","Anabat_Chorus","Anabat_Chorus",2025-06-12,"EPFU",0,"SM2","Lillooet_NE|2025-06-12"
"3780","Lillooet_NE","Lillooet","NE","Anabat_Chorus","Anabat_Chorus",2025-06-12,"EUMA",1,"SM2","Lillooet_NE|2025-06-12"
"3781","Lillooet_NE","Lillooet","NE","Anabat_Chorus","Anabat_Chorus",2025-06-12,"LABO",0,"SM2","Lillooet_NE|2025-06-12"
"3782","Lillooet_NE","Lillooet","NE","Anabat_Chorus","Anabat_Chorus",2025-06-12,"LACI",0,"SM2","Lillooet_NE|2025-06-12"
"3783","Lillooet_NE","Lillooet","NE","Anabat_Chorus","Anabat_Chorus",2025-06-12,"LANO",0,"SM2","Lillooet_NE|2025-06-12"
"3784","Lillooet_NE","Lillooet","NE","Anabat_Chorus","Anabat_Chorus",2025-06-12,"MYCA",0,"SM2","Lillooet_NE|2025-06-12"
"3785","Lillooet_NE","Lillooet","NE","Anabat_Chorus","Anabat_Chorus",2025-06-12,"MYCI",0,"SM2","Lillooet_NE|2025-06-12"
"3786","Lillooet_NE","Lillooet","NE","Anabat_Chorus","Anabat_Chorus",2025-06-12,"MYEV",0,"SM2","Lillooet_NE|2025-06-12"
"3787","Lillooet_NE","Lillooet","NE","Anabat_Chorus","Anabat_Chorus",2025-06-12,"MYLU",0,"SM2","Lillooet_NE|2025-06-12"
"3788","Lillooet_NE","Lillooet","NE","Anabat_Chorus","Anabat_Chorus",2025-06-12,"MYSE",0,"SM2","Lillooet_NE|2025-06-12"
"3789","Lillooet_NE","Lillooet","NE","Anabat_Chorus","Anabat_Chorus",2025-06-12,"MYTH",0,"SM2","Lillooet_NE|2025-06-12"
"3790","Lillooet_NE","Lillooet","NE","Anabat_Chorus","Anabat_Chorus",2025-06-12,"MYVO",0,"SM2","Lillooet_NE|2025-06-12"
"3791","Lillooet_NE","Lillooet","NE","Anabat_Chorus","Anabat_Chorus",2025-06-12,"MYYU",0,"SM2","Lillooet_NE|2025-06-12"
"3792","Lillooet_NE","Lillooet","NE","Anabat_Chorus","Anabat_Chorus",2025-06-12,"PAHE",0,"SM2","Lillooet_NE|2025-06-12"
"3793","Lillooet_NE","Lillooet","NE","Anabat_Chorus","Anabat_Chorus",2025-06-13,"ANPA",0,"SM2","Lillooet_NE|2025-06-13"
"3794","Lillooet_NE","Lillooet","NE","Anabat_Chorus","Anabat_Chorus",2025-06-13,"COTO",0,"SM2","Lillooet_NE|2025-06-13"
"3795","Lillooet_NE","Lillooet","NE","Anabat_Chorus","Anabat_Chorus",2025-06-13,"EPFU",0,"SM2","Lillooet_NE|2025-06-13"
"3796","Lillooet_NE","Lillooet","NE","Anabat_Chorus","Anabat_Chorus",2025-06-13,"EUMA",0,"SM2","Lillooet_NE|2025-06-13"
"3797","Lillooet_NE","Lillooet","NE","Anabat_Chorus","Anabat_Chorus",2025-06-13,"LABO",0,"SM2","Lillooet_NE|2025-06-13"
"3798","Lillooet_NE","Lillooet","NE","Anabat_Chorus","Anabat_Chorus",2025-06-13,"LACI",0,"SM2","Lillooet_NE|2025-06-13"
"3799","Lillooet_NE","Lillooet","NE","Anabat_Chorus","Anabat_Chorus",2025-06-13,"LANO",0,"SM2","Lillooet_NE|2025-06-13"
"3800","Lillooet_NE","Lillooet","NE","Anabat_Chorus","Anabat_Chorus",2025-06-13,"MYCA",0,"SM2","Lillooet_NE|2025-06-13"
"3801","Lillooet_NE","Lillooet","NE","Anabat_Chorus","Anabat_Chorus",2025-06-13,"MYCI",3,"SM2","Lillooet_NE|2025-06-13"
"3802","Lillooet_NE","Lillooet","NE","Anabat_Chorus","Anabat_Chorus",2025-06-13,"MYEV",0,"SM2","Lillooet_NE|2025-06-13"
"3803","Lillooet_NE","Lillooet","NE","Anabat_Chorus","Anabat_Chorus",2025-06-13,"MYLU",0,"SM2","Lillooet_NE|2025-06-13"
"3804","Lillooet_NE","Lillooet","NE","Anabat_Chorus","Anabat_Chorus",2025-06-13,"MYSE",0,"SM2","Lillooet_NE|2025-06-13"
"3805","Lillooet_NE","Lillooet","NE","Anabat_Chorus","Anabat_Chorus",2025-06-13,"MYTH",1,"SM2","Lillooet_NE|2025-06-13"
"3806","Lillooet_NE","Lillooet","NE","Anabat_Chorus","Anabat_Chorus",2025-06-13,"MYVO",2,"SM2","Lillooet_NE|2025-06-13"
"3807","Lillooet_NE","Lillooet","NE","Anabat_Chorus","Anabat_Chorus",2025-06-13,"MYYU",0,"SM2","Lillooet_NE|2025-06-13"
"3808","Lillooet_NE","Lillooet","NE","Anabat_Chorus","Anabat_Chorus",2025-06-13,"PAHE",0,"SM2","Lillooet_NE|2025-06-13"
"3809","Lillooet_NE","Lillooet","NE","Anabat_Chorus","Anabat_Chorus",2025-06-14,"ANPA",0,"SM2","Lillooet_NE|2025-06-14"
"3810","Lillooet_NE","Lillooet","NE","Anabat_Chorus","Anabat_Chorus",2025-06-14,"COTO",0,"SM2","Lillooet_NE|2025-06-14"
"3811","Lillooet_NE","Lillooet","NE","Anabat_Chorus","Anabat_Chorus",2025-06-14,"EPFU",0,"SM2","Lillooet_NE|2025-06-14"
"3812","Lillooet_NE","Lillooet","NE","Anabat_Chorus","Anabat_Chorus",2025-06-14,"EUMA",0,"SM2","Lillooet_NE|2025-06-14"
"3813","Lillooet_NE","Lillooet","NE","Anabat_Chorus","Anabat_Chorus",2025-06-14,"LABO",0,"SM2","Lillooet_NE|2025-06-14"
"3814","Lillooet_NE","Lillooet","NE","Anabat_Chorus","Anabat_Chorus",2025-06-14,"LACI",1,"SM2","Lillooet_NE|2025-06-14"
"3815","Lillooet_NE","Lillooet","NE","Anabat_Chorus","Anabat_Chorus",2025-06-14,"LANO",0,"SM2","Lillooet_NE|2025-06-14"
"3816","Lillooet_NE","Lillooet","NE","Anabat_Chorus","Anabat_Chorus",2025-06-14,"MYCA",0,"SM2","Lillooet_NE|2025-06-14"
"3817","Lillooet_NE","Lillooet","NE","Anabat_Chorus","Anabat_Chorus",2025-06-14,"MYCI",0,"SM2","Lillooet_NE|2025-06-14"
"3818","Lillooet_NE","Lillooet","NE","Anabat_Chorus","Anabat_Chorus",2025-06-14,"MYEV",0,"SM2","Lillooet_NE|2025-06-14"
"3819","Lillooet_NE","Lillooet","NE","Anabat_Chorus","Anabat_Chorus",2025-06-14,"MYLU",1,"SM2","Lillooet_NE|2025-06-14"
"3820","Lillooet_NE","Lillooet","NE","Anabat_Chorus","Anabat_Chorus",2025-06-14,"MYSE",0,"SM2","Lillooet_NE|2025-06-14"
"3821","Lillooet_NE","Lillooet","NE","Anabat_Chorus","Anabat_Chorus",2025-06-14,"MYTH",0,"SM2","Lillooet_NE|2025-06-14"
"3822","Lillooet_NE","Lillooet","NE","Anabat_Chorus","Anabat_Chorus",2025-06-14,"MYVO",3,"SM2","Lillooet_NE|2025-06-14"
"3823","Lillooet_NE","Lillooet","NE","Anabat_Chorus","Anabat_Chorus",2025-06-14,"MYYU",0,"SM2","Lillooet_NE|2025-06-14"
"3824","Lillooet_NE","Lillooet","NE","Anabat_Chorus","Anabat_Chorus",2025-06-14,"PAHE",0,"SM2","Lillooet_NE|2025-06-14"
"3825","Lillooet_NE","Lillooet","NE","Anabat_Chorus","Anabat_Chorus",2025-06-15,"ANPA",0,"SM2","Lillooet_NE|2025-06-15"
"3826","Lillooet_NE","Lillooet","NE","Anabat_Chorus","Anabat_Chorus",2025-06-15,"COTO",0,"SM2","Lillooet_NE|2025-06-15"
"3827","Lillooet_NE","Lillooet","NE","Anabat_Chorus","Anabat_Chorus",2025-06-15,"EPFU",8,"SM2","Lillooet_NE|2025-06-15"
"3828","Lillooet_NE","Lillooet","NE","Anabat_Chorus","Anabat_Chorus",2025-06-15,"EUMA",3,"SM2","Lillooet_NE|2025-06-15"
"3829","Lillooet_NE","Lillooet","NE","Anabat_Chorus","Anabat_Chorus",2025-06-15,"LABO",0,"SM2","Lillooet_NE|2025-06-15"
"3830","Lillooet_NE","Lillooet","NE","Anabat_Chorus","Anabat_Chorus",2025-06-15,"LACI",9,"SM2","Lillooet_NE|2025-06-15"
"3831","Lillooet_NE","Lillooet","NE","Anabat_Chorus","Anabat_Chorus",2025-06-15,"LANO",20,"SM2","Lillooet_NE|2025-06-15"
"3832","Lillooet_NE","Lillooet","NE","Anabat_Chorus","Anabat_Chorus",2025-06-15,"MYCA",0,"SM2","Lillooet_NE|2025-06-15"
"3833","Lillooet_NE","Lillooet","NE","Anabat_Chorus","Anabat_Chorus",2025-06-15,"MYCI",42,"SM2","Lillooet_NE|2025-06-15"
"3834","Lillooet_NE","Lillooet","NE","Anabat_Chorus","Anabat_Chorus",2025-06-15,"MYEV",1,"SM2","Lillooet_NE|2025-06-15"
"3835","Lillooet_NE","Lillooet","NE","Anabat_Chorus","Anabat_Chorus",2025-06-15,"MYLU",4,"SM2","Lillooet_NE|2025-06-15"
"3836","Lillooet_NE","Lillooet","NE","Anabat_Chorus","Anabat_Chorus",2025-06-15,"MYSE",0,"SM2","Lillooet_NE|2025-06-15"
"3837","Lillooet_NE","Lillooet","NE","Anabat_Chorus","Anabat_Chorus",2025-06-15,"MYTH",0,"SM2","Lillooet_NE|2025-06-15"
"3838","Lillooet_NE","Lillooet","NE","Anabat_Chorus","Anabat_Chorus",2025-06-15,"MYVO",2,"SM2","Lillooet_NE|2025-06-15"
"3839","Lillooet_NE","Lillooet","NE","Anabat_Chorus","Anabat_Chorus",2025-06-15,"MYYU",0,"SM2","Lillooet_NE|2025-06-15"
"3840","Lillooet_NE","Lillooet","NE","Anabat_Chorus","Anabat_Chorus",2025-06-15,"PAHE",0,"SM2","Lillooet_NE|2025-06-15"
"3841","Lillooet_NE","Lillooet","NE","Anabat_Chorus","Anabat_Chorus",2025-06-16,"ANPA",0,"SM2","Lillooet_NE|2025-06-16"
"3842","Lillooet_NE","Lillooet","NE","Anabat_Chorus","Anabat_Chorus",2025-06-16,"COTO",0,"SM2","Lillooet_NE|2025-06-16"
"3843","Lillooet_NE","Lillooet","NE","Anabat_Chorus","Anabat_Chorus",2025-06-16,"EPFU",2,"SM2","Lillooet_NE|2025-06-16"
"3844","Lillooet_NE","Lillooet","NE","Anabat_Chorus","Anabat_Chorus",2025-06-16,"EUMA",4,"SM2","Lillooet_NE|2025-06-16"
"3845","Lillooet_NE","Lillooet","NE","Anabat_Chorus","Anabat_Chorus",2025-06-16,"LABO",0,"SM2","Lillooet_NE|2025-06-16"
"3846","Lillooet_NE","Lillooet","NE","Anabat_Chorus","Anabat_Chorus",2025-06-16,"LACI",1,"SM2","Lillooet_NE|2025-06-16"
"3847","Lillooet_NE","Lillooet","NE","Anabat_Chorus","Anabat_Chorus",2025-06-16,"LANO",6,"SM2","Lillooet_NE|2025-06-16"
"3848","Lillooet_NE","Lillooet","NE","Anabat_Chorus","Anabat_Chorus",2025-06-16,"MYCA",0,"SM2","Lillooet_NE|2025-06-16"
"3849","Lillooet_NE","Lillooet","NE","Anabat_Chorus","Anabat_Chorus",2025-06-16,"MYCI",22,"SM2","Lillooet_NE|2025-06-16"
"3850","Lillooet_NE","Lillooet","NE","Anabat_Chorus","Anabat_Chorus",2025-06-16,"MYEV",0,"SM2","Lillooet_NE|2025-06-16"
"3851","Lillooet_NE","Lillooet","NE","Anabat_Chorus","Anabat_Chorus",2025-06-16,"MYLU",1,"SM2","Lillooet_NE|2025-06-16"
"3852","Lillooet_NE","Lillooet","NE","Anabat_Chorus","Anabat_Chorus",2025-06-16,"MYSE",0,"SM2","Lillooet_NE|2025-06-16"
"3853","Lillooet_NE","Lillooet","NE","Anabat_Chorus","Anabat_Chorus",2025-06-16,"MYTH",0,"SM2","Lillooet_NE|2025-06-16"
"3854","Lillooet_NE","Lillooet","NE","Anabat_Chorus","Anabat_Chorus",2025-06-16,"MYVO",0,"SM2","Lillooet_NE|2025-06-16"
"3855","Lillooet_NE","Lillooet","NE","Anabat_Chorus","Anabat_Chorus",2025-06-16,"MYYU",0,"SM2","Lillooet_NE|2025-06-16"
"3856","Lillooet_NE","Lillooet","NE","Anabat_Chorus","Anabat_Chorus",2025-06-16,"PAHE",0,"SM2","Lillooet_NE|2025-06-16"
"3857","Lillooet_NE","Lillooet","NE","Anabat_Chorus","Anabat_Chorus",2025-06-17,"ANPA",0,"SM2","Lillooet_NE|2025-06-17"
"3858","Lillooet_NE","Lillooet","NE","Anabat_Chorus","Anabat_Chorus",2025-06-17,"COTO",0,"SM2","Lillooet_NE|2025-06-17"
"3859","Lillooet_NE","Lillooet","NE","Anabat_Chorus","Anabat_Chorus",2025-06-17,"EPFU",35,"SM2","Lillooet_NE|2025-06-17"
"3860","Lillooet_NE","Lillooet","NE","Anabat_Chorus","Anabat_Chorus",2025-06-17,"EUMA",12,"SM2","Lillooet_NE|2025-06-17"
"3861","Lillooet_NE","Lillooet","NE","Anabat_Chorus","Anabat_Chorus",2025-06-17,"LABO",0,"SM2","Lillooet_NE|2025-06-17"
"3862","Lillooet_NE","Lillooet","NE","Anabat_Chorus","Anabat_Chorus",2025-06-17,"LACI",1,"SM2","Lillooet_NE|2025-06-17"
"3863","Lillooet_NE","Lillooet","NE","Anabat_Chorus","Anabat_Chorus",2025-06-17,"LANO",18,"SM2","Lillooet_NE|2025-06-17"
"3864","Lillooet_NE","Lillooet","NE","Anabat_Chorus","Anabat_Chorus",2025-06-17,"MYCA",4,"SM2","Lillooet_NE|2025-06-17"
"3865","Lillooet_NE","Lillooet","NE","Anabat_Chorus","Anabat_Chorus",2025-06-17,"MYCI",38,"SM2","Lillooet_NE|2025-06-17"
"3866","Lillooet_NE","Lillooet","NE","Anabat_Chorus","Anabat_Chorus",2025-06-17,"MYEV",0,"SM2","Lillooet_NE|2025-06-17"
"3867","Lillooet_NE","Lillooet","NE","Anabat_Chorus","Anabat_Chorus",2025-06-17,"MYLU",7,"SM2","Lillooet_NE|2025-06-17"
"3868","Lillooet_NE","Lillooet","NE","Anabat_Chorus","Anabat_Chorus",2025-06-17,"MYSE",0,"SM2","Lillooet_NE|2025-06-17"
"3869","Lillooet_NE","Lillooet","NE","Anabat_Chorus","Anabat_Chorus",2025-06-17,"MYTH",0,"SM2","Lillooet_NE|2025-06-17"
"3870","Lillooet_NE","Lillooet","NE","Anabat_Chorus","Anabat_Chorus",2025-06-17,"MYVO",58,"SM2","Lillooet_NE|2025-06-17"
"3871","Lillooet_NE","Lillooet","NE","Anabat_Chorus","Anabat_Chorus",2025-06-17,"MYYU",1,"SM2","Lillooet_NE|2025-06-17"
"3872","Lillooet_NE","Lillooet","NE","Anabat_Chorus","Anabat_Chorus",2025-06-17,"PAHE",0,"SM2","Lillooet_NE|2025-06-17"
"3873","Lillooet_NE","Lillooet","NE","Anabat_Chorus","Anabat_Chorus",2025-06-18,"ANPA",0,"SM2","Lillooet_NE|2025-06-18"
"3874","Lillooet_NE","Lillooet","NE","Anabat_Chorus","Anabat_Chorus",2025-06-18,"COTO",0,"SM2","Lillooet_NE|2025-06-18"
"3875","Lillooet_NE","Lillooet","NE","Anabat_Chorus","Anabat_Chorus",2025-06-18,"EPFU",1,"SM2","Lillooet_NE|2025-06-18"
"3876","Lillooet_NE","Lillooet","NE","Anabat_Chorus","Anabat_Chorus",2025-06-18,"EUMA",5,"SM2","Lillooet_NE|2025-06-18"
"3877","Lillooet_NE","Lillooet","NE","Anabat_Chorus","Anabat_Chorus",2025-06-18,"LABO",0,"SM2","Lillooet_NE|2025-06-18"
"3878","Lillooet_NE","Lillooet","NE","Anabat_Chorus","Anabat_Chorus",2025-06-18,"LACI",0,"SM2","Lillooet_NE|2025-06-18"
"3879","Lillooet_NE","Lillooet","NE","Anabat_Chorus","Anabat_Chorus",2025-06-18,"LANO",0,"SM2","Lillooet_NE|2025-06-18"
"3880","Lillooet_NE","Lillooet","NE","Anabat_Chorus","Anabat_Chorus",2025-06-18,"MYCA",0,"SM2","Lillooet_NE|2025-06-18"
"3881","Lillooet_NE","Lillooet","NE","Anabat_Chorus","Anabat_Chorus",2025-06-18,"MYCI",6,"SM2","Lillooet_NE|2025-06-18"
"3882","Lillooet_NE","Lillooet","NE","Anabat_Chorus","Anabat_Chorus",2025-06-18,"MYEV",0,"SM2","Lillooet_NE|2025-06-18"
"3883","Lillooet_NE","Lillooet","NE","Anabat_Chorus","Anabat_Chorus",2025-06-18,"MYLU",0,"SM2","Lillooet_NE|2025-06-18"
"3884","Lillooet_NE","Lillooet","NE","Anabat_Chorus","Anabat_Chorus",2025-06-18,"MYSE",0,"SM2","Lillooet_NE|2025-06-18"
"3885","Lillooet_NE","Lillooet","NE","Anabat_Chorus","Anabat_Chorus",2025-06-18,"MYTH",0,"SM2","Lillooet_NE|2025-06-18"
"3886","Lillooet_NE","Lillooet","NE","Anabat_Chorus","Anabat_Chorus",2025-06-18,"MYVO",0,"SM2","Lillooet_NE|2025-06-18"
"3887","Lillooet_NE","Lillooet","NE","Anabat_Chorus","Anabat_Chorus",2025-06-18,"MYYU",0,"SM2","Lillooet_NE|2025-06-18"
"3888","Lillooet_NE","Lillooet","NE","Anabat_Chorus","Anabat_Chorus",2025-06-18,"PAHE",0,"SM2","Lillooet_NE|2025-06-18"
"3889","Lillooet_NE","Lillooet","NE","Anabat_Chorus","Anabat_Chorus",2025-06-19,"ANPA",0,"SM2","Lillooet_NE|2025-06-19"
"3890","Lillooet_NE","Lillooet","NE","Anabat_Chorus","Anabat_Chorus",2025-06-19,"COTO",0,"SM2","Lillooet_NE|2025-06-19"
"3891","Lillooet_NE","Lillooet","NE","Anabat_Chorus","Anabat_Chorus",2025-06-19,"EPFU",0,"SM2","Lillooet_NE|2025-06-19"
"3892","Lillooet_NE","Lillooet","NE","Anabat_Chorus","Anabat_Chorus",2025-06-19,"EUMA",0,"SM2","Lillooet_NE|2025-06-19"
"3893","Lillooet_NE","Lillooet","NE","Anabat_Chorus","Anabat_Chorus",2025-06-19,"LABO",0,"SM2","Lillooet_NE|2025-06-19"
"3894","Lillooet_NE","Lillooet","NE","Anabat_Chorus","Anabat_Chorus",2025-06-19,"LACI",0,"SM2","Lillooet_NE|2025-06-19"
"3895","Lillooet_NE","Lillooet","NE","Anabat_Chorus","Anabat_Chorus",2025-06-19,"LANO",1,"SM2","Lillooet_NE|2025-06-19"
"3896","Lillooet_NE","Lillooet","NE","Anabat_Chorus","Anabat_Chorus",2025-06-19,"MYCA",1,"SM2","Lillooet_NE|2025-06-19"
"3897","Lillooet_NE","Lillooet","NE","Anabat_Chorus","Anabat_Chorus",2025-06-19,"MYCI",77,"SM2","Lillooet_NE|2025-06-19"
"3898","Lillooet_NE","Lillooet","NE","Anabat_Chorus","Anabat_Chorus",2025-06-19,"MYEV",0,"SM2","Lillooet_NE|2025-06-19"
"3899","Lillooet_NE","Lillooet","NE","Anabat_Chorus","Anabat_Chorus",2025-06-19,"MYLU",1,"SM2","Lillooet_NE|2025-06-19"
"3900","Lillooet_NE","Lillooet","NE","Anabat_Chorus","Anabat_Chorus",2025-06-19,"MYSE",0,"SM2","Lillooet_NE|2025-06-19"
"3901","Lillooet_NE","Lillooet","NE","Anabat_Chorus","Anabat_Chorus",2025-06-19,"MYTH",0,"SM2","Lillooet_NE|2025-06-19"
"3902","Lillooet_NE","Lillooet","NE","Anabat_Chorus","Anabat_Chorus",2025-06-19,"MYVO",2,"SM2","Lillooet_NE|2025-06-19"
"3903","Lillooet_NE","Lillooet","NE","Anabat_Chorus","Anabat_Chorus",2025-06-19,"MYYU",0,"SM2","Lillooet_NE|2025-06-19"
"3904","Lillooet_NE","Lillooet","NE","Anabat_Chorus","Anabat_Chorus",2025-06-19,"PAHE",0,"SM2","Lillooet_NE|2025-06-19"
"3905","Lillooet_NE","Lillooet","NE","Anabat_Chorus","Anabat_Chorus",2025-06-21,"ANPA",0,"SM2","Lillooet_NE|2025-06-21"
"3906","Lillooet_NE","Lillooet","NE","Anabat_Chorus","Anabat_Chorus",2025-06-21,"COTO",0,"SM2","Lillooet_NE|2025-06-21"
"3907","Lillooet_NE","Lillooet","NE","Anabat_Chorus","Anabat_Chorus",2025-06-21,"EPFU",0,"SM2","Lillooet_NE|2025-06-21"
"3908","Lillooet_NE","Lillooet","NE","Anabat_Chorus","Anabat_Chorus",2025-06-21,"EUMA",0,"SM2","Lillooet_NE|2025-06-21"
"3909","Lillooet_NE","Lillooet","NE","Anabat_Chorus","Anabat_Chorus",2025-06-21,"LABO",0,"SM2","Lillooet_NE|2025-06-21"
"3910","Lillooet_NE","Lillooet","NE","Anabat_Chorus","Anabat_Chorus",2025-06-21,"LACI",2,"SM2","Lillooet_NE|2025-06-21"
"3911","Lillooet_NE","Lillooet","NE","Anabat_Chorus","Anabat_Chorus",2025-06-21,"LANO",1,"SM2","Lillooet_NE|2025-06-21"
"3912","Lillooet_NE","Lillooet","NE","Anabat_Chorus","Anabat_Chorus",2025-06-21,"MYCA",0,"SM2","Lillooet_NE|2025-06-21"
"3913","Lillooet_NE","Lillooet","NE","Anabat_Chorus","Anabat_Chorus",2025-06-21,"MYCI",19,"SM2","Lillooet_NE|2025-06-21"
"3914","Lillooet_NE","Lillooet","NE","Anabat_Chorus","Anabat_Chorus",2025-06-21,"MYEV",0,"SM2","Lillooet_NE|2025-06-21"
"3915","Lillooet_NE","Lillooet","NE","Anabat_Chorus","Anabat_Chorus",2025-06-21,"MYLU",0,"SM2","Lillooet_NE|2025-06-21"
"3916","Lillooet_NE","Lillooet","NE","Anabat_Chorus","Anabat_Chorus",2025-06-21,"MYSE",0,"SM2","Lillooet_NE|2025-06-21"
"3917","Lillooet_NE","Lillooet","NE","Anabat_Chorus","Anabat_Chorus",2025-06-21,"MYTH",0,"SM2","Lillooet_NE|2025-06-21"
"3918","Lillooet_NE","Lillooet","NE","Anabat_Chorus","Anabat_Chorus",2025-06-21,"MYVO",0,"SM2","Lillooet_NE|2025-06-21"
"3919","Lillooet_NE","Lillooet","NE","Anabat_Chorus","Anabat_Chorus",2025-06-21,"MYYU",0,"SM2","Lillooet_NE|2025-06-21"
"3920","Lillooet_NE","Lillooet","NE","Anabat_Chorus","Anabat_Chorus",2025-06-21,"PAHE",0,"SM2","Lillooet_NE|2025-06-21"
"3921","Lillooet_NE","Lillooet","NE","Anabat_Chorus","Anabat_Chorus",2025-06-22,"ANPA",0,"SM2","Lillooet_NE|2025-06-22"
"3922","Lillooet_NE","Lillooet","NE","Anabat_Chorus","Anabat_Chorus",2025-06-22,"COTO",0,"SM2","Lillooet_NE|2025-06-22"
"3923","Lillooet_NE","Lillooet","NE","Anabat_Chorus","Anabat_Chorus",2025-06-22,"EPFU",2,"SM2","Lillooet_NE|2025-06-22"
"3924","Lillooet_NE","Lillooet","NE","Anabat_Chorus","Anabat_Chorus",2025-06-22,"EUMA",8,"SM2","Lillooet_NE|2025-06-22"
"3925","Lillooet_NE","Lillooet","NE","Anabat_Chorus","Anabat_Chorus",2025-06-22,"LABO",0,"SM2","Lillooet_NE|2025-06-22"
"3926","Lillooet_NE","Lillooet","NE","Anabat_Chorus","Anabat_Chorus",2025-06-22,"LACI",1,"SM2","Lillooet_NE|2025-06-22"
"3927","Lillooet_NE","Lillooet","NE","Anabat_Chorus","Anabat_Chorus",2025-06-22,"LANO",4,"SM2","Lillooet_NE|2025-06-22"
"3928","Lillooet_NE","Lillooet","NE","Anabat_Chorus","Anabat_Chorus",2025-06-22,"MYCA",0,"SM2","Lillooet_NE|2025-06-22"
"3929","Lillooet_NE","Lillooet","NE","Anabat_Chorus","Anabat_Chorus",2025-06-22,"MYCI",20,"SM2","Lillooet_NE|2025-06-22"
"3930","Lillooet_NE","Lillooet","NE","Anabat_Chorus","Anabat_Chorus",2025-06-22,"MYEV",0,"SM2","Lillooet_NE|2025-06-22"
"3931","Lillooet_NE","Lillooet","NE","Anabat_Chorus","Anabat_Chorus",2025-06-22,"MYLU",0,"SM2","Lillooet_NE|2025-06-22"
"3932","Lillooet_NE","Lillooet","NE","Anabat_Chorus","Anabat_Chorus",2025-06-22,"MYSE",0,"SM2","Lillooet_NE|2025-06-22"
"3933","Lillooet_NE","Lillooet","NE","Anabat_Chorus","Anabat_Chorus",2025-06-22,"MYTH",2,"SM2","Lillooet_NE|2025-06-22"
"3934","Lillooet_NE","Lillooet","NE","Anabat_Chorus","Anabat_Chorus",2025-06-22,"MYVO",3,"SM2","Lillooet_NE|2025-06-22"
"3935","Lillooet_NE","Lillooet","NE","Anabat_Chorus","Anabat_Chorus",2025-06-22,"MYYU",0,"SM2","Lillooet_NE|2025-06-22"
"3936","Lillooet_NE","Lillooet","NE","Anabat_Chorus","Anabat_Chorus",2025-06-22,"PAHE",0,"SM2","Lillooet_NE|2025-06-22"
"3937","Lillooet_NE","Lillooet","NE","Anabat_Chorus","Anabat_Chorus",2025-06-23,"ANPA",0,"SM2","Lillooet_NE|2025-06-23"
"3938","Lillooet_NE","Lillooet","NE","Anabat_Chorus","Anabat_Chorus",2025-06-23,"COTO",0,"SM2","Lillooet_NE|2025-06-23"
"3939","Lillooet_NE","Lillooet","NE","Anabat_Chorus","Anabat_Chorus",2025-06-23,"EPFU",2,"SM2","Lillooet_NE|2025-06-23"
"3940","Lillooet_NE","Lillooet","NE","Anabat_Chorus","Anabat_Chorus",2025-06-23,"EUMA",3,"SM2","Lillooet_NE|2025-06-23"
"3941","Lillooet_NE","Lillooet","NE","Anabat_Chorus","Anabat_Chorus",2025-06-23,"LABO",0,"SM2","Lillooet_NE|2025-06-23"
"3942","Lillooet_NE","Lillooet","NE","Anabat_Chorus","Anabat_Chorus",2025-06-23,"LACI",2,"SM2","Lillooet_NE|2025-06-23"
"3943","Lillooet_NE","Lillooet","NE","Anabat_Chorus","Anabat_Chorus",2025-06-23,"LANO",7,"SM2","Lillooet_NE|2025-06-23"
"3944","Lillooet_NE","Lillooet","NE","Anabat_Chorus","Anabat_Chorus",2025-06-23,"MYCA",4,"SM2","Lillooet_NE|2025-06-23"
"3945","Lillooet_NE","Lillooet","NE","Anabat_Chorus","Anabat_Chorus",2025-06-23,"MYCI",94,"SM2","Lillooet_NE|2025-06-23"
"3946","Lillooet_NE","Lillooet","NE","Anabat_Chorus","Anabat_Chorus",2025-06-23,"MYEV",0,"SM2","Lillooet_NE|2025-06-23"
"3947","Lillooet_NE","Lillooet","NE","Anabat_Chorus","Anabat_Chorus",2025-06-23,"MYLU",2,"SM2","Lillooet_NE|2025-06-23"
"3948","Lillooet_NE","Lillooet","NE","Anabat_Chorus","Anabat_Chorus",2025-06-23,"MYSE",0,"SM2","Lillooet_NE|2025-06-23"
"3949","Lillooet_NE","Lillooet","NE","Anabat_Chorus","Anabat_Chorus",2025-06-23,"MYTH",0,"SM2","Lillooet_NE|2025-06-23"
"3950","Lillooet_NE","Lillooet","NE","Anabat_Chorus","Anabat_Chorus",2025-06-23,"MYVO",2,"SM2","Lillooet_NE|2025-06-23"
"3951","Lillooet_NE","Lillooet","NE","Anabat_Chorus","Anabat_Chorus",2025-06-23,"MYYU",0,"SM2","Lillooet_NE|2025-06-23"
"3952","Lillooet_NE","Lillooet","NE","Anabat_Chorus","Anabat_Chorus",2025-06-23,"PAHE",0,"SM2","Lillooet_NE|2025-06-23"
"3953","Lillooet_NE","Lillooet","NE","Anabat_Chorus","Anabat_Chorus",2025-06-24,"ANPA",0,"SM2","Lillooet_NE|2025-06-24"
"3954","Lillooet_NE","Lillooet","NE","Anabat_Chorus","Anabat_Chorus",2025-06-24,"COTO",0,"SM2","Lillooet_NE|2025-06-24"
"3955","Lillooet_NE","Lillooet","NE","Anabat_Chorus","Anabat_Chorus",2025-06-24,"EPFU",19,"SM2","Lillooet_NE|2025-06-24"
"3956","Lillooet_NE","Lillooet","NE","Anabat_Chorus","Anabat_Chorus",2025-06-24,"EUMA",26,"SM2","Lillooet_NE|2025-06-24"
"3957","Lillooet_NE","Lillooet","NE","Anabat_Chorus","Anabat_Chorus",2025-06-24,"LABO",0,"SM2","Lillooet_NE|2025-06-24"
"3958","Lillooet_NE","Lillooet","NE","Anabat_Chorus","Anabat_Chorus",2025-06-24,"LACI",8,"SM2","Lillooet_NE|2025-06-24"
"3959","Lillooet_NE","Lillooet","NE","Anabat_Chorus","Anabat_Chorus",2025-06-24,"LANO",11,"SM2","Lillooet_NE|2025-06-24"
"3960","Lillooet_NE","Lillooet","NE","Anabat_Chorus","Anabat_Chorus",2025-06-24,"MYCA",2,"SM2","Lillooet_NE|2025-06-24"
"3961","Lillooet_NE","Lillooet","NE","Anabat_Chorus","Anabat_Chorus",2025-06-24,"MYCI",72,"SM2","Lillooet_NE|2025-06-24"
"3962","Lillooet_NE","Lillooet","NE","Anabat_Chorus","Anabat_Chorus",2025-06-24,"MYEV",0,"SM2","Lillooet_NE|2025-06-24"
"3963","Lillooet_NE","Lillooet","NE","Anabat_Chorus","Anabat_Chorus",2025-06-24,"MYLU",1,"SM2","Lillooet_NE|2025-06-24"
"3964","Lillooet_NE","Lillooet","NE","Anabat_Chorus","Anabat_Chorus",2025-06-24,"MYSE",0,"SM2","Lillooet_NE|2025-06-24"
"3965","Lillooet_NE","Lillooet","NE","Anabat_Chorus","Anabat_Chorus",2025-06-24,"MYTH",0,"SM2","Lillooet_NE|2025-06-24"
"3966","Lillooet_NE","Lillooet","NE","Anabat_Chorus","Anabat_Chorus",2025-06-24,"MYVO",3,"SM2","Lillooet_NE|2025-06-24"
"3967","Lillooet_NE","Lillooet","NE","Anabat_Chorus","Anabat_Chorus",2025-06-24,"MYYU",0,"SM2","Lillooet_NE|2025-06-24"
"3968","Lillooet_NE","Lillooet","NE","Anabat_Chorus","Anabat_Chorus",2025-06-24,"PAHE",0,"SM2","Lillooet_NE|2025-06-24"
"3969","Lillooet_NE","Lillooet","NE","Anabat_Chorus","Anabat_Chorus",2025-06-25,"ANPA",0,"SM2","Lillooet_NE|2025-06-25"
"3970","Lillooet_NE","Lillooet","NE","Anabat_Chorus","Anabat_Chorus",2025-06-25,"COTO",0,"SM2","Lillooet_NE|2025-06-25"
"3971","Lillooet_NE","Lillooet","NE","Anabat_Chorus","Anabat_Chorus",2025-06-25,"EPFU",0,"SM2","Lillooet_NE|2025-06-25"
"3972","Lillooet_NE","Lillooet","NE","Anabat_Chorus","Anabat_Chorus",2025-06-25,"EUMA",0,"SM2","Lillooet_NE|2025-06-25"
"3973","Lillooet_NE","Lillooet","NE","Anabat_Chorus","Anabat_Chorus",2025-06-25,"LABO",0,"SM2","Lillooet_NE|2025-06-25"
"3974","Lillooet_NE","Lillooet","NE","Anabat_Chorus","Anabat_Chorus",2025-06-25,"LACI",1,"SM2","Lillooet_NE|2025-06-25"
"3975","Lillooet_NE","Lillooet","NE","Anabat_Chorus","Anabat_Chorus",2025-06-25,"LANO",1,"SM2","Lillooet_NE|2025-06-25"
"3976","Lillooet_NE","Lillooet","NE","Anabat_Chorus","Anabat_Chorus",2025-06-25,"MYCA",0,"SM2","Lillooet_NE|2025-06-25"
"3977","Lillooet_NE","Lillooet","NE","Anabat_Chorus","Anabat_Chorus",2025-06-25,"MYCI",19,"SM2","Lillooet_NE|2025-06-25"
"3978","Lillooet_NE","Lillooet","NE","Anabat_Chorus","Anabat_Chorus",2025-06-25,"MYEV",0,"SM2","Lillooet_NE|2025-06-25"
"3979","Lillooet_NE","Lillooet","NE","Anabat_Chorus","Anabat_Chorus",2025-06-25,"MYLU",0,"SM2","Lillooet_NE|2025-06-25"
"3980","Lillooet_NE","Lillooet","NE","Anabat_Chorus","Anabat_Chorus",2025-06-25,"MYSE",0,"SM2","Lillooet_NE|2025-06-25"
"3981","Lillooet_NE","Lillooet","NE","Anabat_Chorus","Anabat_Chorus",2025-06-25,"MYTH",0,"SM2","Lillooet_NE|2025-06-25"
"3982","Lillooet_NE","Lillooet","NE","Anabat_Chorus","Anabat_Chorus",2025-06-25,"MYVO",1,"SM2","Lillooet_NE|2025-06-25"
"3983","Lillooet_NE","Lillooet","NE","Anabat_Chorus","Anabat_Chorus",2025-06-25,"MYYU",0,"SM2","Lillooet_NE|2025-06-25"
"3984","Lillooet_NE","Lillooet","NE","Anabat_Chorus","Anabat_Chorus",2025-06-25,"PAHE",0,"SM2","Lillooet_NE|2025-06-25"
"3985","Lillooet_NE","Lillooet","NE","Anabat_Chorus","Anabat_Chorus",2025-06-26,"ANPA",0,"SM2","Lillooet_NE|2025-06-26"
"3986","Lillooet_NE","Lillooet","NE","Anabat_Chorus","Anabat_Chorus",2025-06-26,"COTO",0,"SM2","Lillooet_NE|2025-06-26"
"3987","Lillooet_NE","Lillooet","NE","Anabat_Chorus","Anabat_Chorus",2025-06-26,"EPFU",0,"SM2","Lillooet_NE|2025-06-26"
"3988","Lillooet_NE","Lillooet","NE","Anabat_Chorus","Anabat_Chorus",2025-06-26,"EUMA",3,"SM2","Lillooet_NE|2025-06-26"
"3989","Lillooet_NE","Lillooet","NE","Anabat_Chorus","Anabat_Chorus",2025-06-26,"LABO",0,"SM2","Lillooet_NE|2025-06-26"
"3990","Lillooet_NE","Lillooet","NE","Anabat_Chorus","Anabat_Chorus",2025-06-26,"LACI",1,"SM2","Lillooet_NE|2025-06-26"
"3991","Lillooet_NE","Lillooet","NE","Anabat_Chorus","Anabat_Chorus",2025-06-26,"LANO",0,"SM2","Lillooet_NE|2025-06-26"
"3992","Lillooet_NE","Lillooet","NE","Anabat_Chorus","Anabat_Chorus",2025-06-26,"MYCA",0,"SM2","Lillooet_NE|2025-06-26"
"3993","Lillooet_NE","Lillooet","NE","Anabat_Chorus","Anabat_Chorus",2025-06-26,"MYCI",15,"SM2","Lillooet_NE|2025-06-26"
"3994","Lillooet_NE","Lillooet","NE","Anabat_Chorus","Anabat_Chorus",2025-06-26,"MYEV",0,"SM2","Lillooet_NE|2025-06-26"
"3995","Lillooet_NE","Lillooet","NE","Anabat_Chorus","Anabat_Chorus",2025-06-26,"MYLU",0,"SM2","Lillooet_NE|2025-06-26"
"3996","Lillooet_NE","Lillooet","NE","Anabat_Chorus","Anabat_Chorus",2025-06-26,"MYSE",0,"SM2","Lillooet_NE|2025-06-26"
"3997","Lillooet_NE","Lillooet","NE","Anabat_Chorus","Anabat_Chorus",2025-06-26,"MYTH",1,"SM2","Lillooet_NE|2025-06-26"
"3998","Lillooet_NE","Lillooet","NE","Anabat_Chorus","Anabat_Chorus",2025-06-26,"MYVO",8,"SM2","Lillooet_NE|2025-06-26"
"3999","Lillooet_NE","Lillooet","NE","Anabat_Chorus","Anabat_Chorus",2025-06-26,"MYYU",0,"SM2","Lillooet_NE|2025-06-26"
"4000","Lillooet_NE","Lillooet","NE","Anabat_Chorus","Anabat_Chorus",2025-06-26,"PAHE",0,"SM2","Lillooet_NE|2025-06-26"
"4001","Lillooet_NE","Lillooet","NE","Anabat_Chorus","Anabat_Chorus",2025-06-30,"ANPA",0,"SM2","Lillooet_NE|2025-06-30"
"4002","Lillooet_NE","Lillooet","NE","Anabat_Chorus","Anabat_Chorus",2025-06-30,"COTO",0,"SM2","Lillooet_NE|2025-06-30"
"4003","Lillooet_NE","Lillooet","NE","Anabat_Chorus","Anabat_Chorus",2025-06-30,"EPFU",7,"SM2","Lillooet_NE|2025-06-30"
"4004","Lillooet_NE","Lillooet","NE","Anabat_Chorus","Anabat_Chorus",2025-06-30,"EUMA",82,"SM2","Lillooet_NE|2025-06-30"
"4005","Lillooet_NE","Lillooet","NE","Anabat_Chorus","Anabat_Chorus",2025-06-30,"LABO",0,"SM2","Lillooet_NE|2025-06-30"
"4006","Lillooet_NE","Lillooet","NE","Anabat_Chorus","Anabat_Chorus",2025-06-30,"LACI",17,"SM2","Lillooet_NE|2025-06-30"
"4007","Lillooet_NE","Lillooet","NE","Anabat_Chorus","Anabat_Chorus",2025-06-30,"LANO",12,"SM2","Lillooet_NE|2025-06-30"
"4008","Lillooet_NE","Lillooet","NE","Anabat_Chorus","Anabat_Chorus",2025-06-30,"MYCA",0,"SM2","Lillooet_NE|2025-06-30"
"4009","Lillooet_NE","Lillooet","NE","Anabat_Chorus","Anabat_Chorus",2025-06-30,"MYCI",26,"SM2","Lillooet_NE|2025-06-30"
"4010","Lillooet_NE","Lillooet","NE","Anabat_Chorus","Anabat_Chorus",2025-06-30,"MYEV",1,"SM2","Lillooet_NE|2025-06-30"
"4011","Lillooet_NE","Lillooet","NE","Anabat_Chorus","Anabat_Chorus",2025-06-30,"MYLU",3,"SM2","Lillooet_NE|2025-06-30"
"4012","Lillooet_NE","Lillooet","NE","Anabat_Chorus","Anabat_Chorus",2025-06-30,"MYSE",0,"SM2","Lillooet_NE|2025-06-30"
"4013","Lillooet_NE","Lillooet","NE","Anabat_Chorus","Anabat_Chorus",2025-06-30,"MYTH",0,"SM2","Lillooet_NE|2025-06-30"
"4014","Lillooet_NE","Lillooet","NE","Anabat_Chorus","Anabat_Chorus",2025-06-30,"MYVO",0,"SM2","Lillooet_NE|2025-06-30"
"4015","Lillooet_NE","Lillooet","NE","Anabat_Chorus","Anabat_Chorus",2025-06-30,"MYYU",0,"SM2","Lillooet_NE|2025-06-30"
"4016","Lillooet_NE","Lillooet","NE","Anabat_Chorus","Anabat_Chorus",2025-06-30,"PAHE",0,"SM2","Lillooet_NE|2025-06-30"
"4017","Lillooet_NE","Lillooet","NE","Anabat_Chorus","Anabat_Chorus",2025-07-01,"ANPA",0,"SM2","Lillooet_NE|2025-07-01"
"4018","Lillooet_NE","Lillooet","NE","Anabat_Chorus","Anabat_Chorus",2025-07-01,"COTO",0,"SM2","Lillooet_NE|2025-07-01"
"4019","Lillooet_NE","Lillooet","NE","Anabat_Chorus","Anabat_Chorus",2025-07-01,"EPFU",20,"SM2","Lillooet_NE|2025-07-01"
"4020","Lillooet_NE","Lillooet","NE","Anabat_Chorus","Anabat_Chorus",2025-07-01,"EUMA",24,"SM2","Lillooet_NE|2025-07-01"
"4021","Lillooet_NE","Lillooet","NE","Anabat_Chorus","Anabat_Chorus",2025-07-01,"LABO",0,"SM2","Lillooet_NE|2025-07-01"
"4022","Lillooet_NE","Lillooet","NE","Anabat_Chorus","Anabat_Chorus",2025-07-01,"LACI",7,"SM2","Lillooet_NE|2025-07-01"
"4023","Lillooet_NE","Lillooet","NE","Anabat_Chorus","Anabat_Chorus",2025-07-01,"LANO",11,"SM2","Lillooet_NE|2025-07-01"
"4024","Lillooet_NE","Lillooet","NE","Anabat_Chorus","Anabat_Chorus",2025-07-01,"MYCA",0,"SM2","Lillooet_NE|2025-07-01"
"4025","Lillooet_NE","Lillooet","NE","Anabat_Chorus","Anabat_Chorus",2025-07-01,"MYCI",7,"SM2","Lillooet_NE|2025-07-01"
"4026","Lillooet_NE","Lillooet","NE","Anabat_Chorus","Anabat_Chorus",2025-07-01,"MYEV",0,"SM2","Lillooet_NE|2025-07-01"
"4027","Lillooet_NE","Lillooet","NE","Anabat_Chorus","Anabat_Chorus",2025-07-01,"MYLU",1,"SM2","Lillooet_NE|2025-07-01"
"4028","Lillooet_NE","Lillooet","NE","Anabat_Chorus","Anabat_Chorus",2025-07-01,"MYSE",0,"SM2","Lillooet_NE|2025-07-01"
"4029","Lillooet_NE","Lillooet","NE","Anabat_Chorus","Anabat_Chorus",2025-07-01,"MYTH",0,"SM2","Lillooet_NE|2025-07-01"
"4030","Lillooet_NE","Lillooet","NE","Anabat_Chorus","Anabat_Chorus",2025-07-01,"MYVO",0,"SM2","Lillooet_NE|2025-07-01"
"4031","Lillooet_NE","Lillooet","NE","Anabat_Chorus","Anabat_Chorus",2025-07-01,"MYYU",0,"SM2","Lillooet_NE|2025-07-01"
"4032","Lillooet_NE","Lillooet","NE","Anabat_Chorus","Anabat_Chorus",2025-07-01,"PAHE",0,"SM2","Lillooet_NE|2025-07-01"
"4033","Lillooet_NE","Lillooet","NE","Anabat_Chorus","Anabat_Chorus",2025-07-02,"ANPA",0,"SM2","Lillooet_NE|2025-07-02"
"4034","Lillooet_NE","Lillooet","NE","Anabat_Chorus","Anabat_Chorus",2025-07-02,"COTO",0,"SM2","Lillooet_NE|2025-07-02"
"4035","Lillooet_NE","Lillooet","NE","Anabat_Chorus","Anabat_Chorus",2025-07-02,"EPFU",2,"SM2","Lillooet_NE|2025-07-02"
"4036","Lillooet_NE","Lillooet","NE","Anabat_Chorus","Anabat_Chorus",2025-07-02,"EUMA",5,"SM2","Lillooet_NE|2025-07-02"
"4037","Lillooet_NE","Lillooet","NE","Anabat_Chorus","Anabat_Chorus",2025-07-02,"LABO",0,"SM2","Lillooet_NE|2025-07-02"
"4038","Lillooet_NE","Lillooet","NE","Anabat_Chorus","Anabat_Chorus",2025-07-02,"LACI",8,"SM2","Lillooet_NE|2025-07-02"
"4039","Lillooet_NE","Lillooet","NE","Anabat_Chorus","Anabat_Chorus",2025-07-02,"LANO",6,"SM2","Lillooet_NE|2025-07-02"
"4040","Lillooet_NE","Lillooet","NE","Anabat_Chorus","Anabat_Chorus",2025-07-02,"MYCA",0,"SM2","Lillooet_NE|2025-07-02"
"4041","Lillooet_NE","Lillooet","NE","Anabat_Chorus","Anabat_Chorus",2025-07-02,"MYCI",2,"SM2","Lillooet_NE|2025-07-02"
"4042","Lillooet_NE","Lillooet","NE","Anabat_Chorus","Anabat_Chorus",2025-07-02,"MYEV",0,"SM2","Lillooet_NE|2025-07-02"
"4043","Lillooet_NE","Lillooet","NE","Anabat_Chorus","Anabat_Chorus",2025-07-02,"MYLU",0,"SM2","Lillooet_NE|2025-07-02"
"4044","Lillooet_NE","Lillooet","NE","Anabat_Chorus","Anabat_Chorus",2025-07-02,"MYSE",0,"SM2","Lillooet_NE|2025-07-02"
"4045","Lillooet_NE","Lillooet","NE","Anabat_Chorus","Anabat_Chorus",2025-07-02,"MYTH",0,"SM2","Lillooet_NE|2025-07-02"
"4046","Lillooet_NE","Lillooet","NE","Anabat_Chorus","Anabat_Chorus",2025-07-02,"MYVO",0,"SM2","Lillooet_NE|2025-07-02"
"4047","Lillooet_NE","Lillooet","NE","Anabat_Chorus","Anabat_Chorus",2025-07-02,"MYYU",0,"SM2","Lillooet_NE|2025-07-02"
"4048","Lillooet_NE","Lillooet","NE","Anabat_Chorus","Anabat_Chorus",2025-07-02,"PAHE",0,"SM2","Lillooet_NE|2025-07-02"
"4049","Lillooet_NE","Lillooet","NE","Anabat_Chorus","Anabat_Chorus",2025-07-03,"ANPA",0,"SM2","Lillooet_NE|2025-07-03"
"4050","Lillooet_NE","Lillooet","NE","Anabat_Chorus","Anabat_Chorus",2025-07-03,"COTO",0,"SM2","Lillooet_NE|2025-07-03"
"4051","Lillooet_NE","Lillooet","NE","Anabat_Chorus","Anabat_Chorus",2025-07-03,"EPFU",0,"SM2","Lillooet_NE|2025-07-03"
"4052","Lillooet_NE","Lillooet","NE","Anabat_Chorus","Anabat_Chorus",2025-07-03,"EUMA",25,"SM2","Lillooet_NE|2025-07-03"
"4053","Lillooet_NE","Lillooet","NE","Anabat_Chorus","Anabat_Chorus",2025-07-03,"LABO",0,"SM2","Lillooet_NE|2025-07-03"
"4054","Lillooet_NE","Lillooet","NE","Anabat_Chorus","Anabat_Chorus",2025-07-03,"LACI",1,"SM2","Lillooet_NE|2025-07-03"
"4055","Lillooet_NE","Lillooet","NE","Anabat_Chorus","Anabat_Chorus",2025-07-03,"LANO",4,"SM2","Lillooet_NE|2025-07-03"
"4056","Lillooet_NE","Lillooet","NE","Anabat_Chorus","Anabat_Chorus",2025-07-03,"MYCA",1,"SM2","Lillooet_NE|2025-07-03"
"4057","Lillooet_NE","Lillooet","NE","Anabat_Chorus","Anabat_Chorus",2025-07-03,"MYCI",7,"SM2","Lillooet_NE|2025-07-03"
"4058","Lillooet_NE","Lillooet","NE","Anabat_Chorus","Anabat_Chorus",2025-07-03,"MYEV",0,"SM2","Lillooet_NE|2025-07-03"
"4059","Lillooet_NE","Lillooet","NE","Anabat_Chorus","Anabat_Chorus",2025-07-03,"MYLU",2,"SM2","Lillooet_NE|2025-07-03"
"4060","Lillooet_NE","Lillooet","NE","Anabat_Chorus","Anabat_Chorus",2025-07-03,"MYSE",0,"SM2","Lillooet_NE|2025-07-03"
"4061","Lillooet_NE","Lillooet","NE","Anabat_Chorus","Anabat_Chorus",2025-07-03,"MYTH",0,"SM2","Lillooet_NE|2025-07-03"
"4062","Lillooet_NE","Lillooet","NE","Anabat_Chorus","Anabat_Chorus",2025-07-03,"MYVO",0,"SM2","Lillooet_NE|2025-07-03"
"4063","Lillooet_NE","Lillooet","NE","Anabat_Chorus","Anabat_Chorus",2025-07-03,"MYYU",0,"SM2","Lillooet_NE|2025-07-03"
"4064","Lillooet_NE","Lillooet","NE","Anabat_Chorus","Anabat_Chorus",2025-07-03,"PAHE",0,"SM2","Lillooet_NE|2025-07-03"
"4065","Lillooet_NE","Lillooet","NE","Anabat_Chorus","Anabat_Chorus",2025-07-04,"ANPA",0,"SM2","Lillooet_NE|2025-07-04"
"4066","Lillooet_NE","Lillooet","NE","Anabat_Chorus","Anabat_Chorus",2025-07-04,"COTO",0,"SM2","Lillooet_NE|2025-07-04"
"4067","Lillooet_NE","Lillooet","NE","Anabat_Chorus","Anabat_Chorus",2025-07-04,"EPFU",5,"SM2","Lillooet_NE|2025-07-04"
"4068","Lillooet_NE","Lillooet","NE","Anabat_Chorus","Anabat_Chorus",2025-07-04,"EUMA",0,"SM2","Lillooet_NE|2025-07-04"
"4069","Lillooet_NE","Lillooet","NE","Anabat_Chorus","Anabat_Chorus",2025-07-04,"LABO",0,"SM2","Lillooet_NE|2025-07-04"
"4070","Lillooet_NE","Lillooet","NE","Anabat_Chorus","Anabat_Chorus",2025-07-04,"LACI",5,"SM2","Lillooet_NE|2025-07-04"
"4071","Lillooet_NE","Lillooet","NE","Anabat_Chorus","Anabat_Chorus",2025-07-04,"LANO",4,"SM2","Lillooet_NE|2025-07-04"
"4072","Lillooet_NE","Lillooet","NE","Anabat_Chorus","Anabat_Chorus",2025-07-04,"MYCA",1,"SM2","Lillooet_NE|2025-07-04"
"4073","Lillooet_NE","Lillooet","NE","Anabat_Chorus","Anabat_Chorus",2025-07-04,"MYCI",3,"SM2","Lillooet_NE|2025-07-04"
"4074","Lillooet_NE","Lillooet","NE","Anabat_Chorus","Anabat_Chorus",2025-07-04,"MYEV",0,"SM2","Lillooet_NE|2025-07-04"
"4075","Lillooet_NE","Lillooet","NE","Anabat_Chorus","Anabat_Chorus",2025-07-04,"MYLU",1,"SM2","Lillooet_NE|2025-07-04"
"4076","Lillooet_NE","Lillooet","NE","Anabat_Chorus","Anabat_Chorus",2025-07-04,"MYSE",0,"SM2","Lillooet_NE|2025-07-04"
"4077","Lillooet_NE","Lillooet","NE","Anabat_Chorus","Anabat_Chorus",2025-07-04,"MYTH",1,"SM2","Lillooet_NE|2025-07-04"
"4078","Lillooet_NE","Lillooet","NE","Anabat_Chorus","Anabat_Chorus",2025-07-04,"MYVO",4,"SM2","Lillooet_NE|2025-07-04"
"4079","Lillooet_NE","Lillooet","NE","Anabat_Chorus","Anabat_Chorus",2025-07-04,"MYYU",0,"SM2","Lillooet_NE|2025-07-04"
"4080","Lillooet_NE","Lillooet","NE","Anabat_Chorus","Anabat_Chorus",2025-07-04,"PAHE",0,"SM2","Lillooet_NE|2025-07-04"
"4081","Lillooet_NE","Lillooet","NE","Anabat_Chorus","Anabat_Chorus",2025-07-05,"ANPA",0,"SM2","Lillooet_NE|2025-07-05"
"4082","Lillooet_NE","Lillooet","NE","Anabat_Chorus","Anabat_Chorus",2025-07-05,"COTO",0,"SM2","Lillooet_NE|2025-07-05"
"4083","Lillooet_NE","Lillooet","NE","Anabat_Chorus","Anabat_Chorus",2025-07-05,"EPFU",1,"SM2","Lillooet_NE|2025-07-05"
"4084","Lillooet_NE","Lillooet","NE","Anabat_Chorus","Anabat_Chorus",2025-07-05,"EUMA",0,"SM2","Lillooet_NE|2025-07-05"
"4085","Lillooet_NE","Lillooet","NE","Anabat_Chorus","Anabat_Chorus",2025-07-05,"LABO",0,"SM2","Lillooet_NE|2025-07-05"
"4086","Lillooet_NE","Lillooet","NE","Anabat_Chorus","Anabat_Chorus",2025-07-05,"LACI",3,"SM2","Lillooet_NE|2025-07-05"
"4087","Lillooet_NE","Lillooet","NE","Anabat_Chorus","Anabat_Chorus",2025-07-05,"LANO",8,"SM2","Lillooet_NE|2025-07-05"
"4088","Lillooet_NE","Lillooet","NE","Anabat_Chorus","Anabat_Chorus",2025-07-05,"MYCA",0,"SM2","Lillooet_NE|2025-07-05"
"4089","Lillooet_NE","Lillooet","NE","Anabat_Chorus","Anabat_Chorus",2025-07-05,"MYCI",2,"SM2","Lillooet_NE|2025-07-05"
"4090","Lillooet_NE","Lillooet","NE","Anabat_Chorus","Anabat_Chorus",2025-07-05,"MYEV",0,"SM2","Lillooet_NE|2025-07-05"
"4091","Lillooet_NE","Lillooet","NE","Anabat_Chorus","Anabat_Chorus",2025-07-05,"MYLU",1,"SM2","Lillooet_NE|2025-07-05"
"4092","Lillooet_NE","Lillooet","NE","Anabat_Chorus","Anabat_Chorus",2025-07-05,"MYSE",0,"SM2","Lillooet_NE|2025-07-05"
"4093","Lillooet_NE","Lillooet","NE","Anabat_Chorus","Anabat_Chorus",2025-07-05,"MYTH",0,"SM2","Lillooet_NE|2025-07-05"
"4094","Lillooet_NE","Lillooet","NE","Anabat_Chorus","Anabat_Chorus",2025-07-05,"MYVO",0,"SM2","Lillooet_NE|2025-07-05"
"4095","Lillooet_NE","Lillooet","NE","Anabat_Chorus","Anabat_Chorus",2025-07-05,"MYYU",0,"SM2","Lillooet_NE|2025-07-05"
"4096","Lillooet_NE","Lillooet","NE","Anabat_Chorus","Anabat_Chorus",2025-07-05,"PAHE",0,"SM2","Lillooet_NE|2025-07-05"
"4097","Lillooet_NE","Lillooet","NE","Anabat_Chorus","Anabat_Chorus",2025-07-06,"ANPA",0,"SM2","Lillooet_NE|2025-07-06"
"4098","Lillooet_NE","Lillooet","NE","Anabat_Chorus","Anabat_Chorus",2025-07-06,"COTO",0,"SM2","Lillooet_NE|2025-07-06"
"4099","Lillooet_NE","Lillooet","NE","Anabat_Chorus","Anabat_Chorus",2025-07-06,"EPFU",2,"SM2","Lillooet_NE|2025-07-06"
"4100","Lillooet_NE","Lillooet","NE","Anabat_Chorus","Anabat_Chorus",2025-07-06,"EUMA",19,"SM2","Lillooet_NE|2025-07-06"
"4101","Lillooet_NE","Lillooet","NE","Anabat_Chorus","Anabat_Chorus",2025-07-06,"LABO",0,"SM2","Lillooet_NE|2025-07-06"
"4102","Lillooet_NE","Lillooet","NE","Anabat_Chorus","Anabat_Chorus",2025-07-06,"LACI",0,"SM2","Lillooet_NE|2025-07-06"
"4103","Lillooet_NE","Lillooet","NE","Anabat_Chorus","Anabat_Chorus",2025-07-06,"LANO",0,"SM2","Lillooet_NE|2025-07-06"
"4104","Lillooet_NE","Lillooet","NE","Anabat_Chorus","Anabat_Chorus",2025-07-06,"MYCA",0,"SM2","Lillooet_NE|2025-07-06"
"4105","Lillooet_NE","Lillooet","NE","Anabat_Chorus","Anabat_Chorus",2025-07-06,"MYCI",14,"SM2","Lillooet_NE|2025-07-06"
"4106","Lillooet_NE","Lillooet","NE","Anabat_Chorus","Anabat_Chorus",2025-07-06,"MYEV",0,"SM2","Lillooet_NE|2025-07-06"
"4107","Lillooet_NE","Lillooet","NE","Anabat_Chorus","Anabat_Chorus",2025-07-06,"MYLU",2,"SM2","Lillooet_NE|2025-07-06"
"4108","Lillooet_NE","Lillooet","NE","Anabat_Chorus","Anabat_Chorus",2025-07-06,"MYSE",0,"SM2","Lillooet_NE|2025-07-06"
"4109","Lillooet_NE","Lillooet","NE","Anabat_Chorus","Anabat_Chorus",2025-07-06,"MYTH",0,"SM2","Lillooet_NE|2025-07-06"
"4110","Lillooet_NE","Lillooet","NE","Anabat_Chorus","Anabat_Chorus",2025-07-06,"MYVO",0,"SM2","Lillooet_NE|2025-07-06"
"4111","Lillooet_NE","Lillooet","NE","Anabat_Chorus","Anabat_Chorus",2025-07-06,"MYYU",0,"SM2","Lillooet_NE|2025-07-06"
"4112","Lillooet_NE","Lillooet","NE","Anabat_Chorus","Anabat_Chorus",2025-07-06,"PAHE",0,"SM2","Lillooet_NE|2025-07-06"
"4113","Lillooet_NE","Lillooet","NE","Anabat_Chorus","Anabat_Chorus",2025-07-07,"ANPA",0,"SM2","Lillooet_NE|2025-07-07"
"4114","Lillooet_NE","Lillooet","NE","Anabat_Chorus","Anabat_Chorus",2025-07-07,"COTO",0,"SM2","Lillooet_NE|2025-07-07"
"4115","Lillooet_NE","Lillooet","NE","Anabat_Chorus","Anabat_Chorus",2025-07-07,"EPFU",36,"SM2","Lillooet_NE|2025-07-07"
"4116","Lillooet_NE","Lillooet","NE","Anabat_Chorus","Anabat_Chorus",2025-07-07,"EUMA",51,"SM2","Lillooet_NE|2025-07-07"
"4117","Lillooet_NE","Lillooet","NE","Anabat_Chorus","Anabat_Chorus",2025-07-07,"LABO",0,"SM2","Lillooet_NE|2025-07-07"
"4118","Lillooet_NE","Lillooet","NE","Anabat_Chorus","Anabat_Chorus",2025-07-07,"LACI",16,"SM2","Lillooet_NE|2025-07-07"
"4119","Lillooet_NE","Lillooet","NE","Anabat_Chorus","Anabat_Chorus",2025-07-07,"LANO",14,"SM2","Lillooet_NE|2025-07-07"
"4120","Lillooet_NE","Lillooet","NE","Anabat_Chorus","Anabat_Chorus",2025-07-07,"MYCA",0,"SM2","Lillooet_NE|2025-07-07"
"4121","Lillooet_NE","Lillooet","NE","Anabat_Chorus","Anabat_Chorus",2025-07-07,"MYCI",90,"SM2","Lillooet_NE|2025-07-07"
"4122","Lillooet_NE","Lillooet","NE","Anabat_Chorus","Anabat_Chorus",2025-07-07,"MYEV",0,"SM2","Lillooet_NE|2025-07-07"
"4123","Lillooet_NE","Lillooet","NE","Anabat_Chorus","Anabat_Chorus",2025-07-07,"MYLU",31,"SM2","Lillooet_NE|2025-07-07"
"4124","Lillooet_NE","Lillooet","NE","Anabat_Chorus","Anabat_Chorus",2025-07-07,"MYSE",1,"SM2","Lillooet_NE|2025-07-07"
"4125","Lillooet_NE","Lillooet","NE","Anabat_Chorus","Anabat_Chorus",2025-07-07,"MYTH",1,"SM2","Lillooet_NE|2025-07-07"
"4126","Lillooet_NE","Lillooet","NE","Anabat_Chorus","Anabat_Chorus",2025-07-07,"MYVO",10,"SM2","Lillooet_NE|2025-07-07"
"4127","Lillooet_NE","Lillooet","NE","Anabat_Chorus","Anabat_Chorus",2025-07-07,"MYYU",1,"SM2","Lillooet_NE|2025-07-07"
"4128","Lillooet_NE","Lillooet","NE","Anabat_Chorus","Anabat_Chorus",2025-07-07,"PAHE",0,"SM2","Lillooet_NE|2025-07-07"
"4129","Lillooet_SW","Lillooet","SW","SM2","Other_FS",2025-06-12,"ANPA",0,"SM2","Lillooet_SW|2025-06-12"
"4130","Lillooet_SW","Lillooet","SW","SM2","Other_FS",2025-06-12,"COTO",0,"SM2","Lillooet_SW|2025-06-12"
"4131","Lillooet_SW","Lillooet","SW","SM2","Other_FS",2025-06-12,"EPFU",0,"SM2","Lillooet_SW|2025-06-12"
"4132","Lillooet_SW","Lillooet","SW","SM2","Other_FS",2025-06-12,"EUMA",0,"SM2","Lillooet_SW|2025-06-12"
"4133","Lillooet_SW","Lillooet","SW","SM2","Other_FS",2025-06-12,"LABO",0,"SM2","Lillooet_SW|2025-06-12"
"4134","Lillooet_SW","Lillooet","SW","SM2","Other_FS",2025-06-12,"LACI",3,"SM2","Lillooet_SW|2025-06-12"
"4135","Lillooet_SW","Lillooet","SW","SM2","Other_FS",2025-06-12,"LANO",8,"SM2","Lillooet_SW|2025-06-12"
"4136","Lillooet_SW","Lillooet","SW","SM2","Other_FS",2025-06-12,"MYCA",2,"SM2","Lillooet_SW|2025-06-12"
"4137","Lillooet_SW","Lillooet","SW","SM2","Other_FS",2025-06-12,"MYCI",8,"SM2","Lillooet_SW|2025-06-12"
"4138","Lillooet_SW","Lillooet","SW","SM2","Other_FS",2025-06-12,"MYEV",0,"SM2","Lillooet_SW|2025-06-12"
"4139","Lillooet_SW","Lillooet","SW","SM2","Other_FS",2025-06-12,"MYLU",1,"SM2","Lillooet_SW|2025-06-12"
"4140","Lillooet_SW","Lillooet","SW","SM2","Other_FS",2025-06-12,"MYSE",0,"SM2","Lillooet_SW|2025-06-12"
"4141","Lillooet_SW","Lillooet","SW","SM2","Other_FS",2025-06-12,"MYTH",0,"SM2","Lillooet_SW|2025-06-12"
"4142","Lillooet_SW","Lillooet","SW","SM2","Other_FS",2025-06-12,"MYVO",0,"SM2","Lillooet_SW|2025-06-12"
"4143","Lillooet_SW","Lillooet","SW","SM2","Other_FS",2025-06-12,"MYYU",0,"SM2","Lillooet_SW|2025-06-12"
"4144","Lillooet_SW","Lillooet","SW","SM2","Other_FS",2025-06-12,"PAHE",0,"SM2","Lillooet_SW|2025-06-12"
"4145","Lillooet_SW","Lillooet","SW","SM2","Other_FS",2025-06-13,"ANPA",0,"SM2","Lillooet_SW|2025-06-13"
"4146","Lillooet_SW","Lillooet","SW","SM2","Other_FS",2025-06-13,"COTO",0,"SM2","Lillooet_SW|2025-06-13"
"4147","Lillooet_SW","Lillooet","SW","SM2","Other_FS",2025-06-13,"EPFU",3,"SM2","Lillooet_SW|2025-06-13"
"4148","Lillooet_SW","Lillooet","SW","SM2","Other_FS",2025-06-13,"EUMA",2,"SM2","Lillooet_SW|2025-06-13"
"4149","Lillooet_SW","Lillooet","SW","SM2","Other_FS",2025-06-13,"LABO",0,"SM2","Lillooet_SW|2025-06-13"
"4150","Lillooet_SW","Lillooet","SW","SM2","Other_FS",2025-06-13,"LACI",1,"SM2","Lillooet_SW|2025-06-13"
"4151","Lillooet_SW","Lillooet","SW","SM2","Other_FS",2025-06-13,"LANO",7,"SM2","Lillooet_SW|2025-06-13"
"4152","Lillooet_SW","Lillooet","SW","SM2","Other_FS",2025-06-13,"MYCA",19,"SM2","Lillooet_SW|2025-06-13"
"4153","Lillooet_SW","Lillooet","SW","SM2","Other_FS",2025-06-13,"MYCI",21,"SM2","Lillooet_SW|2025-06-13"
"4154","Lillooet_SW","Lillooet","SW","SM2","Other_FS",2025-06-13,"MYEV",0,"SM2","Lillooet_SW|2025-06-13"
"4155","Lillooet_SW","Lillooet","SW","SM2","Other_FS",2025-06-13,"MYLU",4,"SM2","Lillooet_SW|2025-06-13"
"4156","Lillooet_SW","Lillooet","SW","SM2","Other_FS",2025-06-13,"MYSE",0,"SM2","Lillooet_SW|2025-06-13"
"4157","Lillooet_SW","Lillooet","SW","SM2","Other_FS",2025-06-13,"MYTH",0,"SM2","Lillooet_SW|2025-06-13"
"4158","Lillooet_SW","Lillooet","SW","SM2","Other_FS",2025-06-13,"MYVO",1,"SM2","Lillooet_SW|2025-06-13"
"4159","Lillooet_SW","Lillooet","SW","SM2","Other_FS",2025-06-13,"MYYU",0,"SM2","Lillooet_SW|2025-06-13"
"4160","Lillooet_SW","Lillooet","SW","SM2","Other_FS",2025-06-13,"PAHE",0,"SM2","Lillooet_SW|2025-06-13"
"4161","Lillooet_SW","Lillooet","SW","SM2","Other_FS",2025-06-14,"ANPA",0,"SM2","Lillooet_SW|2025-06-14"
"4162","Lillooet_SW","Lillooet","SW","SM2","Other_FS",2025-06-14,"COTO",1,"SM2","Lillooet_SW|2025-06-14"
"4163","Lillooet_SW","Lillooet","SW","SM2","Other_FS",2025-06-14,"EPFU",39,"SM2","Lillooet_SW|2025-06-14"
"4164","Lillooet_SW","Lillooet","SW","SM2","Other_FS",2025-06-14,"EUMA",2,"SM2","Lillooet_SW|2025-06-14"
"4165","Lillooet_SW","Lillooet","SW","SM2","Other_FS",2025-06-14,"LABO",0,"SM2","Lillooet_SW|2025-06-14"
"4166","Lillooet_SW","Lillooet","SW","SM2","Other_FS",2025-06-14,"LACI",1,"SM2","Lillooet_SW|2025-06-14"
"4167","Lillooet_SW","Lillooet","SW","SM2","Other_FS",2025-06-14,"LANO",14,"SM2","Lillooet_SW|2025-06-14"
"4168","Lillooet_SW","Lillooet","SW","SM2","Other_FS",2025-06-14,"MYCA",27,"SM2","Lillooet_SW|2025-06-14"
"4169","Lillooet_SW","Lillooet","SW","SM2","Other_FS",2025-06-14,"MYCI",41,"SM2","Lillooet_SW|2025-06-14"
"4170","Lillooet_SW","Lillooet","SW","SM2","Other_FS",2025-06-14,"MYEV",6,"SM2","Lillooet_SW|2025-06-14"
"4171","Lillooet_SW","Lillooet","SW","SM2","Other_FS",2025-06-14,"MYLU",4,"SM2","Lillooet_SW|2025-06-14"
"4172","Lillooet_SW","Lillooet","SW","SM2","Other_FS",2025-06-14,"MYSE",0,"SM2","Lillooet_SW|2025-06-14"
"4173","Lillooet_SW","Lillooet","SW","SM2","Other_FS",2025-06-14,"MYTH",0,"SM2","Lillooet_SW|2025-06-14"
"4174","Lillooet_SW","Lillooet","SW","SM2","Other_FS",2025-06-14,"MYVO",2,"SM2","Lillooet_SW|2025-06-14"
"4175","Lillooet_SW","Lillooet","SW","SM2","Other_FS",2025-06-14,"MYYU",5,"SM2","Lillooet_SW|2025-06-14"
"4176","Lillooet_SW","Lillooet","SW","SM2","Other_FS",2025-06-14,"PAHE",0,"SM2","Lillooet_SW|2025-06-14"
"4177","Lillooet_SW","Lillooet","SW","SM2","Other_FS",2025-06-15,"ANPA",0,"SM2","Lillooet_SW|2025-06-15"
"4178","Lillooet_SW","Lillooet","SW","SM2","Other_FS",2025-06-15,"COTO",0,"SM2","Lillooet_SW|2025-06-15"
"4179","Lillooet_SW","Lillooet","SW","SM2","Other_FS",2025-06-15,"EPFU",43,"SM2","Lillooet_SW|2025-06-15"
"4180","Lillooet_SW","Lillooet","SW","SM2","Other_FS",2025-06-15,"EUMA",0,"SM2","Lillooet_SW|2025-06-15"
"4181","Lillooet_SW","Lillooet","SW","SM2","Other_FS",2025-06-15,"LABO",0,"SM2","Lillooet_SW|2025-06-15"
"4182","Lillooet_SW","Lillooet","SW","SM2","Other_FS",2025-06-15,"LACI",7,"SM2","Lillooet_SW|2025-06-15"
"4183","Lillooet_SW","Lillooet","SW","SM2","Other_FS",2025-06-15,"LANO",18,"SM2","Lillooet_SW|2025-06-15"
"4184","Lillooet_SW","Lillooet","SW","SM2","Other_FS",2025-06-15,"MYCA",14,"SM2","Lillooet_SW|2025-06-15"
"4185","Lillooet_SW","Lillooet","SW","SM2","Other_FS",2025-06-15,"MYCI",29,"SM2","Lillooet_SW|2025-06-15"
"4186","Lillooet_SW","Lillooet","SW","SM2","Other_FS",2025-06-15,"MYEV",1,"SM2","Lillooet_SW|2025-06-15"
"4187","Lillooet_SW","Lillooet","SW","SM2","Other_FS",2025-06-15,"MYLU",7,"SM2","Lillooet_SW|2025-06-15"
"4188","Lillooet_SW","Lillooet","SW","SM2","Other_FS",2025-06-15,"MYSE",0,"SM2","Lillooet_SW|2025-06-15"
"4189","Lillooet_SW","Lillooet","SW","SM2","Other_FS",2025-06-15,"MYTH",1,"SM2","Lillooet_SW|2025-06-15"
"4190","Lillooet_SW","Lillooet","SW","SM2","Other_FS",2025-06-15,"MYVO",5,"SM2","Lillooet_SW|2025-06-15"
"4191","Lillooet_SW","Lillooet","SW","SM2","Other_FS",2025-06-15,"MYYU",0,"SM2","Lillooet_SW|2025-06-15"
"4192","Lillooet_SW","Lillooet","SW","SM2","Other_FS",2025-06-15,"PAHE",0,"SM2","Lillooet_SW|2025-06-15"
"4193","Lillooet_SW","Lillooet","SW","SM2","Other_FS",2025-06-16,"ANPA",0,"SM2","Lillooet_SW|2025-06-16"
"4194","Lillooet_SW","Lillooet","SW","SM2","Other_FS",2025-06-16,"COTO",0,"SM2","Lillooet_SW|2025-06-16"
"4195","Lillooet_SW","Lillooet","SW","SM2","Other_FS",2025-06-16,"EPFU",82,"SM2","Lillooet_SW|2025-06-16"
"4196","Lillooet_SW","Lillooet","SW","SM2","Other_FS",2025-06-16,"EUMA",0,"SM2","Lillooet_SW|2025-06-16"
"4197","Lillooet_SW","Lillooet","SW","SM2","Other_FS",2025-06-16,"LABO",0,"SM2","Lillooet_SW|2025-06-16"
"4198","Lillooet_SW","Lillooet","SW","SM2","Other_FS",2025-06-16,"LACI",16,"SM2","Lillooet_SW|2025-06-16"
"4199","Lillooet_SW","Lillooet","SW","SM2","Other_FS",2025-06-16,"LANO",37,"SM2","Lillooet_SW|2025-06-16"
"4200","Lillooet_SW","Lillooet","SW","SM2","Other_FS",2025-06-16,"MYCA",13,"SM2","Lillooet_SW|2025-06-16"
"4201","Lillooet_SW","Lillooet","SW","SM2","Other_FS",2025-06-16,"MYCI",34,"SM2","Lillooet_SW|2025-06-16"
"4202","Lillooet_SW","Lillooet","SW","SM2","Other_FS",2025-06-16,"MYEV",7,"SM2","Lillooet_SW|2025-06-16"
"4203","Lillooet_SW","Lillooet","SW","SM2","Other_FS",2025-06-16,"MYLU",4,"SM2","Lillooet_SW|2025-06-16"
"4204","Lillooet_SW","Lillooet","SW","SM2","Other_FS",2025-06-16,"MYSE",0,"SM2","Lillooet_SW|2025-06-16"
"4205","Lillooet_SW","Lillooet","SW","SM2","Other_FS",2025-06-16,"MYTH",0,"SM2","Lillooet_SW|2025-06-16"
"4206","Lillooet_SW","Lillooet","SW","SM2","Other_FS",2025-06-16,"MYVO",6,"SM2","Lillooet_SW|2025-06-16"
"4207","Lillooet_SW","Lillooet","SW","SM2","Other_FS",2025-06-16,"MYYU",0,"SM2","Lillooet_SW|2025-06-16"
"4208","Lillooet_SW","Lillooet","SW","SM2","Other_FS",2025-06-16,"PAHE",0,"SM2","Lillooet_SW|2025-06-16"
"4209","Lillooet_SW","Lillooet","SW","SM2","Other_FS",2025-06-17,"ANPA",0,"SM2","Lillooet_SW|2025-06-17"
"4210","Lillooet_SW","Lillooet","SW","SM2","Other_FS",2025-06-17,"COTO",1,"SM2","Lillooet_SW|2025-06-17"
"4211","Lillooet_SW","Lillooet","SW","SM2","Other_FS",2025-06-17,"EPFU",35,"SM2","Lillooet_SW|2025-06-17"
"4212","Lillooet_SW","Lillooet","SW","SM2","Other_FS",2025-06-17,"EUMA",4,"SM2","Lillooet_SW|2025-06-17"
"4213","Lillooet_SW","Lillooet","SW","SM2","Other_FS",2025-06-17,"LABO",0,"SM2","Lillooet_SW|2025-06-17"
"4214","Lillooet_SW","Lillooet","SW","SM2","Other_FS",2025-06-17,"LACI",23,"SM2","Lillooet_SW|2025-06-17"
"4215","Lillooet_SW","Lillooet","SW","SM2","Other_FS",2025-06-17,"LANO",24,"SM2","Lillooet_SW|2025-06-17"
"4216","Lillooet_SW","Lillooet","SW","SM2","Other_FS",2025-06-17,"MYCA",8,"SM2","Lillooet_SW|2025-06-17"
"4217","Lillooet_SW","Lillooet","SW","SM2","Other_FS",2025-06-17,"MYCI",32,"SM2","Lillooet_SW|2025-06-17"
"4218","Lillooet_SW","Lillooet","SW","SM2","Other_FS",2025-06-17,"MYEV",5,"SM2","Lillooet_SW|2025-06-17"
"4219","Lillooet_SW","Lillooet","SW","SM2","Other_FS",2025-06-17,"MYLU",3,"SM2","Lillooet_SW|2025-06-17"
"4220","Lillooet_SW","Lillooet","SW","SM2","Other_FS",2025-06-17,"MYSE",0,"SM2","Lillooet_SW|2025-06-17"
"4221","Lillooet_SW","Lillooet","SW","SM2","Other_FS",2025-06-17,"MYTH",1,"SM2","Lillooet_SW|2025-06-17"
"4222","Lillooet_SW","Lillooet","SW","SM2","Other_FS",2025-06-17,"MYVO",3,"SM2","Lillooet_SW|2025-06-17"
"4223","Lillooet_SW","Lillooet","SW","SM2","Other_FS",2025-06-17,"MYYU",2,"SM2","Lillooet_SW|2025-06-17"
"4224","Lillooet_SW","Lillooet","SW","SM2","Other_FS",2025-06-17,"PAHE",0,"SM2","Lillooet_SW|2025-06-17"
"4225","Lillooet_SW","Lillooet","SW","SM2","Other_FS",2025-06-18,"ANPA",0,"SM2","Lillooet_SW|2025-06-18"
"4226","Lillooet_SW","Lillooet","SW","SM2","Other_FS",2025-06-18,"COTO",0,"SM2","Lillooet_SW|2025-06-18"
"4227","Lillooet_SW","Lillooet","SW","SM2","Other_FS",2025-06-18,"EPFU",1,"SM2","Lillooet_SW|2025-06-18"
"4228","Lillooet_SW","Lillooet","SW","SM2","Other_FS",2025-06-18,"EUMA",0,"SM2","Lillooet_SW|2025-06-18"
"4229","Lillooet_SW","Lillooet","SW","SM2","Other_FS",2025-06-18,"LABO",0,"SM2","Lillooet_SW|2025-06-18"
"4230","Lillooet_SW","Lillooet","SW","SM2","Other_FS",2025-06-18,"LACI",2,"SM2","Lillooet_SW|2025-06-18"
"4231","Lillooet_SW","Lillooet","SW","SM2","Other_FS",2025-06-18,"LANO",2,"SM2","Lillooet_SW|2025-06-18"
"4232","Lillooet_SW","Lillooet","SW","SM2","Other_FS",2025-06-18,"MYCA",16,"SM2","Lillooet_SW|2025-06-18"
"4233","Lillooet_SW","Lillooet","SW","SM2","Other_FS",2025-06-18,"MYCI",18,"SM2","Lillooet_SW|2025-06-18"
"4234","Lillooet_SW","Lillooet","SW","SM2","Other_FS",2025-06-18,"MYEV",2,"SM2","Lillooet_SW|2025-06-18"
"4235","Lillooet_SW","Lillooet","SW","SM2","Other_FS",2025-06-18,"MYLU",1,"SM2","Lillooet_SW|2025-06-18"
"4236","Lillooet_SW","Lillooet","SW","SM2","Other_FS",2025-06-18,"MYSE",0,"SM2","Lillooet_SW|2025-06-18"
"4237","Lillooet_SW","Lillooet","SW","SM2","Other_FS",2025-06-18,"MYTH",0,"SM2","Lillooet_SW|2025-06-18"
"4238","Lillooet_SW","Lillooet","SW","SM2","Other_FS",2025-06-18,"MYVO",3,"SM2","Lillooet_SW|2025-06-18"
"4239","Lillooet_SW","Lillooet","SW","SM2","Other_FS",2025-06-18,"MYYU",0,"SM2","Lillooet_SW|2025-06-18"
"4240","Lillooet_SW","Lillooet","SW","SM2","Other_FS",2025-06-18,"PAHE",0,"SM2","Lillooet_SW|2025-06-18"
"4241","Lillooet_SW","Lillooet","SW","SM2","Other_FS",2025-06-19,"ANPA",0,"SM2","Lillooet_SW|2025-06-19"
"4242","Lillooet_SW","Lillooet","SW","SM2","Other_FS",2025-06-19,"COTO",2,"SM2","Lillooet_SW|2025-06-19"
"4243","Lillooet_SW","Lillooet","SW","SM2","Other_FS",2025-06-19,"EPFU",30,"SM2","Lillooet_SW|2025-06-19"
"4244","Lillooet_SW","Lillooet","SW","SM2","Other_FS",2025-06-19,"EUMA",0,"SM2","Lillooet_SW|2025-06-19"
"4245","Lillooet_SW","Lillooet","SW","SM2","Other_FS",2025-06-19,"LABO",0,"SM2","Lillooet_SW|2025-06-19"
"4246","Lillooet_SW","Lillooet","SW","SM2","Other_FS",2025-06-19,"LACI",10,"SM2","Lillooet_SW|2025-06-19"
"4247","Lillooet_SW","Lillooet","SW","SM2","Other_FS",2025-06-19,"LANO",23,"SM2","Lillooet_SW|2025-06-19"
"4248","Lillooet_SW","Lillooet","SW","SM2","Other_FS",2025-06-19,"MYCA",13,"SM2","Lillooet_SW|2025-06-19"
"4249","Lillooet_SW","Lillooet","SW","SM2","Other_FS",2025-06-19,"MYCI",40,"SM2","Lillooet_SW|2025-06-19"
"4250","Lillooet_SW","Lillooet","SW","SM2","Other_FS",2025-06-19,"MYEV",6,"SM2","Lillooet_SW|2025-06-19"
"4251","Lillooet_SW","Lillooet","SW","SM2","Other_FS",2025-06-19,"MYLU",3,"SM2","Lillooet_SW|2025-06-19"
"4252","Lillooet_SW","Lillooet","SW","SM2","Other_FS",2025-06-19,"MYSE",0,"SM2","Lillooet_SW|2025-06-19"
"4253","Lillooet_SW","Lillooet","SW","SM2","Other_FS",2025-06-19,"MYTH",0,"SM2","Lillooet_SW|2025-06-19"
"4254","Lillooet_SW","Lillooet","SW","SM2","Other_FS",2025-06-19,"MYVO",1,"SM2","Lillooet_SW|2025-06-19"
"4255","Lillooet_SW","Lillooet","SW","SM2","Other_FS",2025-06-19,"MYYU",3,"SM2","Lillooet_SW|2025-06-19"
"4256","Lillooet_SW","Lillooet","SW","SM2","Other_FS",2025-06-19,"PAHE",0,"SM2","Lillooet_SW|2025-06-19"
"4257","Lillooet_SW","Lillooet","SW","SM2","Other_FS",2025-06-21,"ANPA",0,"SM2","Lillooet_SW|2025-06-21"
"4258","Lillooet_SW","Lillooet","SW","SM2","Other_FS",2025-06-21,"COTO",0,"SM2","Lillooet_SW|2025-06-21"
"4259","Lillooet_SW","Lillooet","SW","SM2","Other_FS",2025-06-21,"EPFU",11,"SM2","Lillooet_SW|2025-06-21"
"4260","Lillooet_SW","Lillooet","SW","SM2","Other_FS",2025-06-21,"EUMA",0,"SM2","Lillooet_SW|2025-06-21"
"4261","Lillooet_SW","Lillooet","SW","SM2","Other_FS",2025-06-21,"LABO",0,"SM2","Lillooet_SW|2025-06-21"
"4262","Lillooet_SW","Lillooet","SW","SM2","Other_FS",2025-06-21,"LACI",8,"SM2","Lillooet_SW|2025-06-21"
"4263","Lillooet_SW","Lillooet","SW","SM2","Other_FS",2025-06-21,"LANO",13,"SM2","Lillooet_SW|2025-06-21"
"4264","Lillooet_SW","Lillooet","SW","SM2","Other_FS",2025-06-21,"MYCA",3,"SM2","Lillooet_SW|2025-06-21"
"4265","Lillooet_SW","Lillooet","SW","SM2","Other_FS",2025-06-21,"MYCI",10,"SM2","Lillooet_SW|2025-06-21"
"4266","Lillooet_SW","Lillooet","SW","SM2","Other_FS",2025-06-21,"MYEV",4,"SM2","Lillooet_SW|2025-06-21"
"4267","Lillooet_SW","Lillooet","SW","SM2","Other_FS",2025-06-21,"MYLU",4,"SM2","Lillooet_SW|2025-06-21"
"4268","Lillooet_SW","Lillooet","SW","SM2","Other_FS",2025-06-21,"MYSE",0,"SM2","Lillooet_SW|2025-06-21"
"4269","Lillooet_SW","Lillooet","SW","SM2","Other_FS",2025-06-21,"MYTH",1,"SM2","Lillooet_SW|2025-06-21"
"4270","Lillooet_SW","Lillooet","SW","SM2","Other_FS",2025-06-21,"MYVO",1,"SM2","Lillooet_SW|2025-06-21"
"4271","Lillooet_SW","Lillooet","SW","SM2","Other_FS",2025-06-21,"MYYU",1,"SM2","Lillooet_SW|2025-06-21"
"4272","Lillooet_SW","Lillooet","SW","SM2","Other_FS",2025-06-21,"PAHE",0,"SM2","Lillooet_SW|2025-06-21"
"4273","Lillooet_SW","Lillooet","SW","SM2","Other_FS",2025-06-22,"ANPA",0,"SM2","Lillooet_SW|2025-06-22"
"4274","Lillooet_SW","Lillooet","SW","SM2","Other_FS",2025-06-22,"COTO",0,"SM2","Lillooet_SW|2025-06-22"
"4275","Lillooet_SW","Lillooet","SW","SM2","Other_FS",2025-06-22,"EPFU",9,"SM2","Lillooet_SW|2025-06-22"
"4276","Lillooet_SW","Lillooet","SW","SM2","Other_FS",2025-06-22,"EUMA",7,"SM2","Lillooet_SW|2025-06-22"
"4277","Lillooet_SW","Lillooet","SW","SM2","Other_FS",2025-06-22,"LABO",0,"SM2","Lillooet_SW|2025-06-22"
"4278","Lillooet_SW","Lillooet","SW","SM2","Other_FS",2025-06-22,"LACI",3,"SM2","Lillooet_SW|2025-06-22"
"4279","Lillooet_SW","Lillooet","SW","SM2","Other_FS",2025-06-22,"LANO",8,"SM2","Lillooet_SW|2025-06-22"
"4280","Lillooet_SW","Lillooet","SW","SM2","Other_FS",2025-06-22,"MYCA",14,"SM2","Lillooet_SW|2025-06-22"
"4281","Lillooet_SW","Lillooet","SW","SM2","Other_FS",2025-06-22,"MYCI",8,"SM2","Lillooet_SW|2025-06-22"
"4282","Lillooet_SW","Lillooet","SW","SM2","Other_FS",2025-06-22,"MYEV",3,"SM2","Lillooet_SW|2025-06-22"
"4283","Lillooet_SW","Lillooet","SW","SM2","Other_FS",2025-06-22,"MYLU",2,"SM2","Lillooet_SW|2025-06-22"
"4284","Lillooet_SW","Lillooet","SW","SM2","Other_FS",2025-06-22,"MYSE",0,"SM2","Lillooet_SW|2025-06-22"
"4285","Lillooet_SW","Lillooet","SW","SM2","Other_FS",2025-06-22,"MYTH",0,"SM2","Lillooet_SW|2025-06-22"
"4286","Lillooet_SW","Lillooet","SW","SM2","Other_FS",2025-06-22,"MYVO",0,"SM2","Lillooet_SW|2025-06-22"
"4287","Lillooet_SW","Lillooet","SW","SM2","Other_FS",2025-06-22,"MYYU",0,"SM2","Lillooet_SW|2025-06-22"
"4288","Lillooet_SW","Lillooet","SW","SM2","Other_FS",2025-06-22,"PAHE",0,"SM2","Lillooet_SW|2025-06-22"
"4289","Lillooet_SW","Lillooet","SW","SM2","Other_FS",2025-06-23,"ANPA",0,"SM2","Lillooet_SW|2025-06-23"
"4290","Lillooet_SW","Lillooet","SW","SM2","Other_FS",2025-06-23,"COTO",1,"SM2","Lillooet_SW|2025-06-23"
"4291","Lillooet_SW","Lillooet","SW","SM2","Other_FS",2025-06-23,"EPFU",40,"SM2","Lillooet_SW|2025-06-23"
"4292","Lillooet_SW","Lillooet","SW","SM2","Other_FS",2025-06-23,"EUMA",0,"SM2","Lillooet_SW|2025-06-23"
"4293","Lillooet_SW","Lillooet","SW","SM2","Other_FS",2025-06-23,"LABO",0,"SM2","Lillooet_SW|2025-06-23"
"4294","Lillooet_SW","Lillooet","SW","SM2","Other_FS",2025-06-23,"LACI",6,"SM2","Lillooet_SW|2025-06-23"
"4295","Lillooet_SW","Lillooet","SW","SM2","Other_FS",2025-06-23,"LANO",16,"SM2","Lillooet_SW|2025-06-23"
"4296","Lillooet_SW","Lillooet","SW","SM2","Other_FS",2025-06-23,"MYCA",13,"SM2","Lillooet_SW|2025-06-23"
"4297","Lillooet_SW","Lillooet","SW","SM2","Other_FS",2025-06-23,"MYCI",23,"SM2","Lillooet_SW|2025-06-23"
"4298","Lillooet_SW","Lillooet","SW","SM2","Other_FS",2025-06-23,"MYEV",0,"SM2","Lillooet_SW|2025-06-23"
"4299","Lillooet_SW","Lillooet","SW","SM2","Other_FS",2025-06-23,"MYLU",1,"SM2","Lillooet_SW|2025-06-23"
"4300","Lillooet_SW","Lillooet","SW","SM2","Other_FS",2025-06-23,"MYSE",0,"SM2","Lillooet_SW|2025-06-23"
"4301","Lillooet_SW","Lillooet","SW","SM2","Other_FS",2025-06-23,"MYTH",1,"SM2","Lillooet_SW|2025-06-23"
"4302","Lillooet_SW","Lillooet","SW","SM2","Other_FS",2025-06-23,"MYVO",1,"SM2","Lillooet_SW|2025-06-23"
"4303","Lillooet_SW","Lillooet","SW","SM2","Other_FS",2025-06-23,"MYYU",0,"SM2","Lillooet_SW|2025-06-23"
"4304","Lillooet_SW","Lillooet","SW","SM2","Other_FS",2025-06-23,"PAHE",0,"SM2","Lillooet_SW|2025-06-23"
"4305","Lillooet_SW","Lillooet","SW","SM2","Other_FS",2025-06-24,"ANPA",0,"SM2","Lillooet_SW|2025-06-24"
"4306","Lillooet_SW","Lillooet","SW","SM2","Other_FS",2025-06-24,"COTO",0,"SM2","Lillooet_SW|2025-06-24"
"4307","Lillooet_SW","Lillooet","SW","SM2","Other_FS",2025-06-24,"EPFU",79,"SM2","Lillooet_SW|2025-06-24"
"4308","Lillooet_SW","Lillooet","SW","SM2","Other_FS",2025-06-24,"EUMA",0,"SM2","Lillooet_SW|2025-06-24"
"4309","Lillooet_SW","Lillooet","SW","SM2","Other_FS",2025-06-24,"LABO",0,"SM2","Lillooet_SW|2025-06-24"
"4310","Lillooet_SW","Lillooet","SW","SM2","Other_FS",2025-06-24,"LACI",16,"SM2","Lillooet_SW|2025-06-24"
"4311","Lillooet_SW","Lillooet","SW","SM2","Other_FS",2025-06-24,"LANO",87,"SM2","Lillooet_SW|2025-06-24"
"4312","Lillooet_SW","Lillooet","SW","SM2","Other_FS",2025-06-24,"MYCA",5,"SM2","Lillooet_SW|2025-06-24"
"4313","Lillooet_SW","Lillooet","SW","SM2","Other_FS",2025-06-24,"MYCI",9,"SM2","Lillooet_SW|2025-06-24"
"4314","Lillooet_SW","Lillooet","SW","SM2","Other_FS",2025-06-24,"MYEV",0,"SM2","Lillooet_SW|2025-06-24"
"4315","Lillooet_SW","Lillooet","SW","SM2","Other_FS",2025-06-24,"MYLU",7,"SM2","Lillooet_SW|2025-06-24"
"4316","Lillooet_SW","Lillooet","SW","SM2","Other_FS",2025-06-24,"MYSE",0,"SM2","Lillooet_SW|2025-06-24"
"4317","Lillooet_SW","Lillooet","SW","SM2","Other_FS",2025-06-24,"MYTH",0,"SM2","Lillooet_SW|2025-06-24"
"4318","Lillooet_SW","Lillooet","SW","SM2","Other_FS",2025-06-24,"MYVO",3,"SM2","Lillooet_SW|2025-06-24"
"4319","Lillooet_SW","Lillooet","SW","SM2","Other_FS",2025-06-24,"MYYU",3,"SM2","Lillooet_SW|2025-06-24"
"4320","Lillooet_SW","Lillooet","SW","SM2","Other_FS",2025-06-24,"PAHE",0,"SM2","Lillooet_SW|2025-06-24"
"4321","Lillooet_SW","Lillooet","SW","SM2","Other_FS",2025-06-25,"ANPA",0,"SM2","Lillooet_SW|2025-06-25"
"4322","Lillooet_SW","Lillooet","SW","SM2","Other_FS",2025-06-25,"COTO",0,"SM2","Lillooet_SW|2025-06-25"
"4323","Lillooet_SW","Lillooet","SW","SM2","Other_FS",2025-06-25,"EPFU",30,"SM2","Lillooet_SW|2025-06-25"
"4324","Lillooet_SW","Lillooet","SW","SM2","Other_FS",2025-06-25,"EUMA",0,"SM2","Lillooet_SW|2025-06-25"
"4325","Lillooet_SW","Lillooet","SW","SM2","Other_FS",2025-06-25,"LABO",0,"SM2","Lillooet_SW|2025-06-25"
"4326","Lillooet_SW","Lillooet","SW","SM2","Other_FS",2025-06-25,"LACI",17,"SM2","Lillooet_SW|2025-06-25"
"4327","Lillooet_SW","Lillooet","SW","SM2","Other_FS",2025-06-25,"LANO",8,"SM2","Lillooet_SW|2025-06-25"
"4328","Lillooet_SW","Lillooet","SW","SM2","Other_FS",2025-06-25,"MYCA",11,"SM2","Lillooet_SW|2025-06-25"
"4329","Lillooet_SW","Lillooet","SW","SM2","Other_FS",2025-06-25,"MYCI",37,"SM2","Lillooet_SW|2025-06-25"
"4330","Lillooet_SW","Lillooet","SW","SM2","Other_FS",2025-06-25,"MYEV",0,"SM2","Lillooet_SW|2025-06-25"
"4331","Lillooet_SW","Lillooet","SW","SM2","Other_FS",2025-06-25,"MYLU",6,"SM2","Lillooet_SW|2025-06-25"
"4332","Lillooet_SW","Lillooet","SW","SM2","Other_FS",2025-06-25,"MYSE",0,"SM2","Lillooet_SW|2025-06-25"
"4333","Lillooet_SW","Lillooet","SW","SM2","Other_FS",2025-06-25,"MYTH",0,"SM2","Lillooet_SW|2025-06-25"
"4334","Lillooet_SW","Lillooet","SW","SM2","Other_FS",2025-06-25,"MYVO",4,"SM2","Lillooet_SW|2025-06-25"
"4335","Lillooet_SW","Lillooet","SW","SM2","Other_FS",2025-06-25,"MYYU",1,"SM2","Lillooet_SW|2025-06-25"
"4336","Lillooet_SW","Lillooet","SW","SM2","Other_FS",2025-06-25,"PAHE",0,"SM2","Lillooet_SW|2025-06-25"
"4337","Lillooet_SW","Lillooet","SW","SM2","Other_FS",2025-06-26,"ANPA",0,"SM2","Lillooet_SW|2025-06-26"
"4338","Lillooet_SW","Lillooet","SW","SM2","Other_FS",2025-06-26,"COTO",0,"SM2","Lillooet_SW|2025-06-26"
"4339","Lillooet_SW","Lillooet","SW","SM2","Other_FS",2025-06-26,"EPFU",17,"SM2","Lillooet_SW|2025-06-26"
"4340","Lillooet_SW","Lillooet","SW","SM2","Other_FS",2025-06-26,"EUMA",1,"SM2","Lillooet_SW|2025-06-26"
"4341","Lillooet_SW","Lillooet","SW","SM2","Other_FS",2025-06-26,"LABO",0,"SM2","Lillooet_SW|2025-06-26"
"4342","Lillooet_SW","Lillooet","SW","SM2","Other_FS",2025-06-26,"LACI",11,"SM2","Lillooet_SW|2025-06-26"
"4343","Lillooet_SW","Lillooet","SW","SM2","Other_FS",2025-06-26,"LANO",17,"SM2","Lillooet_SW|2025-06-26"
"4344","Lillooet_SW","Lillooet","SW","SM2","Other_FS",2025-06-26,"MYCA",5,"SM2","Lillooet_SW|2025-06-26"
"4345","Lillooet_SW","Lillooet","SW","SM2","Other_FS",2025-06-26,"MYCI",38,"SM2","Lillooet_SW|2025-06-26"
"4346","Lillooet_SW","Lillooet","SW","SM2","Other_FS",2025-06-26,"MYEV",1,"SM2","Lillooet_SW|2025-06-26"
"4347","Lillooet_SW","Lillooet","SW","SM2","Other_FS",2025-06-26,"MYLU",8,"SM2","Lillooet_SW|2025-06-26"
"4348","Lillooet_SW","Lillooet","SW","SM2","Other_FS",2025-06-26,"MYSE",0,"SM2","Lillooet_SW|2025-06-26"
"4349","Lillooet_SW","Lillooet","SW","SM2","Other_FS",2025-06-26,"MYTH",0,"SM2","Lillooet_SW|2025-06-26"
"4350","Lillooet_SW","Lillooet","SW","SM2","Other_FS",2025-06-26,"MYVO",4,"SM2","Lillooet_SW|2025-06-26"
"4351","Lillooet_SW","Lillooet","SW","SM2","Other_FS",2025-06-26,"MYYU",1,"SM2","Lillooet_SW|2025-06-26"
"4352","Lillooet_SW","Lillooet","SW","SM2","Other_FS",2025-06-26,"PAHE",0,"SM2","Lillooet_SW|2025-06-26"
"4353","Lillooet_SW","Lillooet","SW","Anabat_Chorus","Anabat_Chorus",2025-06-12,"ANPA",0,"SM2","Lillooet_SW|2025-06-12"
"4354","Lillooet_SW","Lillooet","SW","Anabat_Chorus","Anabat_Chorus",2025-06-12,"COTO",0,"SM2","Lillooet_SW|2025-06-12"
"4355","Lillooet_SW","Lillooet","SW","Anabat_Chorus","Anabat_Chorus",2025-06-12,"EPFU",0,"SM2","Lillooet_SW|2025-06-12"
"4356","Lillooet_SW","Lillooet","SW","Anabat_Chorus","Anabat_Chorus",2025-06-12,"EUMA",0,"SM2","Lillooet_SW|2025-06-12"
"4357","Lillooet_SW","Lillooet","SW","Anabat_Chorus","Anabat_Chorus",2025-06-12,"LABO",0,"SM2","Lillooet_SW|2025-06-12"
"4358","Lillooet_SW","Lillooet","SW","Anabat_Chorus","Anabat_Chorus",2025-06-12,"LACI",0,"SM2","Lillooet_SW|2025-06-12"
"4359","Lillooet_SW","Lillooet","SW","Anabat_Chorus","Anabat_Chorus",2025-06-12,"LANO",3,"SM2","Lillooet_SW|2025-06-12"
"4360","Lillooet_SW","Lillooet","SW","Anabat_Chorus","Anabat_Chorus",2025-06-12,"MYCA",1,"SM2","Lillooet_SW|2025-06-12"
"4361","Lillooet_SW","Lillooet","SW","Anabat_Chorus","Anabat_Chorus",2025-06-12,"MYCI",2,"SM2","Lillooet_SW|2025-06-12"
"4362","Lillooet_SW","Lillooet","SW","Anabat_Chorus","Anabat_Chorus",2025-06-12,"MYEV",0,"SM2","Lillooet_SW|2025-06-12"
"4363","Lillooet_SW","Lillooet","SW","Anabat_Chorus","Anabat_Chorus",2025-06-12,"MYLU",1,"SM2","Lillooet_SW|2025-06-12"
"4364","Lillooet_SW","Lillooet","SW","Anabat_Chorus","Anabat_Chorus",2025-06-12,"MYSE",0,"SM2","Lillooet_SW|2025-06-12"
"4365","Lillooet_SW","Lillooet","SW","Anabat_Chorus","Anabat_Chorus",2025-06-12,"MYTH",0,"SM2","Lillooet_SW|2025-06-12"
"4366","Lillooet_SW","Lillooet","SW","Anabat_Chorus","Anabat_Chorus",2025-06-12,"MYVO",2,"SM2","Lillooet_SW|2025-06-12"
"4367","Lillooet_SW","Lillooet","SW","Anabat_Chorus","Anabat_Chorus",2025-06-12,"MYYU",0,"SM2","Lillooet_SW|2025-06-12"
"4368","Lillooet_SW","Lillooet","SW","Anabat_Chorus","Anabat_Chorus",2025-06-12,"PAHE",0,"SM2","Lillooet_SW|2025-06-12"
"4369","Lillooet_SW","Lillooet","SW","Anabat_Chorus","Anabat_Chorus",2025-06-13,"ANPA",0,"SM2","Lillooet_SW|2025-06-13"
"4370","Lillooet_SW","Lillooet","SW","Anabat_Chorus","Anabat_Chorus",2025-06-13,"COTO",0,"SM2","Lillooet_SW|2025-06-13"
"4371","Lillooet_SW","Lillooet","SW","Anabat_Chorus","Anabat_Chorus",2025-06-13,"EPFU",1,"SM2","Lillooet_SW|2025-06-13"
"4372","Lillooet_SW","Lillooet","SW","Anabat_Chorus","Anabat_Chorus",2025-06-13,"EUMA",1,"SM2","Lillooet_SW|2025-06-13"
"4373","Lillooet_SW","Lillooet","SW","Anabat_Chorus","Anabat_Chorus",2025-06-13,"LABO",0,"SM2","Lillooet_SW|2025-06-13"
"4374","Lillooet_SW","Lillooet","SW","Anabat_Chorus","Anabat_Chorus",2025-06-13,"LACI",2,"SM2","Lillooet_SW|2025-06-13"
"4375","Lillooet_SW","Lillooet","SW","Anabat_Chorus","Anabat_Chorus",2025-06-13,"LANO",2,"SM2","Lillooet_SW|2025-06-13"
"4376","Lillooet_SW","Lillooet","SW","Anabat_Chorus","Anabat_Chorus",2025-06-13,"MYCA",8,"SM2","Lillooet_SW|2025-06-13"
"4377","Lillooet_SW","Lillooet","SW","Anabat_Chorus","Anabat_Chorus",2025-06-13,"MYCI",14,"SM2","Lillooet_SW|2025-06-13"
"4378","Lillooet_SW","Lillooet","SW","Anabat_Chorus","Anabat_Chorus",2025-06-13,"MYEV",0,"SM2","Lillooet_SW|2025-06-13"
"4379","Lillooet_SW","Lillooet","SW","Anabat_Chorus","Anabat_Chorus",2025-06-13,"MYLU",0,"SM2","Lillooet_SW|2025-06-13"
"4380","Lillooet_SW","Lillooet","SW","Anabat_Chorus","Anabat_Chorus",2025-06-13,"MYSE",0,"SM2","Lillooet_SW|2025-06-13"
"4381","Lillooet_SW","Lillooet","SW","Anabat_Chorus","Anabat_Chorus",2025-06-13,"MYTH",0,"SM2","Lillooet_SW|2025-06-13"
"4382","Lillooet_SW","Lillooet","SW","Anabat_Chorus","Anabat_Chorus",2025-06-13,"MYVO",3,"SM2","Lillooet_SW|2025-06-13"
"4383","Lillooet_SW","Lillooet","SW","Anabat_Chorus","Anabat_Chorus",2025-06-13,"MYYU",0,"SM2","Lillooet_SW|2025-06-13"
"4384","Lillooet_SW","Lillooet","SW","Anabat_Chorus","Anabat_Chorus",2025-06-13,"PAHE",0,"SM2","Lillooet_SW|2025-06-13"
"4385","Lillooet_SW","Lillooet","SW","Anabat_Chorus","Anabat_Chorus",2025-06-14,"ANPA",0,"SM2","Lillooet_SW|2025-06-14"
"4386","Lillooet_SW","Lillooet","SW","Anabat_Chorus","Anabat_Chorus",2025-06-14,"COTO",0,"SM2","Lillooet_SW|2025-06-14"
"4387","Lillooet_SW","Lillooet","SW","Anabat_Chorus","Anabat_Chorus",2025-06-14,"EPFU",32,"SM2","Lillooet_SW|2025-06-14"
"4388","Lillooet_SW","Lillooet","SW","Anabat_Chorus","Anabat_Chorus",2025-06-14,"EUMA",0,"SM2","Lillooet_SW|2025-06-14"
"4389","Lillooet_SW","Lillooet","SW","Anabat_Chorus","Anabat_Chorus",2025-06-14,"LABO",0,"SM2","Lillooet_SW|2025-06-14"
"4390","Lillooet_SW","Lillooet","SW","Anabat_Chorus","Anabat_Chorus",2025-06-14,"LACI",3,"SM2","Lillooet_SW|2025-06-14"
"4391","Lillooet_SW","Lillooet","SW","Anabat_Chorus","Anabat_Chorus",2025-06-14,"LANO",3,"SM2","Lillooet_SW|2025-06-14"
"4392","Lillooet_SW","Lillooet","SW","Anabat_Chorus","Anabat_Chorus",2025-06-14,"MYCA",9,"SM2","Lillooet_SW|2025-06-14"
"4393","Lillooet_SW","Lillooet","SW","Anabat_Chorus","Anabat_Chorus",2025-06-14,"MYCI",8,"SM2","Lillooet_SW|2025-06-14"
"4394","Lillooet_SW","Lillooet","SW","Anabat_Chorus","Anabat_Chorus",2025-06-14,"MYEV",0,"SM2","Lillooet_SW|2025-06-14"
"4395","Lillooet_SW","Lillooet","SW","Anabat_Chorus","Anabat_Chorus",2025-06-14,"MYLU",1,"SM2","Lillooet_SW|2025-06-14"
"4396","Lillooet_SW","Lillooet","SW","Anabat_Chorus","Anabat_Chorus",2025-06-14,"MYSE",0,"SM2","Lillooet_SW|2025-06-14"
"4397","Lillooet_SW","Lillooet","SW","Anabat_Chorus","Anabat_Chorus",2025-06-14,"MYTH",0,"SM2","Lillooet_SW|2025-06-14"
"4398","Lillooet_SW","Lillooet","SW","Anabat_Chorus","Anabat_Chorus",2025-06-14,"MYVO",4,"SM2","Lillooet_SW|2025-06-14"
"4399","Lillooet_SW","Lillooet","SW","Anabat_Chorus","Anabat_Chorus",2025-06-14,"MYYU",0,"SM2","Lillooet_SW|2025-06-14"
"4400","Lillooet_SW","Lillooet","SW","Anabat_Chorus","Anabat_Chorus",2025-06-14,"PAHE",0,"SM2","Lillooet_SW|2025-06-14"
"4401","Lillooet_SW","Lillooet","SW","Anabat_Chorus","Anabat_Chorus",2025-06-15,"ANPA",0,"SM2","Lillooet_SW|2025-06-15"
"4402","Lillooet_SW","Lillooet","SW","Anabat_Chorus","Anabat_Chorus",2025-06-15,"COTO",0,"SM2","Lillooet_SW|2025-06-15"
"4403","Lillooet_SW","Lillooet","SW","Anabat_Chorus","Anabat_Chorus",2025-06-15,"EPFU",29,"SM2","Lillooet_SW|2025-06-15"
"4404","Lillooet_SW","Lillooet","SW","Anabat_Chorus","Anabat_Chorus",2025-06-15,"EUMA",0,"SM2","Lillooet_SW|2025-06-15"
"4405","Lillooet_SW","Lillooet","SW","Anabat_Chorus","Anabat_Chorus",2025-06-15,"LABO",0,"SM2","Lillooet_SW|2025-06-15"
"4406","Lillooet_SW","Lillooet","SW","Anabat_Chorus","Anabat_Chorus",2025-06-15,"LACI",0,"SM2","Lillooet_SW|2025-06-15"
"4407","Lillooet_SW","Lillooet","SW","Anabat_Chorus","Anabat_Chorus",2025-06-15,"LANO",5,"SM2","Lillooet_SW|2025-06-15"
"4408","Lillooet_SW","Lillooet","SW","Anabat_Chorus","Anabat_Chorus",2025-06-15,"MYCA",6,"SM2","Lillooet_SW|2025-06-15"
"4409","Lillooet_SW","Lillooet","SW","Anabat_Chorus","Anabat_Chorus",2025-06-15,"MYCI",12,"SM2","Lillooet_SW|2025-06-15"
"4410","Lillooet_SW","Lillooet","SW","Anabat_Chorus","Anabat_Chorus",2025-06-15,"MYEV",1,"SM2","Lillooet_SW|2025-06-15"
"4411","Lillooet_SW","Lillooet","SW","Anabat_Chorus","Anabat_Chorus",2025-06-15,"MYLU",14,"SM2","Lillooet_SW|2025-06-15"
"4412","Lillooet_SW","Lillooet","SW","Anabat_Chorus","Anabat_Chorus",2025-06-15,"MYSE",0,"SM2","Lillooet_SW|2025-06-15"
"4413","Lillooet_SW","Lillooet","SW","Anabat_Chorus","Anabat_Chorus",2025-06-15,"MYTH",1,"SM2","Lillooet_SW|2025-06-15"
"4414","Lillooet_SW","Lillooet","SW","Anabat_Chorus","Anabat_Chorus",2025-06-15,"MYVO",5,"SM2","Lillooet_SW|2025-06-15"
"4415","Lillooet_SW","Lillooet","SW","Anabat_Chorus","Anabat_Chorus",2025-06-15,"MYYU",0,"SM2","Lillooet_SW|2025-06-15"
"4416","Lillooet_SW","Lillooet","SW","Anabat_Chorus","Anabat_Chorus",2025-06-15,"PAHE",0,"SM2","Lillooet_SW|2025-06-15"
"4417","Lillooet_SW","Lillooet","SW","Anabat_Chorus","Anabat_Chorus",2025-06-16,"ANPA",0,"SM2","Lillooet_SW|2025-06-16"
"4418","Lillooet_SW","Lillooet","SW","Anabat_Chorus","Anabat_Chorus",2025-06-16,"COTO",0,"SM2","Lillooet_SW|2025-06-16"
"4419","Lillooet_SW","Lillooet","SW","Anabat_Chorus","Anabat_Chorus",2025-06-16,"EPFU",60,"SM2","Lillooet_SW|2025-06-16"
"4420","Lillooet_SW","Lillooet","SW","Anabat_Chorus","Anabat_Chorus",2025-06-16,"EUMA",0,"SM2","Lillooet_SW|2025-06-16"
"4421","Lillooet_SW","Lillooet","SW","Anabat_Chorus","Anabat_Chorus",2025-06-16,"LABO",0,"SM2","Lillooet_SW|2025-06-16"
"4422","Lillooet_SW","Lillooet","SW","Anabat_Chorus","Anabat_Chorus",2025-06-16,"LACI",5,"SM2","Lillooet_SW|2025-06-16"
"4423","Lillooet_SW","Lillooet","SW","Anabat_Chorus","Anabat_Chorus",2025-06-16,"LANO",2,"SM2","Lillooet_SW|2025-06-16"
"4424","Lillooet_SW","Lillooet","SW","Anabat_Chorus","Anabat_Chorus",2025-06-16,"MYCA",4,"SM2","Lillooet_SW|2025-06-16"
"4425","Lillooet_SW","Lillooet","SW","Anabat_Chorus","Anabat_Chorus",2025-06-16,"MYCI",20,"SM2","Lillooet_SW|2025-06-16"
"4426","Lillooet_SW","Lillooet","SW","Anabat_Chorus","Anabat_Chorus",2025-06-16,"MYEV",2,"SM2","Lillooet_SW|2025-06-16"
"4427","Lillooet_SW","Lillooet","SW","Anabat_Chorus","Anabat_Chorus",2025-06-16,"MYLU",0,"SM2","Lillooet_SW|2025-06-16"
"4428","Lillooet_SW","Lillooet","SW","Anabat_Chorus","Anabat_Chorus",2025-06-16,"MYSE",0,"SM2","Lillooet_SW|2025-06-16"
"4429","Lillooet_SW","Lillooet","SW","Anabat_Chorus","Anabat_Chorus",2025-06-16,"MYTH",0,"SM2","Lillooet_SW|2025-06-16"
"4430","Lillooet_SW","Lillooet","SW","Anabat_Chorus","Anabat_Chorus",2025-06-16,"MYVO",11,"SM2","Lillooet_SW|2025-06-16"
"4431","Lillooet_SW","Lillooet","SW","Anabat_Chorus","Anabat_Chorus",2025-06-16,"MYYU",0,"SM2","Lillooet_SW|2025-06-16"
"4432","Lillooet_SW","Lillooet","SW","Anabat_Chorus","Anabat_Chorus",2025-06-16,"PAHE",0,"SM2","Lillooet_SW|2025-06-16"
"4433","Lillooet_SW","Lillooet","SW","Anabat_Chorus","Anabat_Chorus",2025-06-17,"ANPA",0,"SM2","Lillooet_SW|2025-06-17"
"4434","Lillooet_SW","Lillooet","SW","Anabat_Chorus","Anabat_Chorus",2025-06-17,"COTO",0,"SM2","Lillooet_SW|2025-06-17"
"4435","Lillooet_SW","Lillooet","SW","Anabat_Chorus","Anabat_Chorus",2025-06-17,"EPFU",28,"SM2","Lillooet_SW|2025-06-17"
"4436","Lillooet_SW","Lillooet","SW","Anabat_Chorus","Anabat_Chorus",2025-06-17,"EUMA",0,"SM2","Lillooet_SW|2025-06-17"
"4437","Lillooet_SW","Lillooet","SW","Anabat_Chorus","Anabat_Chorus",2025-06-17,"LABO",0,"SM2","Lillooet_SW|2025-06-17"
"4438","Lillooet_SW","Lillooet","SW","Anabat_Chorus","Anabat_Chorus",2025-06-17,"LACI",3,"SM2","Lillooet_SW|2025-06-17"
"4439","Lillooet_SW","Lillooet","SW","Anabat_Chorus","Anabat_Chorus",2025-06-17,"LANO",6,"SM2","Lillooet_SW|2025-06-17"
"4440","Lillooet_SW","Lillooet","SW","Anabat_Chorus","Anabat_Chorus",2025-06-17,"MYCA",8,"SM2","Lillooet_SW|2025-06-17"
"4441","Lillooet_SW","Lillooet","SW","Anabat_Chorus","Anabat_Chorus",2025-06-17,"MYCI",20,"SM2","Lillooet_SW|2025-06-17"
"4442","Lillooet_SW","Lillooet","SW","Anabat_Chorus","Anabat_Chorus",2025-06-17,"MYEV",2,"SM2","Lillooet_SW|2025-06-17"
"4443","Lillooet_SW","Lillooet","SW","Anabat_Chorus","Anabat_Chorus",2025-06-17,"MYLU",0,"SM2","Lillooet_SW|2025-06-17"
"4444","Lillooet_SW","Lillooet","SW","Anabat_Chorus","Anabat_Chorus",2025-06-17,"MYSE",0,"SM2","Lillooet_SW|2025-06-17"
"4445","Lillooet_SW","Lillooet","SW","Anabat_Chorus","Anabat_Chorus",2025-06-17,"MYTH",0,"SM2","Lillooet_SW|2025-06-17"
"4446","Lillooet_SW","Lillooet","SW","Anabat_Chorus","Anabat_Chorus",2025-06-17,"MYVO",3,"SM2","Lillooet_SW|2025-06-17"
"4447","Lillooet_SW","Lillooet","SW","Anabat_Chorus","Anabat_Chorus",2025-06-17,"MYYU",0,"SM2","Lillooet_SW|2025-06-17"
"4448","Lillooet_SW","Lillooet","SW","Anabat_Chorus","Anabat_Chorus",2025-06-17,"PAHE",0,"SM2","Lillooet_SW|2025-06-17"
"4449","Lillooet_SW","Lillooet","SW","Anabat_Chorus","Anabat_Chorus",2025-06-18,"ANPA",0,"SM2","Lillooet_SW|2025-06-18"
"4450","Lillooet_SW","Lillooet","SW","Anabat_Chorus","Anabat_Chorus",2025-06-18,"COTO",0,"SM2","Lillooet_SW|2025-06-18"
"4451","Lillooet_SW","Lillooet","SW","Anabat_Chorus","Anabat_Chorus",2025-06-18,"EPFU",0,"SM2","Lillooet_SW|2025-06-18"
"4452","Lillooet_SW","Lillooet","SW","Anabat_Chorus","Anabat_Chorus",2025-06-18,"EUMA",0,"SM2","Lillooet_SW|2025-06-18"
"4453","Lillooet_SW","Lillooet","SW","Anabat_Chorus","Anabat_Chorus",2025-06-18,"LABO",0,"SM2","Lillooet_SW|2025-06-18"
"4454","Lillooet_SW","Lillooet","SW","Anabat_Chorus","Anabat_Chorus",2025-06-18,"LACI",13,"SM2","Lillooet_SW|2025-06-18"
"4455","Lillooet_SW","Lillooet","SW","Anabat_Chorus","Anabat_Chorus",2025-06-18,"LANO",1,"SM2","Lillooet_SW|2025-06-18"
"4456","Lillooet_SW","Lillooet","SW","Anabat_Chorus","Anabat_Chorus",2025-06-18,"MYCA",27,"SM2","Lillooet_SW|2025-06-18"
"4457","Lillooet_SW","Lillooet","SW","Anabat_Chorus","Anabat_Chorus",2025-06-18,"MYCI",14,"SM2","Lillooet_SW|2025-06-18"
"4458","Lillooet_SW","Lillooet","SW","Anabat_Chorus","Anabat_Chorus",2025-06-18,"MYEV",0,"SM2","Lillooet_SW|2025-06-18"
"4459","Lillooet_SW","Lillooet","SW","Anabat_Chorus","Anabat_Chorus",2025-06-18,"MYLU",1,"SM2","Lillooet_SW|2025-06-18"
"4460","Lillooet_SW","Lillooet","SW","Anabat_Chorus","Anabat_Chorus",2025-06-18,"MYSE",0,"SM2","Lillooet_SW|2025-06-18"
"4461","Lillooet_SW","Lillooet","SW","Anabat_Chorus","Anabat_Chorus",2025-06-18,"MYTH",0,"SM2","Lillooet_SW|2025-06-18"
"4462","Lillooet_SW","Lillooet","SW","Anabat_Chorus","Anabat_Chorus",2025-06-18,"MYVO",1,"SM2","Lillooet_SW|2025-06-18"
"4463","Lillooet_SW","Lillooet","SW","Anabat_Chorus","Anabat_Chorus",2025-06-18,"MYYU",1,"SM2","Lillooet_SW|2025-06-18"
"4464","Lillooet_SW","Lillooet","SW","Anabat_Chorus","Anabat_Chorus",2025-06-18,"PAHE",0,"SM2","Lillooet_SW|2025-06-18"
"4465","Lillooet_SW","Lillooet","SW","Anabat_Chorus","Anabat_Chorus",2025-06-19,"ANPA",0,"SM2","Lillooet_SW|2025-06-19"
"4466","Lillooet_SW","Lillooet","SW","Anabat_Chorus","Anabat_Chorus",2025-06-19,"COTO",0,"SM2","Lillooet_SW|2025-06-19"
"4467","Lillooet_SW","Lillooet","SW","Anabat_Chorus","Anabat_Chorus",2025-06-19,"EPFU",25,"SM2","Lillooet_SW|2025-06-19"
"4468","Lillooet_SW","Lillooet","SW","Anabat_Chorus","Anabat_Chorus",2025-06-19,"EUMA",0,"SM2","Lillooet_SW|2025-06-19"
"4469","Lillooet_SW","Lillooet","SW","Anabat_Chorus","Anabat_Chorus",2025-06-19,"LABO",0,"SM2","Lillooet_SW|2025-06-19"
"4470","Lillooet_SW","Lillooet","SW","Anabat_Chorus","Anabat_Chorus",2025-06-19,"LACI",2,"SM2","Lillooet_SW|2025-06-19"
"4471","Lillooet_SW","Lillooet","SW","Anabat_Chorus","Anabat_Chorus",2025-06-19,"LANO",6,"SM2","Lillooet_SW|2025-06-19"
"4472","Lillooet_SW","Lillooet","SW","Anabat_Chorus","Anabat_Chorus",2025-06-19,"MYCA",9,"SM2","Lillooet_SW|2025-06-19"
"4473","Lillooet_SW","Lillooet","SW","Anabat_Chorus","Anabat_Chorus",2025-06-19,"MYCI",23,"SM2","Lillooet_SW|2025-06-19"
"4474","Lillooet_SW","Lillooet","SW","Anabat_Chorus","Anabat_Chorus",2025-06-19,"MYEV",4,"SM2","Lillooet_SW|2025-06-19"
"4475","Lillooet_SW","Lillooet","SW","Anabat_Chorus","Anabat_Chorus",2025-06-19,"MYLU",0,"SM2","Lillooet_SW|2025-06-19"
"4476","Lillooet_SW","Lillooet","SW","Anabat_Chorus","Anabat_Chorus",2025-06-19,"MYSE",0,"SM2","Lillooet_SW|2025-06-19"
"4477","Lillooet_SW","Lillooet","SW","Anabat_Chorus","Anabat_Chorus",2025-06-19,"MYTH",0,"SM2","Lillooet_SW|2025-06-19"
"4478","Lillooet_SW","Lillooet","SW","Anabat_Chorus","Anabat_Chorus",2025-06-19,"MYVO",3,"SM2","Lillooet_SW|2025-06-19"
"4479","Lillooet_SW","Lillooet","SW","Anabat_Chorus","Anabat_Chorus",2025-06-19,"MYYU",0,"SM2","Lillooet_SW|2025-06-19"
"4480","Lillooet_SW","Lillooet","SW","Anabat_Chorus","Anabat_Chorus",2025-06-19,"PAHE",0,"SM2","Lillooet_SW|2025-06-19"
"4481","Lillooet_SW","Lillooet","SW","Anabat_Chorus","Anabat_Chorus",2025-06-21,"ANPA",1,"SM2","Lillooet_SW|2025-06-21"
"4482","Lillooet_SW","Lillooet","SW","Anabat_Chorus","Anabat_Chorus",2025-06-21,"COTO",0,"SM2","Lillooet_SW|2025-06-21"
"4483","Lillooet_SW","Lillooet","SW","Anabat_Chorus","Anabat_Chorus",2025-06-21,"EPFU",15,"SM2","Lillooet_SW|2025-06-21"
"4484","Lillooet_SW","Lillooet","SW","Anabat_Chorus","Anabat_Chorus",2025-06-21,"EUMA",0,"SM2","Lillooet_SW|2025-06-21"
"4485","Lillooet_SW","Lillooet","SW","Anabat_Chorus","Anabat_Chorus",2025-06-21,"LABO",0,"SM2","Lillooet_SW|2025-06-21"
"4486","Lillooet_SW","Lillooet","SW","Anabat_Chorus","Anabat_Chorus",2025-06-21,"LACI",2,"SM2","Lillooet_SW|2025-06-21"
"4487","Lillooet_SW","Lillooet","SW","Anabat_Chorus","Anabat_Chorus",2025-06-21,"LANO",9,"SM2","Lillooet_SW|2025-06-21"
"4488","Lillooet_SW","Lillooet","SW","Anabat_Chorus","Anabat_Chorus",2025-06-21,"MYCA",17,"SM2","Lillooet_SW|2025-06-21"
"4489","Lillooet_SW","Lillooet","SW","Anabat_Chorus","Anabat_Chorus",2025-06-21,"MYCI",12,"SM2","Lillooet_SW|2025-06-21"
"4490","Lillooet_SW","Lillooet","SW","Anabat_Chorus","Anabat_Chorus",2025-06-21,"MYEV",2,"SM2","Lillooet_SW|2025-06-21"
"4491","Lillooet_SW","Lillooet","SW","Anabat_Chorus","Anabat_Chorus",2025-06-21,"MYLU",1,"SM2","Lillooet_SW|2025-06-21"
"4492","Lillooet_SW","Lillooet","SW","Anabat_Chorus","Anabat_Chorus",2025-06-21,"MYSE",1,"SM2","Lillooet_SW|2025-06-21"
"4493","Lillooet_SW","Lillooet","SW","Anabat_Chorus","Anabat_Chorus",2025-06-21,"MYTH",1,"SM2","Lillooet_SW|2025-06-21"
"4494","Lillooet_SW","Lillooet","SW","Anabat_Chorus","Anabat_Chorus",2025-06-21,"MYVO",1,"SM2","Lillooet_SW|2025-06-21"
"4495","Lillooet_SW","Lillooet","SW","Anabat_Chorus","Anabat_Chorus",2025-06-21,"MYYU",0,"SM2","Lillooet_SW|2025-06-21"
"4496","Lillooet_SW","Lillooet","SW","Anabat_Chorus","Anabat_Chorus",2025-06-21,"PAHE",0,"SM2","Lillooet_SW|2025-06-21"
"4497","Lillooet_SW","Lillooet","SW","Anabat_Chorus","Anabat_Chorus",2025-06-22,"ANPA",0,"SM2","Lillooet_SW|2025-06-22"
"4498","Lillooet_SW","Lillooet","SW","Anabat_Chorus","Anabat_Chorus",2025-06-22,"COTO",0,"SM2","Lillooet_SW|2025-06-22"
"4499","Lillooet_SW","Lillooet","SW","Anabat_Chorus","Anabat_Chorus",2025-06-22,"EPFU",26,"SM2","Lillooet_SW|2025-06-22"
"4500","Lillooet_SW","Lillooet","SW","Anabat_Chorus","Anabat_Chorus",2025-06-22,"EUMA",1,"SM2","Lillooet_SW|2025-06-22"
"4501","Lillooet_SW","Lillooet","SW","Anabat_Chorus","Anabat_Chorus",2025-06-22,"LABO",0,"SM2","Lillooet_SW|2025-06-22"
"4502","Lillooet_SW","Lillooet","SW","Anabat_Chorus","Anabat_Chorus",2025-06-22,"LACI",8,"SM2","Lillooet_SW|2025-06-22"
"4503","Lillooet_SW","Lillooet","SW","Anabat_Chorus","Anabat_Chorus",2025-06-22,"LANO",2,"SM2","Lillooet_SW|2025-06-22"
"4504","Lillooet_SW","Lillooet","SW","Anabat_Chorus","Anabat_Chorus",2025-06-22,"MYCA",16,"SM2","Lillooet_SW|2025-06-22"
"4505","Lillooet_SW","Lillooet","SW","Anabat_Chorus","Anabat_Chorus",2025-06-22,"MYCI",9,"SM2","Lillooet_SW|2025-06-22"
"4506","Lillooet_SW","Lillooet","SW","Anabat_Chorus","Anabat_Chorus",2025-06-22,"MYEV",2,"SM2","Lillooet_SW|2025-06-22"
"4507","Lillooet_SW","Lillooet","SW","Anabat_Chorus","Anabat_Chorus",2025-06-22,"MYLU",2,"SM2","Lillooet_SW|2025-06-22"
"4508","Lillooet_SW","Lillooet","SW","Anabat_Chorus","Anabat_Chorus",2025-06-22,"MYSE",0,"SM2","Lillooet_SW|2025-06-22"
"4509","Lillooet_SW","Lillooet","SW","Anabat_Chorus","Anabat_Chorus",2025-06-22,"MYTH",0,"SM2","Lillooet_SW|2025-06-22"
"4510","Lillooet_SW","Lillooet","SW","Anabat_Chorus","Anabat_Chorus",2025-06-22,"MYVO",6,"SM2","Lillooet_SW|2025-06-22"
"4511","Lillooet_SW","Lillooet","SW","Anabat_Chorus","Anabat_Chorus",2025-06-22,"MYYU",0,"SM2","Lillooet_SW|2025-06-22"
"4512","Lillooet_SW","Lillooet","SW","Anabat_Chorus","Anabat_Chorus",2025-06-22,"PAHE",0,"SM2","Lillooet_SW|2025-06-22"
"4513","Lillooet_SW","Lillooet","SW","Anabat_Chorus","Anabat_Chorus",2025-06-23,"ANPA",1,"SM2","Lillooet_SW|2025-06-23"
"4514","Lillooet_SW","Lillooet","SW","Anabat_Chorus","Anabat_Chorus",2025-06-23,"COTO",1,"SM2","Lillooet_SW|2025-06-23"
"4515","Lillooet_SW","Lillooet","SW","Anabat_Chorus","Anabat_Chorus",2025-06-23,"EPFU",61,"SM2","Lillooet_SW|2025-06-23"
"4516","Lillooet_SW","Lillooet","SW","Anabat_Chorus","Anabat_Chorus",2025-06-23,"EUMA",0,"SM2","Lillooet_SW|2025-06-23"
"4517","Lillooet_SW","Lillooet","SW","Anabat_Chorus","Anabat_Chorus",2025-06-23,"LABO",0,"SM2","Lillooet_SW|2025-06-23"
"4518","Lillooet_SW","Lillooet","SW","Anabat_Chorus","Anabat_Chorus",2025-06-23,"LACI",8,"SM2","Lillooet_SW|2025-06-23"
"4519","Lillooet_SW","Lillooet","SW","Anabat_Chorus","Anabat_Chorus",2025-06-23,"LANO",28,"SM2","Lillooet_SW|2025-06-23"
"4520","Lillooet_SW","Lillooet","SW","Anabat_Chorus","Anabat_Chorus",2025-06-23,"MYCA",18,"SM2","Lillooet_SW|2025-06-23"
"4521","Lillooet_SW","Lillooet","SW","Anabat_Chorus","Anabat_Chorus",2025-06-23,"MYCI",47,"SM2","Lillooet_SW|2025-06-23"
"4522","Lillooet_SW","Lillooet","SW","Anabat_Chorus","Anabat_Chorus",2025-06-23,"MYEV",3,"SM2","Lillooet_SW|2025-06-23"
"4523","Lillooet_SW","Lillooet","SW","Anabat_Chorus","Anabat_Chorus",2025-06-23,"MYLU",4,"SM2","Lillooet_SW|2025-06-23"
"4524","Lillooet_SW","Lillooet","SW","Anabat_Chorus","Anabat_Chorus",2025-06-23,"MYSE",0,"SM2","Lillooet_SW|2025-06-23"
"4525","Lillooet_SW","Lillooet","SW","Anabat_Chorus","Anabat_Chorus",2025-06-23,"MYTH",1,"SM2","Lillooet_SW|2025-06-23"
"4526","Lillooet_SW","Lillooet","SW","Anabat_Chorus","Anabat_Chorus",2025-06-23,"MYVO",5,"SM2","Lillooet_SW|2025-06-23"
"4527","Lillooet_SW","Lillooet","SW","Anabat_Chorus","Anabat_Chorus",2025-06-23,"MYYU",2,"SM2","Lillooet_SW|2025-06-23"
"4528","Lillooet_SW","Lillooet","SW","Anabat_Chorus","Anabat_Chorus",2025-06-23,"PAHE",0,"SM2","Lillooet_SW|2025-06-23"
"4529","Lillooet_SW","Lillooet","SW","Anabat_Chorus","Anabat_Chorus",2025-06-24,"ANPA",1,"SM2","Lillooet_SW|2025-06-24"
"4530","Lillooet_SW","Lillooet","SW","Anabat_Chorus","Anabat_Chorus",2025-06-24,"COTO",0,"SM2","Lillooet_SW|2025-06-24"
"4531","Lillooet_SW","Lillooet","SW","Anabat_Chorus","Anabat_Chorus",2025-06-24,"EPFU",147,"SM2","Lillooet_SW|2025-06-24"
"4532","Lillooet_SW","Lillooet","SW","Anabat_Chorus","Anabat_Chorus",2025-06-24,"EUMA",0,"SM2","Lillooet_SW|2025-06-24"
"4533","Lillooet_SW","Lillooet","SW","Anabat_Chorus","Anabat_Chorus",2025-06-24,"LABO",0,"SM2","Lillooet_SW|2025-06-24"
"4534","Lillooet_SW","Lillooet","SW","Anabat_Chorus","Anabat_Chorus",2025-06-24,"LACI",178,"SM2","Lillooet_SW|2025-06-24"
"4535","Lillooet_SW","Lillooet","SW","Anabat_Chorus","Anabat_Chorus",2025-06-24,"LANO",115,"SM2","Lillooet_SW|2025-06-24"
"4536","Lillooet_SW","Lillooet","SW","Anabat_Chorus","Anabat_Chorus",2025-06-24,"MYCA",15,"SM2","Lillooet_SW|2025-06-24"
"4537","Lillooet_SW","Lillooet","SW","Anabat_Chorus","Anabat_Chorus",2025-06-24,"MYCI",47,"SM2","Lillooet_SW|2025-06-24"
"4538","Lillooet_SW","Lillooet","SW","Anabat_Chorus","Anabat_Chorus",2025-06-24,"MYEV",0,"SM2","Lillooet_SW|2025-06-24"
"4539","Lillooet_SW","Lillooet","SW","Anabat_Chorus","Anabat_Chorus",2025-06-24,"MYLU",15,"SM2","Lillooet_SW|2025-06-24"
"4540","Lillooet_SW","Lillooet","SW","Anabat_Chorus","Anabat_Chorus",2025-06-24,"MYSE",0,"SM2","Lillooet_SW|2025-06-24"
"4541","Lillooet_SW","Lillooet","SW","Anabat_Chorus","Anabat_Chorus",2025-06-24,"MYTH",0,"SM2","Lillooet_SW|2025-06-24"
"4542","Lillooet_SW","Lillooet","SW","Anabat_Chorus","Anabat_Chorus",2025-06-24,"MYVO",8,"SM2","Lillooet_SW|2025-06-24"
"4543","Lillooet_SW","Lillooet","SW","Anabat_Chorus","Anabat_Chorus",2025-06-24,"MYYU",2,"SM2","Lillooet_SW|2025-06-24"
"4544","Lillooet_SW","Lillooet","SW","Anabat_Chorus","Anabat_Chorus",2025-06-24,"PAHE",0,"SM2","Lillooet_SW|2025-06-24"
"4545","Lillooet_SW","Lillooet","SW","Anabat_Chorus","Anabat_Chorus",2025-06-25,"ANPA",0,"SM2","Lillooet_SW|2025-06-25"
"4546","Lillooet_SW","Lillooet","SW","Anabat_Chorus","Anabat_Chorus",2025-06-25,"COTO",0,"SM2","Lillooet_SW|2025-06-25"
"4547","Lillooet_SW","Lillooet","SW","Anabat_Chorus","Anabat_Chorus",2025-06-25,"EPFU",56,"SM2","Lillooet_SW|2025-06-25"
"4548","Lillooet_SW","Lillooet","SW","Anabat_Chorus","Anabat_Chorus",2025-06-25,"EUMA",0,"SM2","Lillooet_SW|2025-06-25"
"4549","Lillooet_SW","Lillooet","SW","Anabat_Chorus","Anabat_Chorus",2025-06-25,"LABO",0,"SM2","Lillooet_SW|2025-06-25"
"4550","Lillooet_SW","Lillooet","SW","Anabat_Chorus","Anabat_Chorus",2025-06-25,"LACI",15,"SM2","Lillooet_SW|2025-06-25"
"4551","Lillooet_SW","Lillooet","SW","Anabat_Chorus","Anabat_Chorus",2025-06-25,"LANO",16,"SM2","Lillooet_SW|2025-06-25"
"4552","Lillooet_SW","Lillooet","SW","Anabat_Chorus","Anabat_Chorus",2025-06-25,"MYCA",24,"SM2","Lillooet_SW|2025-06-25"
"4553","Lillooet_SW","Lillooet","SW","Anabat_Chorus","Anabat_Chorus",2025-06-25,"MYCI",159,"SM2","Lillooet_SW|2025-06-25"
"4554","Lillooet_SW","Lillooet","SW","Anabat_Chorus","Anabat_Chorus",2025-06-25,"MYEV",0,"SM2","Lillooet_SW|2025-06-25"
"4555","Lillooet_SW","Lillooet","SW","Anabat_Chorus","Anabat_Chorus",2025-06-25,"MYLU",11,"SM2","Lillooet_SW|2025-06-25"
"4556","Lillooet_SW","Lillooet","SW","Anabat_Chorus","Anabat_Chorus",2025-06-25,"MYSE",0,"SM2","Lillooet_SW|2025-06-25"
"4557","Lillooet_SW","Lillooet","SW","Anabat_Chorus","Anabat_Chorus",2025-06-25,"MYTH",0,"SM2","Lillooet_SW|2025-06-25"
"4558","Lillooet_SW","Lillooet","SW","Anabat_Chorus","Anabat_Chorus",2025-06-25,"MYVO",8,"SM2","Lillooet_SW|2025-06-25"
"4559","Lillooet_SW","Lillooet","SW","Anabat_Chorus","Anabat_Chorus",2025-06-25,"MYYU",2,"SM2","Lillooet_SW|2025-06-25"
"4560","Lillooet_SW","Lillooet","SW","Anabat_Chorus","Anabat_Chorus",2025-06-25,"PAHE",0,"SM2","Lillooet_SW|2025-06-25"
"4561","Lillooet_SW","Lillooet","SW","Anabat_Chorus","Anabat_Chorus",2025-06-26,"ANPA",0,"SM2","Lillooet_SW|2025-06-26"
"4562","Lillooet_SW","Lillooet","SW","Anabat_Chorus","Anabat_Chorus",2025-06-26,"COTO",0,"SM2","Lillooet_SW|2025-06-26"
"4563","Lillooet_SW","Lillooet","SW","Anabat_Chorus","Anabat_Chorus",2025-06-26,"EPFU",28,"SM2","Lillooet_SW|2025-06-26"
"4564","Lillooet_SW","Lillooet","SW","Anabat_Chorus","Anabat_Chorus",2025-06-26,"EUMA",0,"SM2","Lillooet_SW|2025-06-26"
"4565","Lillooet_SW","Lillooet","SW","Anabat_Chorus","Anabat_Chorus",2025-06-26,"LABO",0,"SM2","Lillooet_SW|2025-06-26"
"4566","Lillooet_SW","Lillooet","SW","Anabat_Chorus","Anabat_Chorus",2025-06-26,"LACI",10,"SM2","Lillooet_SW|2025-06-26"
"4567","Lillooet_SW","Lillooet","SW","Anabat_Chorus","Anabat_Chorus",2025-06-26,"LANO",20,"SM2","Lillooet_SW|2025-06-26"
"4568","Lillooet_SW","Lillooet","SW","Anabat_Chorus","Anabat_Chorus",2025-06-26,"MYCA",8,"SM2","Lillooet_SW|2025-06-26"
"4569","Lillooet_SW","Lillooet","SW","Anabat_Chorus","Anabat_Chorus",2025-06-26,"MYCI",40,"SM2","Lillooet_SW|2025-06-26"
"4570","Lillooet_SW","Lillooet","SW","Anabat_Chorus","Anabat_Chorus",2025-06-26,"MYEV",4,"SM2","Lillooet_SW|2025-06-26"
"4571","Lillooet_SW","Lillooet","SW","Anabat_Chorus","Anabat_Chorus",2025-06-26,"MYLU",4,"SM2","Lillooet_SW|2025-06-26"
"4572","Lillooet_SW","Lillooet","SW","Anabat_Chorus","Anabat_Chorus",2025-06-26,"MYSE",0,"SM2","Lillooet_SW|2025-06-26"
"4573","Lillooet_SW","Lillooet","SW","Anabat_Chorus","Anabat_Chorus",2025-06-26,"MYTH",0,"SM2","Lillooet_SW|2025-06-26"
"4574","Lillooet_SW","Lillooet","SW","Anabat_Chorus","Anabat_Chorus",2025-06-26,"MYVO",10,"SM2","Lillooet_SW|2025-06-26"
"4575","Lillooet_SW","Lillooet","SW","Anabat_Chorus","Anabat_Chorus",2025-06-26,"MYYU",1,"SM2","Lillooet_SW|2025-06-26"
"4576","Lillooet_SW","Lillooet","SW","Anabat_Chorus","Anabat_Chorus",2025-06-26,"PAHE",0,"SM2","Lillooet_SW|2025-06-26"
"4577","MeadowCreek_NE","MeadowCreek","NE","SM2","Other_FS",2025-06-02,"ANPA",0,"SM2","MeadowCreek_NE|2025-06-02"
"4578","MeadowCreek_NE","MeadowCreek","NE","SM2","Other_FS",2025-06-02,"COTO",0,"SM2","MeadowCreek_NE|2025-06-02"
"4579","MeadowCreek_NE","MeadowCreek","NE","SM2","Other_FS",2025-06-02,"EPFU",0,"SM2","MeadowCreek_NE|2025-06-02"
"4580","MeadowCreek_NE","MeadowCreek","NE","SM2","Other_FS",2025-06-02,"EUMA",0,"SM2","MeadowCreek_NE|2025-06-02"
"4581","MeadowCreek_NE","MeadowCreek","NE","SM2","Other_FS",2025-06-02,"LABO",0,"SM2","MeadowCreek_NE|2025-06-02"
"4582","MeadowCreek_NE","MeadowCreek","NE","SM2","Other_FS",2025-06-02,"LACI",0,"SM2","MeadowCreek_NE|2025-06-02"
"4583","MeadowCreek_NE","MeadowCreek","NE","SM2","Other_FS",2025-06-02,"LANO",9,"SM2","MeadowCreek_NE|2025-06-02"
"4584","MeadowCreek_NE","MeadowCreek","NE","SM2","Other_FS",2025-06-02,"MYCA",3,"SM2","MeadowCreek_NE|2025-06-02"
"4585","MeadowCreek_NE","MeadowCreek","NE","SM2","Other_FS",2025-06-02,"MYCI",0,"SM2","MeadowCreek_NE|2025-06-02"
"4586","MeadowCreek_NE","MeadowCreek","NE","SM2","Other_FS",2025-06-02,"MYEV",1,"SM2","MeadowCreek_NE|2025-06-02"
"4587","MeadowCreek_NE","MeadowCreek","NE","SM2","Other_FS",2025-06-02,"MYLU",2,"SM2","MeadowCreek_NE|2025-06-02"
"4588","MeadowCreek_NE","MeadowCreek","NE","SM2","Other_FS",2025-06-02,"MYSE",1,"SM2","MeadowCreek_NE|2025-06-02"
"4589","MeadowCreek_NE","MeadowCreek","NE","SM2","Other_FS",2025-06-02,"MYTH",0,"SM2","MeadowCreek_NE|2025-06-02"
"4590","MeadowCreek_NE","MeadowCreek","NE","SM2","Other_FS",2025-06-02,"MYVO",0,"SM2","MeadowCreek_NE|2025-06-02"
"4591","MeadowCreek_NE","MeadowCreek","NE","SM2","Other_FS",2025-06-02,"MYYU",0,"SM2","MeadowCreek_NE|2025-06-02"
"4592","MeadowCreek_NE","MeadowCreek","NE","SM2","Other_FS",2025-06-02,"PAHE",0,"SM2","MeadowCreek_NE|2025-06-02"
"4593","MeadowCreek_NE","MeadowCreek","NE","SM2","Other_FS",2025-06-03,"ANPA",0,"SM2","MeadowCreek_NE|2025-06-03"
"4594","MeadowCreek_NE","MeadowCreek","NE","SM2","Other_FS",2025-06-03,"COTO",0,"SM2","MeadowCreek_NE|2025-06-03"
"4595","MeadowCreek_NE","MeadowCreek","NE","SM2","Other_FS",2025-06-03,"EPFU",0,"SM2","MeadowCreek_NE|2025-06-03"
"4596","MeadowCreek_NE","MeadowCreek","NE","SM2","Other_FS",2025-06-03,"EUMA",0,"SM2","MeadowCreek_NE|2025-06-03"
"4597","MeadowCreek_NE","MeadowCreek","NE","SM2","Other_FS",2025-06-03,"LABO",0,"SM2","MeadowCreek_NE|2025-06-03"
"4598","MeadowCreek_NE","MeadowCreek","NE","SM2","Other_FS",2025-06-03,"LACI",0,"SM2","MeadowCreek_NE|2025-06-03"
"4599","MeadowCreek_NE","MeadowCreek","NE","SM2","Other_FS",2025-06-03,"LANO",1,"SM2","MeadowCreek_NE|2025-06-03"
"4600","MeadowCreek_NE","MeadowCreek","NE","SM2","Other_FS",2025-06-03,"MYCA",3,"SM2","MeadowCreek_NE|2025-06-03"
"4601","MeadowCreek_NE","MeadowCreek","NE","SM2","Other_FS",2025-06-03,"MYCI",0,"SM2","MeadowCreek_NE|2025-06-03"
"4602","MeadowCreek_NE","MeadowCreek","NE","SM2","Other_FS",2025-06-03,"MYEV",0,"SM2","MeadowCreek_NE|2025-06-03"
"4603","MeadowCreek_NE","MeadowCreek","NE","SM2","Other_FS",2025-06-03,"MYLU",0,"SM2","MeadowCreek_NE|2025-06-03"
"4604","MeadowCreek_NE","MeadowCreek","NE","SM2","Other_FS",2025-06-03,"MYSE",1,"SM2","MeadowCreek_NE|2025-06-03"
"4605","MeadowCreek_NE","MeadowCreek","NE","SM2","Other_FS",2025-06-03,"MYTH",0,"SM2","MeadowCreek_NE|2025-06-03"
"4606","MeadowCreek_NE","MeadowCreek","NE","SM2","Other_FS",2025-06-03,"MYVO",0,"SM2","MeadowCreek_NE|2025-06-03"
"4607","MeadowCreek_NE","MeadowCreek","NE","SM2","Other_FS",2025-06-03,"MYYU",0,"SM2","MeadowCreek_NE|2025-06-03"
"4608","MeadowCreek_NE","MeadowCreek","NE","SM2","Other_FS",2025-06-03,"PAHE",0,"SM2","MeadowCreek_NE|2025-06-03"
"4609","MeadowCreek_NE","MeadowCreek","NE","SM2","Other_FS",2025-06-04,"ANPA",0,"SM2","MeadowCreek_NE|2025-06-04"
"4610","MeadowCreek_NE","MeadowCreek","NE","SM2","Other_FS",2025-06-04,"COTO",0,"SM2","MeadowCreek_NE|2025-06-04"
"4611","MeadowCreek_NE","MeadowCreek","NE","SM2","Other_FS",2025-06-04,"EPFU",3,"SM2","MeadowCreek_NE|2025-06-04"
"4612","MeadowCreek_NE","MeadowCreek","NE","SM2","Other_FS",2025-06-04,"EUMA",0,"SM2","MeadowCreek_NE|2025-06-04"
"4613","MeadowCreek_NE","MeadowCreek","NE","SM2","Other_FS",2025-06-04,"LABO",0,"SM2","MeadowCreek_NE|2025-06-04"
"4614","MeadowCreek_NE","MeadowCreek","NE","SM2","Other_FS",2025-06-04,"LACI",0,"SM2","MeadowCreek_NE|2025-06-04"
"4615","MeadowCreek_NE","MeadowCreek","NE","SM2","Other_FS",2025-06-04,"LANO",6,"SM2","MeadowCreek_NE|2025-06-04"
"4616","MeadowCreek_NE","MeadowCreek","NE","SM2","Other_FS",2025-06-04,"MYCA",8,"SM2","MeadowCreek_NE|2025-06-04"
"4617","MeadowCreek_NE","MeadowCreek","NE","SM2","Other_FS",2025-06-04,"MYCI",0,"SM2","MeadowCreek_NE|2025-06-04"
"4618","MeadowCreek_NE","MeadowCreek","NE","SM2","Other_FS",2025-06-04,"MYEV",2,"SM2","MeadowCreek_NE|2025-06-04"
"4619","MeadowCreek_NE","MeadowCreek","NE","SM2","Other_FS",2025-06-04,"MYLU",3,"SM2","MeadowCreek_NE|2025-06-04"
"4620","MeadowCreek_NE","MeadowCreek","NE","SM2","Other_FS",2025-06-04,"MYSE",1,"SM2","MeadowCreek_NE|2025-06-04"
"4621","MeadowCreek_NE","MeadowCreek","NE","SM2","Other_FS",2025-06-04,"MYTH",0,"SM2","MeadowCreek_NE|2025-06-04"
"4622","MeadowCreek_NE","MeadowCreek","NE","SM2","Other_FS",2025-06-04,"MYVO",0,"SM2","MeadowCreek_NE|2025-06-04"
"4623","MeadowCreek_NE","MeadowCreek","NE","SM2","Other_FS",2025-06-04,"MYYU",0,"SM2","MeadowCreek_NE|2025-06-04"
"4624","MeadowCreek_NE","MeadowCreek","NE","SM2","Other_FS",2025-06-04,"PAHE",0,"SM2","MeadowCreek_NE|2025-06-04"
"4625","MeadowCreek_NE","MeadowCreek","NE","SM2","Other_FS",2025-06-05,"ANPA",0,"SM2","MeadowCreek_NE|2025-06-05"
"4626","MeadowCreek_NE","MeadowCreek","NE","SM2","Other_FS",2025-06-05,"COTO",0,"SM2","MeadowCreek_NE|2025-06-05"
"4627","MeadowCreek_NE","MeadowCreek","NE","SM2","Other_FS",2025-06-05,"EPFU",4,"SM2","MeadowCreek_NE|2025-06-05"
"4628","MeadowCreek_NE","MeadowCreek","NE","SM2","Other_FS",2025-06-05,"EUMA",0,"SM2","MeadowCreek_NE|2025-06-05"
"4629","MeadowCreek_NE","MeadowCreek","NE","SM2","Other_FS",2025-06-05,"LABO",0,"SM2","MeadowCreek_NE|2025-06-05"
"4630","MeadowCreek_NE","MeadowCreek","NE","SM2","Other_FS",2025-06-05,"LACI",0,"SM2","MeadowCreek_NE|2025-06-05"
"4631","MeadowCreek_NE","MeadowCreek","NE","SM2","Other_FS",2025-06-05,"LANO",35,"SM2","MeadowCreek_NE|2025-06-05"
"4632","MeadowCreek_NE","MeadowCreek","NE","SM2","Other_FS",2025-06-05,"MYCA",8,"SM2","MeadowCreek_NE|2025-06-05"
"4633","MeadowCreek_NE","MeadowCreek","NE","SM2","Other_FS",2025-06-05,"MYCI",0,"SM2","MeadowCreek_NE|2025-06-05"
"4634","MeadowCreek_NE","MeadowCreek","NE","SM2","Other_FS",2025-06-05,"MYEV",1,"SM2","MeadowCreek_NE|2025-06-05"
"4635","MeadowCreek_NE","MeadowCreek","NE","SM2","Other_FS",2025-06-05,"MYLU",2,"SM2","MeadowCreek_NE|2025-06-05"
"4636","MeadowCreek_NE","MeadowCreek","NE","SM2","Other_FS",2025-06-05,"MYSE",2,"SM2","MeadowCreek_NE|2025-06-05"
"4637","MeadowCreek_NE","MeadowCreek","NE","SM2","Other_FS",2025-06-05,"MYTH",1,"SM2","MeadowCreek_NE|2025-06-05"
"4638","MeadowCreek_NE","MeadowCreek","NE","SM2","Other_FS",2025-06-05,"MYVO",0,"SM2","MeadowCreek_NE|2025-06-05"
"4639","MeadowCreek_NE","MeadowCreek","NE","SM2","Other_FS",2025-06-05,"MYYU",0,"SM2","MeadowCreek_NE|2025-06-05"
"4640","MeadowCreek_NE","MeadowCreek","NE","SM2","Other_FS",2025-06-05,"PAHE",0,"SM2","MeadowCreek_NE|2025-06-05"
"4641","MeadowCreek_NE","MeadowCreek","NE","SM2","Other_FS",2025-06-06,"ANPA",0,"SM2","MeadowCreek_NE|2025-06-06"
"4642","MeadowCreek_NE","MeadowCreek","NE","SM2","Other_FS",2025-06-06,"COTO",0,"SM2","MeadowCreek_NE|2025-06-06"
"4643","MeadowCreek_NE","MeadowCreek","NE","SM2","Other_FS",2025-06-06,"EPFU",0,"SM2","MeadowCreek_NE|2025-06-06"
"4644","MeadowCreek_NE","MeadowCreek","NE","SM2","Other_FS",2025-06-06,"EUMA",0,"SM2","MeadowCreek_NE|2025-06-06"
"4645","MeadowCreek_NE","MeadowCreek","NE","SM2","Other_FS",2025-06-06,"LABO",0,"SM2","MeadowCreek_NE|2025-06-06"
"4646","MeadowCreek_NE","MeadowCreek","NE","SM2","Other_FS",2025-06-06,"LACI",0,"SM2","MeadowCreek_NE|2025-06-06"
"4647","MeadowCreek_NE","MeadowCreek","NE","SM2","Other_FS",2025-06-06,"LANO",2,"SM2","MeadowCreek_NE|2025-06-06"
"4648","MeadowCreek_NE","MeadowCreek","NE","SM2","Other_FS",2025-06-06,"MYCA",9,"SM2","MeadowCreek_NE|2025-06-06"
"4649","MeadowCreek_NE","MeadowCreek","NE","SM2","Other_FS",2025-06-06,"MYCI",0,"SM2","MeadowCreek_NE|2025-06-06"
"4650","MeadowCreek_NE","MeadowCreek","NE","SM2","Other_FS",2025-06-06,"MYEV",1,"SM2","MeadowCreek_NE|2025-06-06"
"4651","MeadowCreek_NE","MeadowCreek","NE","SM2","Other_FS",2025-06-06,"MYLU",0,"SM2","MeadowCreek_NE|2025-06-06"
"4652","MeadowCreek_NE","MeadowCreek","NE","SM2","Other_FS",2025-06-06,"MYSE",1,"SM2","MeadowCreek_NE|2025-06-06"
"4653","MeadowCreek_NE","MeadowCreek","NE","SM2","Other_FS",2025-06-06,"MYTH",0,"SM2","MeadowCreek_NE|2025-06-06"
"4654","MeadowCreek_NE","MeadowCreek","NE","SM2","Other_FS",2025-06-06,"MYVO",1,"SM2","MeadowCreek_NE|2025-06-06"
"4655","MeadowCreek_NE","MeadowCreek","NE","SM2","Other_FS",2025-06-06,"MYYU",0,"SM2","MeadowCreek_NE|2025-06-06"
"4656","MeadowCreek_NE","MeadowCreek","NE","SM2","Other_FS",2025-06-06,"PAHE",0,"SM2","MeadowCreek_NE|2025-06-06"
"4657","MeadowCreek_NE","MeadowCreek","NE","SM2","Other_FS",2025-06-07,"ANPA",0,"SM2","MeadowCreek_NE|2025-06-07"
"4658","MeadowCreek_NE","MeadowCreek","NE","SM2","Other_FS",2025-06-07,"COTO",0,"SM2","MeadowCreek_NE|2025-06-07"
"4659","MeadowCreek_NE","MeadowCreek","NE","SM2","Other_FS",2025-06-07,"EPFU",8,"SM2","MeadowCreek_NE|2025-06-07"
"4660","MeadowCreek_NE","MeadowCreek","NE","SM2","Other_FS",2025-06-07,"EUMA",0,"SM2","MeadowCreek_NE|2025-06-07"
"4661","MeadowCreek_NE","MeadowCreek","NE","SM2","Other_FS",2025-06-07,"LABO",0,"SM2","MeadowCreek_NE|2025-06-07"
"4662","MeadowCreek_NE","MeadowCreek","NE","SM2","Other_FS",2025-06-07,"LACI",0,"SM2","MeadowCreek_NE|2025-06-07"
"4663","MeadowCreek_NE","MeadowCreek","NE","SM2","Other_FS",2025-06-07,"LANO",81,"SM2","MeadowCreek_NE|2025-06-07"
"4664","MeadowCreek_NE","MeadowCreek","NE","SM2","Other_FS",2025-06-07,"MYCA",3,"SM2","MeadowCreek_NE|2025-06-07"
"4665","MeadowCreek_NE","MeadowCreek","NE","SM2","Other_FS",2025-06-07,"MYCI",0,"SM2","MeadowCreek_NE|2025-06-07"
"4666","MeadowCreek_NE","MeadowCreek","NE","SM2","Other_FS",2025-06-07,"MYEV",6,"SM2","MeadowCreek_NE|2025-06-07"
"4667","MeadowCreek_NE","MeadowCreek","NE","SM2","Other_FS",2025-06-07,"MYLU",2,"SM2","MeadowCreek_NE|2025-06-07"
"4668","MeadowCreek_NE","MeadowCreek","NE","SM2","Other_FS",2025-06-07,"MYSE",6,"SM2","MeadowCreek_NE|2025-06-07"
"4669","MeadowCreek_NE","MeadowCreek","NE","SM2","Other_FS",2025-06-07,"MYTH",0,"SM2","MeadowCreek_NE|2025-06-07"
"4670","MeadowCreek_NE","MeadowCreek","NE","SM2","Other_FS",2025-06-07,"MYVO",1,"SM2","MeadowCreek_NE|2025-06-07"
"4671","MeadowCreek_NE","MeadowCreek","NE","SM2","Other_FS",2025-06-07,"MYYU",0,"SM2","MeadowCreek_NE|2025-06-07"
"4672","MeadowCreek_NE","MeadowCreek","NE","SM2","Other_FS",2025-06-07,"PAHE",0,"SM2","MeadowCreek_NE|2025-06-07"
"4673","MeadowCreek_NE","MeadowCreek","NE","SM2","Other_FS",2025-06-08,"ANPA",0,"SM2","MeadowCreek_NE|2025-06-08"
"4674","MeadowCreek_NE","MeadowCreek","NE","SM2","Other_FS",2025-06-08,"COTO",0,"SM2","MeadowCreek_NE|2025-06-08"
"4675","MeadowCreek_NE","MeadowCreek","NE","SM2","Other_FS",2025-06-08,"EPFU",4,"SM2","MeadowCreek_NE|2025-06-08"
"4676","MeadowCreek_NE","MeadowCreek","NE","SM2","Other_FS",2025-06-08,"EUMA",0,"SM2","MeadowCreek_NE|2025-06-08"
"4677","MeadowCreek_NE","MeadowCreek","NE","SM2","Other_FS",2025-06-08,"LABO",0,"SM2","MeadowCreek_NE|2025-06-08"
"4678","MeadowCreek_NE","MeadowCreek","NE","SM2","Other_FS",2025-06-08,"LACI",1,"SM2","MeadowCreek_NE|2025-06-08"
"4679","MeadowCreek_NE","MeadowCreek","NE","SM2","Other_FS",2025-06-08,"LANO",10,"SM2","MeadowCreek_NE|2025-06-08"
"4680","MeadowCreek_NE","MeadowCreek","NE","SM2","Other_FS",2025-06-08,"MYCA",9,"SM2","MeadowCreek_NE|2025-06-08"
"4681","MeadowCreek_NE","MeadowCreek","NE","SM2","Other_FS",2025-06-08,"MYCI",0,"SM2","MeadowCreek_NE|2025-06-08"
"4682","MeadowCreek_NE","MeadowCreek","NE","SM2","Other_FS",2025-06-08,"MYEV",3,"SM2","MeadowCreek_NE|2025-06-08"
"4683","MeadowCreek_NE","MeadowCreek","NE","SM2","Other_FS",2025-06-08,"MYLU",2,"SM2","MeadowCreek_NE|2025-06-08"
"4684","MeadowCreek_NE","MeadowCreek","NE","SM2","Other_FS",2025-06-08,"MYSE",3,"SM2","MeadowCreek_NE|2025-06-08"
"4685","MeadowCreek_NE","MeadowCreek","NE","SM2","Other_FS",2025-06-08,"MYTH",0,"SM2","MeadowCreek_NE|2025-06-08"
"4686","MeadowCreek_NE","MeadowCreek","NE","SM2","Other_FS",2025-06-08,"MYVO",2,"SM2","MeadowCreek_NE|2025-06-08"
"4687","MeadowCreek_NE","MeadowCreek","NE","SM2","Other_FS",2025-06-08,"MYYU",1,"SM2","MeadowCreek_NE|2025-06-08"
"4688","MeadowCreek_NE","MeadowCreek","NE","SM2","Other_FS",2025-06-08,"PAHE",0,"SM2","MeadowCreek_NE|2025-06-08"
"4689","MeadowCreek_NE","MeadowCreek","NE","Anabat_Chorus","Anabat_Chorus",2025-06-02,"ANPA",0,"SM2","MeadowCreek_NE|2025-06-02"
"4690","MeadowCreek_NE","MeadowCreek","NE","Anabat_Chorus","Anabat_Chorus",2025-06-02,"COTO",0,"SM2","MeadowCreek_NE|2025-06-02"
"4691","MeadowCreek_NE","MeadowCreek","NE","Anabat_Chorus","Anabat_Chorus",2025-06-02,"EPFU",2,"SM2","MeadowCreek_NE|2025-06-02"
"4692","MeadowCreek_NE","MeadowCreek","NE","Anabat_Chorus","Anabat_Chorus",2025-06-02,"EUMA",0,"SM2","MeadowCreek_NE|2025-06-02"
"4693","MeadowCreek_NE","MeadowCreek","NE","Anabat_Chorus","Anabat_Chorus",2025-06-02,"LABO",1,"SM2","MeadowCreek_NE|2025-06-02"
"4694","MeadowCreek_NE","MeadowCreek","NE","Anabat_Chorus","Anabat_Chorus",2025-06-02,"LACI",0,"SM2","MeadowCreek_NE|2025-06-02"
"4695","MeadowCreek_NE","MeadowCreek","NE","Anabat_Chorus","Anabat_Chorus",2025-06-02,"LANO",5,"SM2","MeadowCreek_NE|2025-06-02"
"4696","MeadowCreek_NE","MeadowCreek","NE","Anabat_Chorus","Anabat_Chorus",2025-06-02,"MYCA",3,"SM2","MeadowCreek_NE|2025-06-02"
"4697","MeadowCreek_NE","MeadowCreek","NE","Anabat_Chorus","Anabat_Chorus",2025-06-02,"MYCI",0,"SM2","MeadowCreek_NE|2025-06-02"
"4698","MeadowCreek_NE","MeadowCreek","NE","Anabat_Chorus","Anabat_Chorus",2025-06-02,"MYEV",0,"SM2","MeadowCreek_NE|2025-06-02"
"4699","MeadowCreek_NE","MeadowCreek","NE","Anabat_Chorus","Anabat_Chorus",2025-06-02,"MYLU",2,"SM2","MeadowCreek_NE|2025-06-02"
"4700","MeadowCreek_NE","MeadowCreek","NE","Anabat_Chorus","Anabat_Chorus",2025-06-02,"MYSE",2,"SM2","MeadowCreek_NE|2025-06-02"
"4701","MeadowCreek_NE","MeadowCreek","NE","Anabat_Chorus","Anabat_Chorus",2025-06-02,"MYTH",0,"SM2","MeadowCreek_NE|2025-06-02"
"4702","MeadowCreek_NE","MeadowCreek","NE","Anabat_Chorus","Anabat_Chorus",2025-06-02,"MYVO",0,"SM2","MeadowCreek_NE|2025-06-02"
"4703","MeadowCreek_NE","MeadowCreek","NE","Anabat_Chorus","Anabat_Chorus",2025-06-02,"MYYU",0,"SM2","MeadowCreek_NE|2025-06-02"
"4704","MeadowCreek_NE","MeadowCreek","NE","Anabat_Chorus","Anabat_Chorus",2025-06-02,"PAHE",0,"SM2","MeadowCreek_NE|2025-06-02"
"4705","MeadowCreek_NE","MeadowCreek","NE","Anabat_Chorus","Anabat_Chorus",2025-06-03,"ANPA",0,"SM2","MeadowCreek_NE|2025-06-03"
"4706","MeadowCreek_NE","MeadowCreek","NE","Anabat_Chorus","Anabat_Chorus",2025-06-03,"COTO",0,"SM2","MeadowCreek_NE|2025-06-03"
"4707","MeadowCreek_NE","MeadowCreek","NE","Anabat_Chorus","Anabat_Chorus",2025-06-03,"EPFU",1,"SM2","MeadowCreek_NE|2025-06-03"
"4708","MeadowCreek_NE","MeadowCreek","NE","Anabat_Chorus","Anabat_Chorus",2025-06-03,"EUMA",0,"SM2","MeadowCreek_NE|2025-06-03"
"4709","MeadowCreek_NE","MeadowCreek","NE","Anabat_Chorus","Anabat_Chorus",2025-06-03,"LABO",0,"SM2","MeadowCreek_NE|2025-06-03"
"4710","MeadowCreek_NE","MeadowCreek","NE","Anabat_Chorus","Anabat_Chorus",2025-06-03,"LACI",0,"SM2","MeadowCreek_NE|2025-06-03"
"4711","MeadowCreek_NE","MeadowCreek","NE","Anabat_Chorus","Anabat_Chorus",2025-06-03,"LANO",0,"SM2","MeadowCreek_NE|2025-06-03"
"4712","MeadowCreek_NE","MeadowCreek","NE","Anabat_Chorus","Anabat_Chorus",2025-06-03,"MYCA",4,"SM2","MeadowCreek_NE|2025-06-03"
"4713","MeadowCreek_NE","MeadowCreek","NE","Anabat_Chorus","Anabat_Chorus",2025-06-03,"MYCI",0,"SM2","MeadowCreek_NE|2025-06-03"
"4714","MeadowCreek_NE","MeadowCreek","NE","Anabat_Chorus","Anabat_Chorus",2025-06-03,"MYEV",1,"SM2","MeadowCreek_NE|2025-06-03"
"4715","MeadowCreek_NE","MeadowCreek","NE","Anabat_Chorus","Anabat_Chorus",2025-06-03,"MYLU",0,"SM2","MeadowCreek_NE|2025-06-03"
"4716","MeadowCreek_NE","MeadowCreek","NE","Anabat_Chorus","Anabat_Chorus",2025-06-03,"MYSE",1,"SM2","MeadowCreek_NE|2025-06-03"
"4717","MeadowCreek_NE","MeadowCreek","NE","Anabat_Chorus","Anabat_Chorus",2025-06-03,"MYTH",0,"SM2","MeadowCreek_NE|2025-06-03"
"4718","MeadowCreek_NE","MeadowCreek","NE","Anabat_Chorus","Anabat_Chorus",2025-06-03,"MYVO",0,"SM2","MeadowCreek_NE|2025-06-03"
"4719","MeadowCreek_NE","MeadowCreek","NE","Anabat_Chorus","Anabat_Chorus",2025-06-03,"MYYU",0,"SM2","MeadowCreek_NE|2025-06-03"
"4720","MeadowCreek_NE","MeadowCreek","NE","Anabat_Chorus","Anabat_Chorus",2025-06-03,"PAHE",0,"SM2","MeadowCreek_NE|2025-06-03"
"4721","MeadowCreek_NE","MeadowCreek","NE","Anabat_Chorus","Anabat_Chorus",2025-06-04,"ANPA",0,"SM2","MeadowCreek_NE|2025-06-04"
"4722","MeadowCreek_NE","MeadowCreek","NE","Anabat_Chorus","Anabat_Chorus",2025-06-04,"COTO",0,"SM2","MeadowCreek_NE|2025-06-04"
"4723","MeadowCreek_NE","MeadowCreek","NE","Anabat_Chorus","Anabat_Chorus",2025-06-04,"EPFU",6,"SM2","MeadowCreek_NE|2025-06-04"
"4724","MeadowCreek_NE","MeadowCreek","NE","Anabat_Chorus","Anabat_Chorus",2025-06-04,"EUMA",0,"SM2","MeadowCreek_NE|2025-06-04"
"4725","MeadowCreek_NE","MeadowCreek","NE","Anabat_Chorus","Anabat_Chorus",2025-06-04,"LABO",0,"SM2","MeadowCreek_NE|2025-06-04"
"4726","MeadowCreek_NE","MeadowCreek","NE","Anabat_Chorus","Anabat_Chorus",2025-06-04,"LACI",0,"SM2","MeadowCreek_NE|2025-06-04"
"4727","MeadowCreek_NE","MeadowCreek","NE","Anabat_Chorus","Anabat_Chorus",2025-06-04,"LANO",3,"SM2","MeadowCreek_NE|2025-06-04"
"4728","MeadowCreek_NE","MeadowCreek","NE","Anabat_Chorus","Anabat_Chorus",2025-06-04,"MYCA",12,"SM2","MeadowCreek_NE|2025-06-04"
"4729","MeadowCreek_NE","MeadowCreek","NE","Anabat_Chorus","Anabat_Chorus",2025-06-04,"MYCI",0,"SM2","MeadowCreek_NE|2025-06-04"
"4730","MeadowCreek_NE","MeadowCreek","NE","Anabat_Chorus","Anabat_Chorus",2025-06-04,"MYEV",5,"SM2","MeadowCreek_NE|2025-06-04"
"4731","MeadowCreek_NE","MeadowCreek","NE","Anabat_Chorus","Anabat_Chorus",2025-06-04,"MYLU",3,"SM2","MeadowCreek_NE|2025-06-04"
"4732","MeadowCreek_NE","MeadowCreek","NE","Anabat_Chorus","Anabat_Chorus",2025-06-04,"MYSE",2,"SM2","MeadowCreek_NE|2025-06-04"
"4733","MeadowCreek_NE","MeadowCreek","NE","Anabat_Chorus","Anabat_Chorus",2025-06-04,"MYTH",0,"SM2","MeadowCreek_NE|2025-06-04"
"4734","MeadowCreek_NE","MeadowCreek","NE","Anabat_Chorus","Anabat_Chorus",2025-06-04,"MYVO",3,"SM2","MeadowCreek_NE|2025-06-04"
"4735","MeadowCreek_NE","MeadowCreek","NE","Anabat_Chorus","Anabat_Chorus",2025-06-04,"MYYU",1,"SM2","MeadowCreek_NE|2025-06-04"
"4736","MeadowCreek_NE","MeadowCreek","NE","Anabat_Chorus","Anabat_Chorus",2025-06-04,"PAHE",0,"SM2","MeadowCreek_NE|2025-06-04"
"4737","MeadowCreek_NE","MeadowCreek","NE","Anabat_Chorus","Anabat_Chorus",2025-06-05,"ANPA",0,"SM2","MeadowCreek_NE|2025-06-05"
"4738","MeadowCreek_NE","MeadowCreek","NE","Anabat_Chorus","Anabat_Chorus",2025-06-05,"COTO",0,"SM2","MeadowCreek_NE|2025-06-05"
"4739","MeadowCreek_NE","MeadowCreek","NE","Anabat_Chorus","Anabat_Chorus",2025-06-05,"EPFU",5,"SM2","MeadowCreek_NE|2025-06-05"
"4740","MeadowCreek_NE","MeadowCreek","NE","Anabat_Chorus","Anabat_Chorus",2025-06-05,"EUMA",0,"SM2","MeadowCreek_NE|2025-06-05"
"4741","MeadowCreek_NE","MeadowCreek","NE","Anabat_Chorus","Anabat_Chorus",2025-06-05,"LABO",0,"SM2","MeadowCreek_NE|2025-06-05"
"4742","MeadowCreek_NE","MeadowCreek","NE","Anabat_Chorus","Anabat_Chorus",2025-06-05,"LACI",0,"SM2","MeadowCreek_NE|2025-06-05"
"4743","MeadowCreek_NE","MeadowCreek","NE","Anabat_Chorus","Anabat_Chorus",2025-06-05,"LANO",14,"SM2","MeadowCreek_NE|2025-06-05"
"4744","MeadowCreek_NE","MeadowCreek","NE","Anabat_Chorus","Anabat_Chorus",2025-06-05,"MYCA",9,"SM2","MeadowCreek_NE|2025-06-05"
"4745","MeadowCreek_NE","MeadowCreek","NE","Anabat_Chorus","Anabat_Chorus",2025-06-05,"MYCI",0,"SM2","MeadowCreek_NE|2025-06-05"
"4746","MeadowCreek_NE","MeadowCreek","NE","Anabat_Chorus","Anabat_Chorus",2025-06-05,"MYEV",2,"SM2","MeadowCreek_NE|2025-06-05"
"4747","MeadowCreek_NE","MeadowCreek","NE","Anabat_Chorus","Anabat_Chorus",2025-06-05,"MYLU",2,"SM2","MeadowCreek_NE|2025-06-05"
"4748","MeadowCreek_NE","MeadowCreek","NE","Anabat_Chorus","Anabat_Chorus",2025-06-05,"MYSE",2,"SM2","MeadowCreek_NE|2025-06-05"
"4749","MeadowCreek_NE","MeadowCreek","NE","Anabat_Chorus","Anabat_Chorus",2025-06-05,"MYTH",0,"SM2","MeadowCreek_NE|2025-06-05"
"4750","MeadowCreek_NE","MeadowCreek","NE","Anabat_Chorus","Anabat_Chorus",2025-06-05,"MYVO",3,"SM2","MeadowCreek_NE|2025-06-05"
"4751","MeadowCreek_NE","MeadowCreek","NE","Anabat_Chorus","Anabat_Chorus",2025-06-05,"MYYU",0,"SM2","MeadowCreek_NE|2025-06-05"
"4752","MeadowCreek_NE","MeadowCreek","NE","Anabat_Chorus","Anabat_Chorus",2025-06-05,"PAHE",0,"SM2","MeadowCreek_NE|2025-06-05"
"4753","MeadowCreek_NE","MeadowCreek","NE","Anabat_Chorus","Anabat_Chorus",2025-06-06,"ANPA",0,"SM2","MeadowCreek_NE|2025-06-06"
"4754","MeadowCreek_NE","MeadowCreek","NE","Anabat_Chorus","Anabat_Chorus",2025-06-06,"COTO",0,"SM2","MeadowCreek_NE|2025-06-06"
"4755","MeadowCreek_NE","MeadowCreek","NE","Anabat_Chorus","Anabat_Chorus",2025-06-06,"EPFU",2,"SM2","MeadowCreek_NE|2025-06-06"
"4756","MeadowCreek_NE","MeadowCreek","NE","Anabat_Chorus","Anabat_Chorus",2025-06-06,"EUMA",0,"SM2","MeadowCreek_NE|2025-06-06"
"4757","MeadowCreek_NE","MeadowCreek","NE","Anabat_Chorus","Anabat_Chorus",2025-06-06,"LABO",0,"SM2","MeadowCreek_NE|2025-06-06"
"4758","MeadowCreek_NE","MeadowCreek","NE","Anabat_Chorus","Anabat_Chorus",2025-06-06,"LACI",0,"SM2","MeadowCreek_NE|2025-06-06"
"4759","MeadowCreek_NE","MeadowCreek","NE","Anabat_Chorus","Anabat_Chorus",2025-06-06,"LANO",2,"SM2","MeadowCreek_NE|2025-06-06"
"4760","MeadowCreek_NE","MeadowCreek","NE","Anabat_Chorus","Anabat_Chorus",2025-06-06,"MYCA",16,"SM2","MeadowCreek_NE|2025-06-06"
"4761","MeadowCreek_NE","MeadowCreek","NE","Anabat_Chorus","Anabat_Chorus",2025-06-06,"MYCI",0,"SM2","MeadowCreek_NE|2025-06-06"
"4762","MeadowCreek_NE","MeadowCreek","NE","Anabat_Chorus","Anabat_Chorus",2025-06-06,"MYEV",3,"SM2","MeadowCreek_NE|2025-06-06"
"4763","MeadowCreek_NE","MeadowCreek","NE","Anabat_Chorus","Anabat_Chorus",2025-06-06,"MYLU",2,"SM2","MeadowCreek_NE|2025-06-06"
"4764","MeadowCreek_NE","MeadowCreek","NE","Anabat_Chorus","Anabat_Chorus",2025-06-06,"MYSE",3,"SM2","MeadowCreek_NE|2025-06-06"
"4765","MeadowCreek_NE","MeadowCreek","NE","Anabat_Chorus","Anabat_Chorus",2025-06-06,"MYTH",0,"SM2","MeadowCreek_NE|2025-06-06"
"4766","MeadowCreek_NE","MeadowCreek","NE","Anabat_Chorus","Anabat_Chorus",2025-06-06,"MYVO",7,"SM2","MeadowCreek_NE|2025-06-06"
"4767","MeadowCreek_NE","MeadowCreek","NE","Anabat_Chorus","Anabat_Chorus",2025-06-06,"MYYU",0,"SM2","MeadowCreek_NE|2025-06-06"
"4768","MeadowCreek_NE","MeadowCreek","NE","Anabat_Chorus","Anabat_Chorus",2025-06-06,"PAHE",0,"SM2","MeadowCreek_NE|2025-06-06"
"4769","MeadowCreek_NE","MeadowCreek","NE","Anabat_Chorus","Anabat_Chorus",2025-06-07,"ANPA",0,"SM2","MeadowCreek_NE|2025-06-07"
"4770","MeadowCreek_NE","MeadowCreek","NE","Anabat_Chorus","Anabat_Chorus",2025-06-07,"COTO",1,"SM2","MeadowCreek_NE|2025-06-07"
"4771","MeadowCreek_NE","MeadowCreek","NE","Anabat_Chorus","Anabat_Chorus",2025-06-07,"EPFU",13,"SM2","MeadowCreek_NE|2025-06-07"
"4772","MeadowCreek_NE","MeadowCreek","NE","Anabat_Chorus","Anabat_Chorus",2025-06-07,"EUMA",0,"SM2","MeadowCreek_NE|2025-06-07"
"4773","MeadowCreek_NE","MeadowCreek","NE","Anabat_Chorus","Anabat_Chorus",2025-06-07,"LABO",0,"SM2","MeadowCreek_NE|2025-06-07"
"4774","MeadowCreek_NE","MeadowCreek","NE","Anabat_Chorus","Anabat_Chorus",2025-06-07,"LACI",0,"SM2","MeadowCreek_NE|2025-06-07"
"4775","MeadowCreek_NE","MeadowCreek","NE","Anabat_Chorus","Anabat_Chorus",2025-06-07,"LANO",79,"SM2","MeadowCreek_NE|2025-06-07"
"4776","MeadowCreek_NE","MeadowCreek","NE","Anabat_Chorus","Anabat_Chorus",2025-06-07,"MYCA",17,"SM2","MeadowCreek_NE|2025-06-07"
"4777","MeadowCreek_NE","MeadowCreek","NE","Anabat_Chorus","Anabat_Chorus",2025-06-07,"MYCI",0,"SM2","MeadowCreek_NE|2025-06-07"
"4778","MeadowCreek_NE","MeadowCreek","NE","Anabat_Chorus","Anabat_Chorus",2025-06-07,"MYEV",15,"SM2","MeadowCreek_NE|2025-06-07"
"4779","MeadowCreek_NE","MeadowCreek","NE","Anabat_Chorus","Anabat_Chorus",2025-06-07,"MYLU",5,"SM2","MeadowCreek_NE|2025-06-07"
"4780","MeadowCreek_NE","MeadowCreek","NE","Anabat_Chorus","Anabat_Chorus",2025-06-07,"MYSE",10,"SM2","MeadowCreek_NE|2025-06-07"
"4781","MeadowCreek_NE","MeadowCreek","NE","Anabat_Chorus","Anabat_Chorus",2025-06-07,"MYTH",0,"SM2","MeadowCreek_NE|2025-06-07"
"4782","MeadowCreek_NE","MeadowCreek","NE","Anabat_Chorus","Anabat_Chorus",2025-06-07,"MYVO",8,"SM2","MeadowCreek_NE|2025-06-07"
"4783","MeadowCreek_NE","MeadowCreek","NE","Anabat_Chorus","Anabat_Chorus",2025-06-07,"MYYU",0,"SM2","MeadowCreek_NE|2025-06-07"
"4784","MeadowCreek_NE","MeadowCreek","NE","Anabat_Chorus","Anabat_Chorus",2025-06-07,"PAHE",0,"SM2","MeadowCreek_NE|2025-06-07"
"4785","MeadowCreek_NE","MeadowCreek","NE","Anabat_Chorus","Anabat_Chorus",2025-06-08,"ANPA",0,"SM2","MeadowCreek_NE|2025-06-08"
"4786","MeadowCreek_NE","MeadowCreek","NE","Anabat_Chorus","Anabat_Chorus",2025-06-08,"COTO",0,"SM2","MeadowCreek_NE|2025-06-08"
"4787","MeadowCreek_NE","MeadowCreek","NE","Anabat_Chorus","Anabat_Chorus",2025-06-08,"EPFU",4,"SM2","MeadowCreek_NE|2025-06-08"
"4788","MeadowCreek_NE","MeadowCreek","NE","Anabat_Chorus","Anabat_Chorus",2025-06-08,"EUMA",0,"SM2","MeadowCreek_NE|2025-06-08"
"4789","MeadowCreek_NE","MeadowCreek","NE","Anabat_Chorus","Anabat_Chorus",2025-06-08,"LABO",0,"SM2","MeadowCreek_NE|2025-06-08"
"4790","MeadowCreek_NE","MeadowCreek","NE","Anabat_Chorus","Anabat_Chorus",2025-06-08,"LACI",0,"SM2","MeadowCreek_NE|2025-06-08"
"4791","MeadowCreek_NE","MeadowCreek","NE","Anabat_Chorus","Anabat_Chorus",2025-06-08,"LANO",9,"SM2","MeadowCreek_NE|2025-06-08"
"4792","MeadowCreek_NE","MeadowCreek","NE","Anabat_Chorus","Anabat_Chorus",2025-06-08,"MYCA",24,"SM2","MeadowCreek_NE|2025-06-08"
"4793","MeadowCreek_NE","MeadowCreek","NE","Anabat_Chorus","Anabat_Chorus",2025-06-08,"MYCI",0,"SM2","MeadowCreek_NE|2025-06-08"
"4794","MeadowCreek_NE","MeadowCreek","NE","Anabat_Chorus","Anabat_Chorus",2025-06-08,"MYEV",4,"SM2","MeadowCreek_NE|2025-06-08"
"4795","MeadowCreek_NE","MeadowCreek","NE","Anabat_Chorus","Anabat_Chorus",2025-06-08,"MYLU",4,"SM2","MeadowCreek_NE|2025-06-08"
"4796","MeadowCreek_NE","MeadowCreek","NE","Anabat_Chorus","Anabat_Chorus",2025-06-08,"MYSE",3,"SM2","MeadowCreek_NE|2025-06-08"
"4797","MeadowCreek_NE","MeadowCreek","NE","Anabat_Chorus","Anabat_Chorus",2025-06-08,"MYTH",0,"SM2","MeadowCreek_NE|2025-06-08"
"4798","MeadowCreek_NE","MeadowCreek","NE","Anabat_Chorus","Anabat_Chorus",2025-06-08,"MYVO",5,"SM2","MeadowCreek_NE|2025-06-08"
"4799","MeadowCreek_NE","MeadowCreek","NE","Anabat_Chorus","Anabat_Chorus",2025-06-08,"MYYU",1,"SM2","MeadowCreek_NE|2025-06-08"
"4800","MeadowCreek_NE","MeadowCreek","NE","Anabat_Chorus","Anabat_Chorus",2025-06-08,"PAHE",0,"SM2","MeadowCreek_NE|2025-06-08"
"4801","MeadowCreek_NW","MeadowCreek","NW","SM2","Other_FS",2025-06-02,"ANPA",0,"SM2","MeadowCreek_NW|2025-06-02"
"4802","MeadowCreek_NW","MeadowCreek","NW","SM2","Other_FS",2025-06-02,"COTO",2,"SM2","MeadowCreek_NW|2025-06-02"
"4803","MeadowCreek_NW","MeadowCreek","NW","SM2","Other_FS",2025-06-02,"EPFU",1,"SM2","MeadowCreek_NW|2025-06-02"
"4804","MeadowCreek_NW","MeadowCreek","NW","SM2","Other_FS",2025-06-02,"EUMA",0,"SM2","MeadowCreek_NW|2025-06-02"
"4805","MeadowCreek_NW","MeadowCreek","NW","SM2","Other_FS",2025-06-02,"LABO",0,"SM2","MeadowCreek_NW|2025-06-02"
"4806","MeadowCreek_NW","MeadowCreek","NW","SM2","Other_FS",2025-06-02,"LACI",0,"SM2","MeadowCreek_NW|2025-06-02"
"4807","MeadowCreek_NW","MeadowCreek","NW","SM2","Other_FS",2025-06-02,"LANO",1,"SM2","MeadowCreek_NW|2025-06-02"
"4808","MeadowCreek_NW","MeadowCreek","NW","SM2","Other_FS",2025-06-02,"MYCA",10,"SM2","MeadowCreek_NW|2025-06-02"
"4809","MeadowCreek_NW","MeadowCreek","NW","SM2","Other_FS",2025-06-02,"MYCI",0,"SM2","MeadowCreek_NW|2025-06-02"
"4810","MeadowCreek_NW","MeadowCreek","NW","SM2","Other_FS",2025-06-02,"MYEV",0,"SM2","MeadowCreek_NW|2025-06-02"
"4811","MeadowCreek_NW","MeadowCreek","NW","SM2","Other_FS",2025-06-02,"MYLU",0,"SM2","MeadowCreek_NW|2025-06-02"
"4812","MeadowCreek_NW","MeadowCreek","NW","SM2","Other_FS",2025-06-02,"MYSE",1,"SM2","MeadowCreek_NW|2025-06-02"
"4813","MeadowCreek_NW","MeadowCreek","NW","SM2","Other_FS",2025-06-02,"MYTH",0,"SM2","MeadowCreek_NW|2025-06-02"
"4814","MeadowCreek_NW","MeadowCreek","NW","SM2","Other_FS",2025-06-02,"MYVO",2,"SM2","MeadowCreek_NW|2025-06-02"
"4815","MeadowCreek_NW","MeadowCreek","NW","SM2","Other_FS",2025-06-02,"MYYU",10,"SM2","MeadowCreek_NW|2025-06-02"
"4816","MeadowCreek_NW","MeadowCreek","NW","SM2","Other_FS",2025-06-02,"PAHE",0,"SM2","MeadowCreek_NW|2025-06-02"
"4817","MeadowCreek_NW","MeadowCreek","NW","SM2","Other_FS",2025-06-03,"ANPA",0,"SM2","MeadowCreek_NW|2025-06-03"
"4818","MeadowCreek_NW","MeadowCreek","NW","SM2","Other_FS",2025-06-03,"COTO",0,"SM2","MeadowCreek_NW|2025-06-03"
"4819","MeadowCreek_NW","MeadowCreek","NW","SM2","Other_FS",2025-06-03,"EPFU",0,"SM2","MeadowCreek_NW|2025-06-03"
"4820","MeadowCreek_NW","MeadowCreek","NW","SM2","Other_FS",2025-06-03,"EUMA",0,"SM2","MeadowCreek_NW|2025-06-03"
"4821","MeadowCreek_NW","MeadowCreek","NW","SM2","Other_FS",2025-06-03,"LABO",0,"SM2","MeadowCreek_NW|2025-06-03"
"4822","MeadowCreek_NW","MeadowCreek","NW","SM2","Other_FS",2025-06-03,"LACI",0,"SM2","MeadowCreek_NW|2025-06-03"
"4823","MeadowCreek_NW","MeadowCreek","NW","SM2","Other_FS",2025-06-03,"LANO",4,"SM2","MeadowCreek_NW|2025-06-03"
"4824","MeadowCreek_NW","MeadowCreek","NW","SM2","Other_FS",2025-06-03,"MYCA",7,"SM2","MeadowCreek_NW|2025-06-03"
"4825","MeadowCreek_NW","MeadowCreek","NW","SM2","Other_FS",2025-06-03,"MYCI",0,"SM2","MeadowCreek_NW|2025-06-03"
"4826","MeadowCreek_NW","MeadowCreek","NW","SM2","Other_FS",2025-06-03,"MYEV",0,"SM2","MeadowCreek_NW|2025-06-03"
"4827","MeadowCreek_NW","MeadowCreek","NW","SM2","Other_FS",2025-06-03,"MYLU",1,"SM2","MeadowCreek_NW|2025-06-03"
"4828","MeadowCreek_NW","MeadowCreek","NW","SM2","Other_FS",2025-06-03,"MYSE",0,"SM2","MeadowCreek_NW|2025-06-03"
"4829","MeadowCreek_NW","MeadowCreek","NW","SM2","Other_FS",2025-06-03,"MYTH",0,"SM2","MeadowCreek_NW|2025-06-03"
"4830","MeadowCreek_NW","MeadowCreek","NW","SM2","Other_FS",2025-06-03,"MYVO",0,"SM2","MeadowCreek_NW|2025-06-03"
"4831","MeadowCreek_NW","MeadowCreek","NW","SM2","Other_FS",2025-06-03,"MYYU",7,"SM2","MeadowCreek_NW|2025-06-03"
"4832","MeadowCreek_NW","MeadowCreek","NW","SM2","Other_FS",2025-06-03,"PAHE",0,"SM2","MeadowCreek_NW|2025-06-03"
"4833","MeadowCreek_NW","MeadowCreek","NW","SM2","Other_FS",2025-06-04,"ANPA",0,"SM2","MeadowCreek_NW|2025-06-04"
"4834","MeadowCreek_NW","MeadowCreek","NW","SM2","Other_FS",2025-06-04,"COTO",1,"SM2","MeadowCreek_NW|2025-06-04"
"4835","MeadowCreek_NW","MeadowCreek","NW","SM2","Other_FS",2025-06-04,"EPFU",7,"SM2","MeadowCreek_NW|2025-06-04"
"4836","MeadowCreek_NW","MeadowCreek","NW","SM2","Other_FS",2025-06-04,"EUMA",0,"SM2","MeadowCreek_NW|2025-06-04"
"4837","MeadowCreek_NW","MeadowCreek","NW","SM2","Other_FS",2025-06-04,"LABO",0,"SM2","MeadowCreek_NW|2025-06-04"
"4838","MeadowCreek_NW","MeadowCreek","NW","SM2","Other_FS",2025-06-04,"LACI",0,"SM2","MeadowCreek_NW|2025-06-04"
"4839","MeadowCreek_NW","MeadowCreek","NW","SM2","Other_FS",2025-06-04,"LANO",4,"SM2","MeadowCreek_NW|2025-06-04"
"4840","MeadowCreek_NW","MeadowCreek","NW","SM2","Other_FS",2025-06-04,"MYCA",5,"SM2","MeadowCreek_NW|2025-06-04"
"4841","MeadowCreek_NW","MeadowCreek","NW","SM2","Other_FS",2025-06-04,"MYCI",0,"SM2","MeadowCreek_NW|2025-06-04"
"4842","MeadowCreek_NW","MeadowCreek","NW","SM2","Other_FS",2025-06-04,"MYEV",0,"SM2","MeadowCreek_NW|2025-06-04"
"4843","MeadowCreek_NW","MeadowCreek","NW","SM2","Other_FS",2025-06-04,"MYLU",5,"SM2","MeadowCreek_NW|2025-06-04"
"4844","MeadowCreek_NW","MeadowCreek","NW","SM2","Other_FS",2025-06-04,"MYSE",0,"SM2","MeadowCreek_NW|2025-06-04"
"4845","MeadowCreek_NW","MeadowCreek","NW","SM2","Other_FS",2025-06-04,"MYTH",0,"SM2","MeadowCreek_NW|2025-06-04"
"4846","MeadowCreek_NW","MeadowCreek","NW","SM2","Other_FS",2025-06-04,"MYVO",3,"SM2","MeadowCreek_NW|2025-06-04"
"4847","MeadowCreek_NW","MeadowCreek","NW","SM2","Other_FS",2025-06-04,"MYYU",9,"SM2","MeadowCreek_NW|2025-06-04"
"4848","MeadowCreek_NW","MeadowCreek","NW","SM2","Other_FS",2025-06-04,"PAHE",0,"SM2","MeadowCreek_NW|2025-06-04"
"4849","MeadowCreek_NW","MeadowCreek","NW","SM2","Other_FS",2025-06-05,"ANPA",0,"SM2","MeadowCreek_NW|2025-06-05"
"4850","MeadowCreek_NW","MeadowCreek","NW","SM2","Other_FS",2025-06-05,"COTO",6,"SM2","MeadowCreek_NW|2025-06-05"
"4851","MeadowCreek_NW","MeadowCreek","NW","SM2","Other_FS",2025-06-05,"EPFU",0,"SM2","MeadowCreek_NW|2025-06-05"
"4852","MeadowCreek_NW","MeadowCreek","NW","SM2","Other_FS",2025-06-05,"EUMA",0,"SM2","MeadowCreek_NW|2025-06-05"
"4853","MeadowCreek_NW","MeadowCreek","NW","SM2","Other_FS",2025-06-05,"LABO",0,"SM2","MeadowCreek_NW|2025-06-05"
"4854","MeadowCreek_NW","MeadowCreek","NW","SM2","Other_FS",2025-06-05,"LACI",0,"SM2","MeadowCreek_NW|2025-06-05"
"4855","MeadowCreek_NW","MeadowCreek","NW","SM2","Other_FS",2025-06-05,"LANO",14,"SM2","MeadowCreek_NW|2025-06-05"
"4856","MeadowCreek_NW","MeadowCreek","NW","SM2","Other_FS",2025-06-05,"MYCA",32,"SM2","MeadowCreek_NW|2025-06-05"
"4857","MeadowCreek_NW","MeadowCreek","NW","SM2","Other_FS",2025-06-05,"MYCI",0,"SM2","MeadowCreek_NW|2025-06-05"
"4858","MeadowCreek_NW","MeadowCreek","NW","SM2","Other_FS",2025-06-05,"MYEV",0,"SM2","MeadowCreek_NW|2025-06-05"
"4859","MeadowCreek_NW","MeadowCreek","NW","SM2","Other_FS",2025-06-05,"MYLU",14,"SM2","MeadowCreek_NW|2025-06-05"
"4860","MeadowCreek_NW","MeadowCreek","NW","SM2","Other_FS",2025-06-05,"MYSE",0,"SM2","MeadowCreek_NW|2025-06-05"
"4861","MeadowCreek_NW","MeadowCreek","NW","SM2","Other_FS",2025-06-05,"MYTH",1,"SM2","MeadowCreek_NW|2025-06-05"
"4862","MeadowCreek_NW","MeadowCreek","NW","SM2","Other_FS",2025-06-05,"MYVO",5,"SM2","MeadowCreek_NW|2025-06-05"
"4863","MeadowCreek_NW","MeadowCreek","NW","SM2","Other_FS",2025-06-05,"MYYU",7,"SM2","MeadowCreek_NW|2025-06-05"
"4864","MeadowCreek_NW","MeadowCreek","NW","SM2","Other_FS",2025-06-05,"PAHE",0,"SM2","MeadowCreek_NW|2025-06-05"
"4865","MeadowCreek_NW","MeadowCreek","NW","SM2","Other_FS",2025-06-06,"ANPA",0,"SM2","MeadowCreek_NW|2025-06-06"
"4866","MeadowCreek_NW","MeadowCreek","NW","SM2","Other_FS",2025-06-06,"COTO",2,"SM2","MeadowCreek_NW|2025-06-06"
"4867","MeadowCreek_NW","MeadowCreek","NW","SM2","Other_FS",2025-06-06,"EPFU",2,"SM2","MeadowCreek_NW|2025-06-06"
"4868","MeadowCreek_NW","MeadowCreek","NW","SM2","Other_FS",2025-06-06,"EUMA",0,"SM2","MeadowCreek_NW|2025-06-06"
"4869","MeadowCreek_NW","MeadowCreek","NW","SM2","Other_FS",2025-06-06,"LABO",0,"SM2","MeadowCreek_NW|2025-06-06"
"4870","MeadowCreek_NW","MeadowCreek","NW","SM2","Other_FS",2025-06-06,"LACI",0,"SM2","MeadowCreek_NW|2025-06-06"
"4871","MeadowCreek_NW","MeadowCreek","NW","SM2","Other_FS",2025-06-06,"LANO",7,"SM2","MeadowCreek_NW|2025-06-06"
"4872","MeadowCreek_NW","MeadowCreek","NW","SM2","Other_FS",2025-06-06,"MYCA",22,"SM2","MeadowCreek_NW|2025-06-06"
"4873","MeadowCreek_NW","MeadowCreek","NW","SM2","Other_FS",2025-06-06,"MYCI",0,"SM2","MeadowCreek_NW|2025-06-06"
"4874","MeadowCreek_NW","MeadowCreek","NW","SM2","Other_FS",2025-06-06,"MYEV",0,"SM2","MeadowCreek_NW|2025-06-06"
"4875","MeadowCreek_NW","MeadowCreek","NW","SM2","Other_FS",2025-06-06,"MYLU",5,"SM2","MeadowCreek_NW|2025-06-06"
"4876","MeadowCreek_NW","MeadowCreek","NW","SM2","Other_FS",2025-06-06,"MYSE",0,"SM2","MeadowCreek_NW|2025-06-06"
"4877","MeadowCreek_NW","MeadowCreek","NW","SM2","Other_FS",2025-06-06,"MYTH",0,"SM2","MeadowCreek_NW|2025-06-06"
"4878","MeadowCreek_NW","MeadowCreek","NW","SM2","Other_FS",2025-06-06,"MYVO",2,"SM2","MeadowCreek_NW|2025-06-06"
"4879","MeadowCreek_NW","MeadowCreek","NW","SM2","Other_FS",2025-06-06,"MYYU",6,"SM2","MeadowCreek_NW|2025-06-06"
"4880","MeadowCreek_NW","MeadowCreek","NW","SM2","Other_FS",2025-06-06,"PAHE",0,"SM2","MeadowCreek_NW|2025-06-06"
"4881","MeadowCreek_NW","MeadowCreek","NW","SM2","Other_FS",2025-06-07,"ANPA",0,"SM2","MeadowCreek_NW|2025-06-07"
"4882","MeadowCreek_NW","MeadowCreek","NW","SM2","Other_FS",2025-06-07,"COTO",0,"SM2","MeadowCreek_NW|2025-06-07"
"4883","MeadowCreek_NW","MeadowCreek","NW","SM2","Other_FS",2025-06-07,"EPFU",6,"SM2","MeadowCreek_NW|2025-06-07"
"4884","MeadowCreek_NW","MeadowCreek","NW","SM2","Other_FS",2025-06-07,"EUMA",0,"SM2","MeadowCreek_NW|2025-06-07"
"4885","MeadowCreek_NW","MeadowCreek","NW","SM2","Other_FS",2025-06-07,"LABO",0,"SM2","MeadowCreek_NW|2025-06-07"
"4886","MeadowCreek_NW","MeadowCreek","NW","SM2","Other_FS",2025-06-07,"LACI",0,"SM2","MeadowCreek_NW|2025-06-07"
"4887","MeadowCreek_NW","MeadowCreek","NW","SM2","Other_FS",2025-06-07,"LANO",16,"SM2","MeadowCreek_NW|2025-06-07"
"4888","MeadowCreek_NW","MeadowCreek","NW","SM2","Other_FS",2025-06-07,"MYCA",20,"SM2","MeadowCreek_NW|2025-06-07"
"4889","MeadowCreek_NW","MeadowCreek","NW","SM2","Other_FS",2025-06-07,"MYCI",0,"SM2","MeadowCreek_NW|2025-06-07"
"4890","MeadowCreek_NW","MeadowCreek","NW","SM2","Other_FS",2025-06-07,"MYEV",0,"SM2","MeadowCreek_NW|2025-06-07"
"4891","MeadowCreek_NW","MeadowCreek","NW","SM2","Other_FS",2025-06-07,"MYLU",4,"SM2","MeadowCreek_NW|2025-06-07"
"4892","MeadowCreek_NW","MeadowCreek","NW","SM2","Other_FS",2025-06-07,"MYSE",1,"SM2","MeadowCreek_NW|2025-06-07"
"4893","MeadowCreek_NW","MeadowCreek","NW","SM2","Other_FS",2025-06-07,"MYTH",0,"SM2","MeadowCreek_NW|2025-06-07"
"4894","MeadowCreek_NW","MeadowCreek","NW","SM2","Other_FS",2025-06-07,"MYVO",5,"SM2","MeadowCreek_NW|2025-06-07"
"4895","MeadowCreek_NW","MeadowCreek","NW","SM2","Other_FS",2025-06-07,"MYYU",11,"SM2","MeadowCreek_NW|2025-06-07"
"4896","MeadowCreek_NW","MeadowCreek","NW","SM2","Other_FS",2025-06-07,"PAHE",0,"SM2","MeadowCreek_NW|2025-06-07"
"4897","MeadowCreek_NW","MeadowCreek","NW","SM2","Other_FS",2025-06-08,"ANPA",0,"SM2","MeadowCreek_NW|2025-06-08"
"4898","MeadowCreek_NW","MeadowCreek","NW","SM2","Other_FS",2025-06-08,"COTO",0,"SM2","MeadowCreek_NW|2025-06-08"
"4899","MeadowCreek_NW","MeadowCreek","NW","SM2","Other_FS",2025-06-08,"EPFU",1,"SM2","MeadowCreek_NW|2025-06-08"
"4900","MeadowCreek_NW","MeadowCreek","NW","SM2","Other_FS",2025-06-08,"EUMA",0,"SM2","MeadowCreek_NW|2025-06-08"
"4901","MeadowCreek_NW","MeadowCreek","NW","SM2","Other_FS",2025-06-08,"LABO",0,"SM2","MeadowCreek_NW|2025-06-08"
"4902","MeadowCreek_NW","MeadowCreek","NW","SM2","Other_FS",2025-06-08,"LACI",0,"SM2","MeadowCreek_NW|2025-06-08"
"4903","MeadowCreek_NW","MeadowCreek","NW","SM2","Other_FS",2025-06-08,"LANO",16,"SM2","MeadowCreek_NW|2025-06-08"
"4904","MeadowCreek_NW","MeadowCreek","NW","SM2","Other_FS",2025-06-08,"MYCA",17,"SM2","MeadowCreek_NW|2025-06-08"
"4905","MeadowCreek_NW","MeadowCreek","NW","SM2","Other_FS",2025-06-08,"MYCI",0,"SM2","MeadowCreek_NW|2025-06-08"
"4906","MeadowCreek_NW","MeadowCreek","NW","SM2","Other_FS",2025-06-08,"MYEV",1,"SM2","MeadowCreek_NW|2025-06-08"
"4907","MeadowCreek_NW","MeadowCreek","NW","SM2","Other_FS",2025-06-08,"MYLU",3,"SM2","MeadowCreek_NW|2025-06-08"
"4908","MeadowCreek_NW","MeadowCreek","NW","SM2","Other_FS",2025-06-08,"MYSE",1,"SM2","MeadowCreek_NW|2025-06-08"
"4909","MeadowCreek_NW","MeadowCreek","NW","SM2","Other_FS",2025-06-08,"MYTH",0,"SM2","MeadowCreek_NW|2025-06-08"
"4910","MeadowCreek_NW","MeadowCreek","NW","SM2","Other_FS",2025-06-08,"MYVO",2,"SM2","MeadowCreek_NW|2025-06-08"
"4911","MeadowCreek_NW","MeadowCreek","NW","SM2","Other_FS",2025-06-08,"MYYU",8,"SM2","MeadowCreek_NW|2025-06-08"
"4912","MeadowCreek_NW","MeadowCreek","NW","SM2","Other_FS",2025-06-08,"PAHE",0,"SM2","MeadowCreek_NW|2025-06-08"
"4913","MeadowCreek_NW","MeadowCreek","NW","Anabat_Chorus","Anabat_Chorus",2025-06-02,"ANPA",0,"SM2","MeadowCreek_NW|2025-06-02"
"4914","MeadowCreek_NW","MeadowCreek","NW","Anabat_Chorus","Anabat_Chorus",2025-06-02,"COTO",1,"SM2","MeadowCreek_NW|2025-06-02"
"4915","MeadowCreek_NW","MeadowCreek","NW","Anabat_Chorus","Anabat_Chorus",2025-06-02,"EPFU",5,"SM2","MeadowCreek_NW|2025-06-02"
"4916","MeadowCreek_NW","MeadowCreek","NW","Anabat_Chorus","Anabat_Chorus",2025-06-02,"EUMA",0,"SM2","MeadowCreek_NW|2025-06-02"
"4917","MeadowCreek_NW","MeadowCreek","NW","Anabat_Chorus","Anabat_Chorus",2025-06-02,"LABO",1,"SM2","MeadowCreek_NW|2025-06-02"
"4918","MeadowCreek_NW","MeadowCreek","NW","Anabat_Chorus","Anabat_Chorus",2025-06-02,"LACI",0,"SM2","MeadowCreek_NW|2025-06-02"
"4919","MeadowCreek_NW","MeadowCreek","NW","Anabat_Chorus","Anabat_Chorus",2025-06-02,"LANO",0,"SM2","MeadowCreek_NW|2025-06-02"
"4920","MeadowCreek_NW","MeadowCreek","NW","Anabat_Chorus","Anabat_Chorus",2025-06-02,"MYCA",11,"SM2","MeadowCreek_NW|2025-06-02"
"4921","MeadowCreek_NW","MeadowCreek","NW","Anabat_Chorus","Anabat_Chorus",2025-06-02,"MYCI",0,"SM2","MeadowCreek_NW|2025-06-02"
"4922","MeadowCreek_NW","MeadowCreek","NW","Anabat_Chorus","Anabat_Chorus",2025-06-02,"MYEV",0,"SM2","MeadowCreek_NW|2025-06-02"
"4923","MeadowCreek_NW","MeadowCreek","NW","Anabat_Chorus","Anabat_Chorus",2025-06-02,"MYLU",1,"SM2","MeadowCreek_NW|2025-06-02"
"4924","MeadowCreek_NW","MeadowCreek","NW","Anabat_Chorus","Anabat_Chorus",2025-06-02,"MYSE",0,"SM2","MeadowCreek_NW|2025-06-02"
"4925","MeadowCreek_NW","MeadowCreek","NW","Anabat_Chorus","Anabat_Chorus",2025-06-02,"MYTH",0,"SM2","MeadowCreek_NW|2025-06-02"
"4926","MeadowCreek_NW","MeadowCreek","NW","Anabat_Chorus","Anabat_Chorus",2025-06-02,"MYVO",2,"SM2","MeadowCreek_NW|2025-06-02"
"4927","MeadowCreek_NW","MeadowCreek","NW","Anabat_Chorus","Anabat_Chorus",2025-06-02,"MYYU",10,"SM2","MeadowCreek_NW|2025-06-02"
"4928","MeadowCreek_NW","MeadowCreek","NW","Anabat_Chorus","Anabat_Chorus",2025-06-02,"PAHE",0,"SM2","MeadowCreek_NW|2025-06-02"
"4929","MeadowCreek_NW","MeadowCreek","NW","Anabat_Chorus","Anabat_Chorus",2025-06-03,"ANPA",0,"SM2","MeadowCreek_NW|2025-06-03"
"4930","MeadowCreek_NW","MeadowCreek","NW","Anabat_Chorus","Anabat_Chorus",2025-06-03,"COTO",0,"SM2","MeadowCreek_NW|2025-06-03"
"4931","MeadowCreek_NW","MeadowCreek","NW","Anabat_Chorus","Anabat_Chorus",2025-06-03,"EPFU",0,"SM2","MeadowCreek_NW|2025-06-03"
"4932","MeadowCreek_NW","MeadowCreek","NW","Anabat_Chorus","Anabat_Chorus",2025-06-03,"EUMA",0,"SM2","MeadowCreek_NW|2025-06-03"
"4933","MeadowCreek_NW","MeadowCreek","NW","Anabat_Chorus","Anabat_Chorus",2025-06-03,"LABO",0,"SM2","MeadowCreek_NW|2025-06-03"
"4934","MeadowCreek_NW","MeadowCreek","NW","Anabat_Chorus","Anabat_Chorus",2025-06-03,"LACI",0,"SM2","MeadowCreek_NW|2025-06-03"
"4935","MeadowCreek_NW","MeadowCreek","NW","Anabat_Chorus","Anabat_Chorus",2025-06-03,"LANO",4,"SM2","MeadowCreek_NW|2025-06-03"
"4936","MeadowCreek_NW","MeadowCreek","NW","Anabat_Chorus","Anabat_Chorus",2025-06-03,"MYCA",5,"SM2","MeadowCreek_NW|2025-06-03"
"4937","MeadowCreek_NW","MeadowCreek","NW","Anabat_Chorus","Anabat_Chorus",2025-06-03,"MYCI",0,"SM2","MeadowCreek_NW|2025-06-03"
"4938","MeadowCreek_NW","MeadowCreek","NW","Anabat_Chorus","Anabat_Chorus",2025-06-03,"MYEV",0,"SM2","MeadowCreek_NW|2025-06-03"
"4939","MeadowCreek_NW","MeadowCreek","NW","Anabat_Chorus","Anabat_Chorus",2025-06-03,"MYLU",3,"SM2","MeadowCreek_NW|2025-06-03"
"4940","MeadowCreek_NW","MeadowCreek","NW","Anabat_Chorus","Anabat_Chorus",2025-06-03,"MYSE",0,"SM2","MeadowCreek_NW|2025-06-03"
"4941","MeadowCreek_NW","MeadowCreek","NW","Anabat_Chorus","Anabat_Chorus",2025-06-03,"MYTH",0,"SM2","MeadowCreek_NW|2025-06-03"
"4942","MeadowCreek_NW","MeadowCreek","NW","Anabat_Chorus","Anabat_Chorus",2025-06-03,"MYVO",0,"SM2","MeadowCreek_NW|2025-06-03"
"4943","MeadowCreek_NW","MeadowCreek","NW","Anabat_Chorus","Anabat_Chorus",2025-06-03,"MYYU",5,"SM2","MeadowCreek_NW|2025-06-03"
"4944","MeadowCreek_NW","MeadowCreek","NW","Anabat_Chorus","Anabat_Chorus",2025-06-03,"PAHE",0,"SM2","MeadowCreek_NW|2025-06-03"
"4945","MeadowCreek_NW","MeadowCreek","NW","Anabat_Chorus","Anabat_Chorus",2025-06-04,"ANPA",0,"SM2","MeadowCreek_NW|2025-06-04"
"4946","MeadowCreek_NW","MeadowCreek","NW","Anabat_Chorus","Anabat_Chorus",2025-06-04,"COTO",2,"SM2","MeadowCreek_NW|2025-06-04"
"4947","MeadowCreek_NW","MeadowCreek","NW","Anabat_Chorus","Anabat_Chorus",2025-06-04,"EPFU",6,"SM2","MeadowCreek_NW|2025-06-04"
"4948","MeadowCreek_NW","MeadowCreek","NW","Anabat_Chorus","Anabat_Chorus",2025-06-04,"EUMA",0,"SM2","MeadowCreek_NW|2025-06-04"
"4949","MeadowCreek_NW","MeadowCreek","NW","Anabat_Chorus","Anabat_Chorus",2025-06-04,"LABO",1,"SM2","MeadowCreek_NW|2025-06-04"
"4950","MeadowCreek_NW","MeadowCreek","NW","Anabat_Chorus","Anabat_Chorus",2025-06-04,"LACI",1,"SM2","MeadowCreek_NW|2025-06-04"
"4951","MeadowCreek_NW","MeadowCreek","NW","Anabat_Chorus","Anabat_Chorus",2025-06-04,"LANO",5,"SM2","MeadowCreek_NW|2025-06-04"
"4952","MeadowCreek_NW","MeadowCreek","NW","Anabat_Chorus","Anabat_Chorus",2025-06-04,"MYCA",10,"SM2","MeadowCreek_NW|2025-06-04"
"4953","MeadowCreek_NW","MeadowCreek","NW","Anabat_Chorus","Anabat_Chorus",2025-06-04,"MYCI",0,"SM2","MeadowCreek_NW|2025-06-04"
"4954","MeadowCreek_NW","MeadowCreek","NW","Anabat_Chorus","Anabat_Chorus",2025-06-04,"MYEV",1,"SM2","MeadowCreek_NW|2025-06-04"
"4955","MeadowCreek_NW","MeadowCreek","NW","Anabat_Chorus","Anabat_Chorus",2025-06-04,"MYLU",5,"SM2","MeadowCreek_NW|2025-06-04"
"4956","MeadowCreek_NW","MeadowCreek","NW","Anabat_Chorus","Anabat_Chorus",2025-06-04,"MYSE",0,"SM2","MeadowCreek_NW|2025-06-04"
"4957","MeadowCreek_NW","MeadowCreek","NW","Anabat_Chorus","Anabat_Chorus",2025-06-04,"MYTH",0,"SM2","MeadowCreek_NW|2025-06-04"
"4958","MeadowCreek_NW","MeadowCreek","NW","Anabat_Chorus","Anabat_Chorus",2025-06-04,"MYVO",4,"SM2","MeadowCreek_NW|2025-06-04"
"4959","MeadowCreek_NW","MeadowCreek","NW","Anabat_Chorus","Anabat_Chorus",2025-06-04,"MYYU",7,"SM2","MeadowCreek_NW|2025-06-04"
"4960","MeadowCreek_NW","MeadowCreek","NW","Anabat_Chorus","Anabat_Chorus",2025-06-04,"PAHE",0,"SM2","MeadowCreek_NW|2025-06-04"
"4961","MeadowCreek_NW","MeadowCreek","NW","Anabat_Chorus","Anabat_Chorus",2025-06-05,"ANPA",0,"SM2","MeadowCreek_NW|2025-06-05"
"4962","MeadowCreek_NW","MeadowCreek","NW","Anabat_Chorus","Anabat_Chorus",2025-06-05,"COTO",6,"SM2","MeadowCreek_NW|2025-06-05"
"4963","MeadowCreek_NW","MeadowCreek","NW","Anabat_Chorus","Anabat_Chorus",2025-06-05,"EPFU",0,"SM2","MeadowCreek_NW|2025-06-05"
"4964","MeadowCreek_NW","MeadowCreek","NW","Anabat_Chorus","Anabat_Chorus",2025-06-05,"EUMA",0,"SM2","MeadowCreek_NW|2025-06-05"
"4965","MeadowCreek_NW","MeadowCreek","NW","Anabat_Chorus","Anabat_Chorus",2025-06-05,"LABO",0,"SM2","MeadowCreek_NW|2025-06-05"
"4966","MeadowCreek_NW","MeadowCreek","NW","Anabat_Chorus","Anabat_Chorus",2025-06-05,"LACI",0,"SM2","MeadowCreek_NW|2025-06-05"
"4967","MeadowCreek_NW","MeadowCreek","NW","Anabat_Chorus","Anabat_Chorus",2025-06-05,"LANO",16,"SM2","MeadowCreek_NW|2025-06-05"
"4968","MeadowCreek_NW","MeadowCreek","NW","Anabat_Chorus","Anabat_Chorus",2025-06-05,"MYCA",33,"SM2","MeadowCreek_NW|2025-06-05"
"4969","MeadowCreek_NW","MeadowCreek","NW","Anabat_Chorus","Anabat_Chorus",2025-06-05,"MYCI",0,"SM2","MeadowCreek_NW|2025-06-05"
"4970","MeadowCreek_NW","MeadowCreek","NW","Anabat_Chorus","Anabat_Chorus",2025-06-05,"MYEV",0,"SM2","MeadowCreek_NW|2025-06-05"
"4971","MeadowCreek_NW","MeadowCreek","NW","Anabat_Chorus","Anabat_Chorus",2025-06-05,"MYLU",14,"SM2","MeadowCreek_NW|2025-06-05"
"4972","MeadowCreek_NW","MeadowCreek","NW","Anabat_Chorus","Anabat_Chorus",2025-06-05,"MYSE",1,"SM2","MeadowCreek_NW|2025-06-05"
"4973","MeadowCreek_NW","MeadowCreek","NW","Anabat_Chorus","Anabat_Chorus",2025-06-05,"MYTH",0,"SM2","MeadowCreek_NW|2025-06-05"
"4974","MeadowCreek_NW","MeadowCreek","NW","Anabat_Chorus","Anabat_Chorus",2025-06-05,"MYVO",7,"SM2","MeadowCreek_NW|2025-06-05"
"4975","MeadowCreek_NW","MeadowCreek","NW","Anabat_Chorus","Anabat_Chorus",2025-06-05,"MYYU",8,"SM2","MeadowCreek_NW|2025-06-05"
"4976","MeadowCreek_NW","MeadowCreek","NW","Anabat_Chorus","Anabat_Chorus",2025-06-05,"PAHE",0,"SM2","MeadowCreek_NW|2025-06-05"
"4977","MeadowCreek_NW","MeadowCreek","NW","Anabat_Chorus","Anabat_Chorus",2025-06-06,"ANPA",0,"SM2","MeadowCreek_NW|2025-06-06"
"4978","MeadowCreek_NW","MeadowCreek","NW","Anabat_Chorus","Anabat_Chorus",2025-06-06,"COTO",2,"SM2","MeadowCreek_NW|2025-06-06"
"4979","MeadowCreek_NW","MeadowCreek","NW","Anabat_Chorus","Anabat_Chorus",2025-06-06,"EPFU",2,"SM2","MeadowCreek_NW|2025-06-06"
"4980","MeadowCreek_NW","MeadowCreek","NW","Anabat_Chorus","Anabat_Chorus",2025-06-06,"EUMA",0,"SM2","MeadowCreek_NW|2025-06-06"
"4981","MeadowCreek_NW","MeadowCreek","NW","Anabat_Chorus","Anabat_Chorus",2025-06-06,"LABO",0,"SM2","MeadowCreek_NW|2025-06-06"
"4982","MeadowCreek_NW","MeadowCreek","NW","Anabat_Chorus","Anabat_Chorus",2025-06-06,"LACI",1,"SM2","MeadowCreek_NW|2025-06-06"
"4983","MeadowCreek_NW","MeadowCreek","NW","Anabat_Chorus","Anabat_Chorus",2025-06-06,"LANO",9,"SM2","MeadowCreek_NW|2025-06-06"
"4984","MeadowCreek_NW","MeadowCreek","NW","Anabat_Chorus","Anabat_Chorus",2025-06-06,"MYCA",15,"SM2","MeadowCreek_NW|2025-06-06"
"4985","MeadowCreek_NW","MeadowCreek","NW","Anabat_Chorus","Anabat_Chorus",2025-06-06,"MYCI",0,"SM2","MeadowCreek_NW|2025-06-06"
"4986","MeadowCreek_NW","MeadowCreek","NW","Anabat_Chorus","Anabat_Chorus",2025-06-06,"MYEV",1,"SM2","MeadowCreek_NW|2025-06-06"
"4987","MeadowCreek_NW","MeadowCreek","NW","Anabat_Chorus","Anabat_Chorus",2025-06-06,"MYLU",3,"SM2","MeadowCreek_NW|2025-06-06"
"4988","MeadowCreek_NW","MeadowCreek","NW","Anabat_Chorus","Anabat_Chorus",2025-06-06,"MYSE",0,"SM2","MeadowCreek_NW|2025-06-06"
"4989","MeadowCreek_NW","MeadowCreek","NW","Anabat_Chorus","Anabat_Chorus",2025-06-06,"MYTH",0,"SM2","MeadowCreek_NW|2025-06-06"
"4990","MeadowCreek_NW","MeadowCreek","NW","Anabat_Chorus","Anabat_Chorus",2025-06-06,"MYVO",2,"SM2","MeadowCreek_NW|2025-06-06"
"4991","MeadowCreek_NW","MeadowCreek","NW","Anabat_Chorus","Anabat_Chorus",2025-06-06,"MYYU",5,"SM2","MeadowCreek_NW|2025-06-06"
"4992","MeadowCreek_NW","MeadowCreek","NW","Anabat_Chorus","Anabat_Chorus",2025-06-06,"PAHE",0,"SM2","MeadowCreek_NW|2025-06-06"
"4993","MeadowCreek_NW","MeadowCreek","NW","Anabat_Chorus","Anabat_Chorus",2025-06-07,"ANPA",0,"SM2","MeadowCreek_NW|2025-06-07"
"4994","MeadowCreek_NW","MeadowCreek","NW","Anabat_Chorus","Anabat_Chorus",2025-06-07,"COTO",0,"SM2","MeadowCreek_NW|2025-06-07"
"4995","MeadowCreek_NW","MeadowCreek","NW","Anabat_Chorus","Anabat_Chorus",2025-06-07,"EPFU",5,"SM2","MeadowCreek_NW|2025-06-07"
"4996","MeadowCreek_NW","MeadowCreek","NW","Anabat_Chorus","Anabat_Chorus",2025-06-07,"EUMA",0,"SM2","MeadowCreek_NW|2025-06-07"
"4997","MeadowCreek_NW","MeadowCreek","NW","Anabat_Chorus","Anabat_Chorus",2025-06-07,"LABO",1,"SM2","MeadowCreek_NW|2025-06-07"
"4998","MeadowCreek_NW","MeadowCreek","NW","Anabat_Chorus","Anabat_Chorus",2025-06-07,"LACI",0,"SM2","MeadowCreek_NW|2025-06-07"
"4999","MeadowCreek_NW","MeadowCreek","NW","Anabat_Chorus","Anabat_Chorus",2025-06-07,"LANO",18,"SM2","MeadowCreek_NW|2025-06-07"
"5000","MeadowCreek_NW","MeadowCreek","NW","Anabat_Chorus","Anabat_Chorus",2025-06-07,"MYCA",17,"SM2","MeadowCreek_NW|2025-06-07"
"5001","MeadowCreek_NW","MeadowCreek","NW","Anabat_Chorus","Anabat_Chorus",2025-06-07,"MYCI",0,"SM2","MeadowCreek_NW|2025-06-07"
"5002","MeadowCreek_NW","MeadowCreek","NW","Anabat_Chorus","Anabat_Chorus",2025-06-07,"MYEV",0,"SM2","MeadowCreek_NW|2025-06-07"
"5003","MeadowCreek_NW","MeadowCreek","NW","Anabat_Chorus","Anabat_Chorus",2025-06-07,"MYLU",7,"SM2","MeadowCreek_NW|2025-06-07"
"5004","MeadowCreek_NW","MeadowCreek","NW","Anabat_Chorus","Anabat_Chorus",2025-06-07,"MYSE",1,"SM2","MeadowCreek_NW|2025-06-07"
"5005","MeadowCreek_NW","MeadowCreek","NW","Anabat_Chorus","Anabat_Chorus",2025-06-07,"MYTH",0,"SM2","MeadowCreek_NW|2025-06-07"
"5006","MeadowCreek_NW","MeadowCreek","NW","Anabat_Chorus","Anabat_Chorus",2025-06-07,"MYVO",5,"SM2","MeadowCreek_NW|2025-06-07"
"5007","MeadowCreek_NW","MeadowCreek","NW","Anabat_Chorus","Anabat_Chorus",2025-06-07,"MYYU",6,"SM2","MeadowCreek_NW|2025-06-07"
"5008","MeadowCreek_NW","MeadowCreek","NW","Anabat_Chorus","Anabat_Chorus",2025-06-07,"PAHE",0,"SM2","MeadowCreek_NW|2025-06-07"
"5009","MeadowCreek_NW","MeadowCreek","NW","Anabat_Chorus","Anabat_Chorus",2025-06-08,"ANPA",0,"SM2","MeadowCreek_NW|2025-06-08"
"5010","MeadowCreek_NW","MeadowCreek","NW","Anabat_Chorus","Anabat_Chorus",2025-06-08,"COTO",0,"SM2","MeadowCreek_NW|2025-06-08"
"5011","MeadowCreek_NW","MeadowCreek","NW","Anabat_Chorus","Anabat_Chorus",2025-06-08,"EPFU",2,"SM2","MeadowCreek_NW|2025-06-08"
"5012","MeadowCreek_NW","MeadowCreek","NW","Anabat_Chorus","Anabat_Chorus",2025-06-08,"EUMA",0,"SM2","MeadowCreek_NW|2025-06-08"
"5013","MeadowCreek_NW","MeadowCreek","NW","Anabat_Chorus","Anabat_Chorus",2025-06-08,"LABO",0,"SM2","MeadowCreek_NW|2025-06-08"
"5014","MeadowCreek_NW","MeadowCreek","NW","Anabat_Chorus","Anabat_Chorus",2025-06-08,"LACI",17,"SM2","MeadowCreek_NW|2025-06-08"
"5015","MeadowCreek_NW","MeadowCreek","NW","Anabat_Chorus","Anabat_Chorus",2025-06-08,"LANO",14,"SM2","MeadowCreek_NW|2025-06-08"
"5016","MeadowCreek_NW","MeadowCreek","NW","Anabat_Chorus","Anabat_Chorus",2025-06-08,"MYCA",11,"SM2","MeadowCreek_NW|2025-06-08"
"5017","MeadowCreek_NW","MeadowCreek","NW","Anabat_Chorus","Anabat_Chorus",2025-06-08,"MYCI",0,"SM2","MeadowCreek_NW|2025-06-08"
"5018","MeadowCreek_NW","MeadowCreek","NW","Anabat_Chorus","Anabat_Chorus",2025-06-08,"MYEV",0,"SM2","MeadowCreek_NW|2025-06-08"
"5019","MeadowCreek_NW","MeadowCreek","NW","Anabat_Chorus","Anabat_Chorus",2025-06-08,"MYLU",5,"SM2","MeadowCreek_NW|2025-06-08"
"5020","MeadowCreek_NW","MeadowCreek","NW","Anabat_Chorus","Anabat_Chorus",2025-06-08,"MYSE",1,"SM2","MeadowCreek_NW|2025-06-08"
"5021","MeadowCreek_NW","MeadowCreek","NW","Anabat_Chorus","Anabat_Chorus",2025-06-08,"MYTH",0,"SM2","MeadowCreek_NW|2025-06-08"
"5022","MeadowCreek_NW","MeadowCreek","NW","Anabat_Chorus","Anabat_Chorus",2025-06-08,"MYVO",4,"SM2","MeadowCreek_NW|2025-06-08"
"5023","MeadowCreek_NW","MeadowCreek","NW","Anabat_Chorus","Anabat_Chorus",2025-06-08,"MYYU",6,"SM2","MeadowCreek_NW|2025-06-08"
"5024","MeadowCreek_NW","MeadowCreek","NW","Anabat_Chorus","Anabat_Chorus",2025-06-08,"PAHE",0,"SM2","MeadowCreek_NW|2025-06-08"
"5025","MeadowCreek_SE","MeadowCreek","SE","SM2","Other_FS",2025-06-02,"ANPA",0,"SM2","MeadowCreek_SE|2025-06-02"
"5026","MeadowCreek_SE","MeadowCreek","SE","SM2","Other_FS",2025-06-02,"COTO",0,"SM2","MeadowCreek_SE|2025-06-02"
"5027","MeadowCreek_SE","MeadowCreek","SE","SM2","Other_FS",2025-06-02,"EPFU",0,"SM2","MeadowCreek_SE|2025-06-02"
"5028","MeadowCreek_SE","MeadowCreek","SE","SM2","Other_FS",2025-06-02,"EUMA",0,"SM2","MeadowCreek_SE|2025-06-02"
"5029","MeadowCreek_SE","MeadowCreek","SE","SM2","Other_FS",2025-06-02,"LABO",0,"SM2","MeadowCreek_SE|2025-06-02"
"5030","MeadowCreek_SE","MeadowCreek","SE","SM2","Other_FS",2025-06-02,"LACI",0,"SM2","MeadowCreek_SE|2025-06-02"
"5031","MeadowCreek_SE","MeadowCreek","SE","SM2","Other_FS",2025-06-02,"LANO",2,"SM2","MeadowCreek_SE|2025-06-02"
"5032","MeadowCreek_SE","MeadowCreek","SE","SM2","Other_FS",2025-06-02,"MYCA",3,"SM2","MeadowCreek_SE|2025-06-02"
"5033","MeadowCreek_SE","MeadowCreek","SE","SM2","Other_FS",2025-06-02,"MYCI",0,"SM2","MeadowCreek_SE|2025-06-02"
"5034","MeadowCreek_SE","MeadowCreek","SE","SM2","Other_FS",2025-06-02,"MYEV",1,"SM2","MeadowCreek_SE|2025-06-02"
"5035","MeadowCreek_SE","MeadowCreek","SE","SM2","Other_FS",2025-06-02,"MYLU",0,"SM2","MeadowCreek_SE|2025-06-02"
"5036","MeadowCreek_SE","MeadowCreek","SE","SM2","Other_FS",2025-06-02,"MYSE",1,"SM2","MeadowCreek_SE|2025-06-02"
"5037","MeadowCreek_SE","MeadowCreek","SE","SM2","Other_FS",2025-06-02,"MYTH",0,"SM2","MeadowCreek_SE|2025-06-02"
"5038","MeadowCreek_SE","MeadowCreek","SE","SM2","Other_FS",2025-06-02,"MYVO",1,"SM2","MeadowCreek_SE|2025-06-02"
"5039","MeadowCreek_SE","MeadowCreek","SE","SM2","Other_FS",2025-06-02,"MYYU",1,"SM2","MeadowCreek_SE|2025-06-02"
"5040","MeadowCreek_SE","MeadowCreek","SE","SM2","Other_FS",2025-06-02,"PAHE",0,"SM2","MeadowCreek_SE|2025-06-02"
"5041","MeadowCreek_SE","MeadowCreek","SE","SM2","Other_FS",2025-06-03,"ANPA",0,"SM2","MeadowCreek_SE|2025-06-03"
"5042","MeadowCreek_SE","MeadowCreek","SE","SM2","Other_FS",2025-06-03,"COTO",0,"SM2","MeadowCreek_SE|2025-06-03"
"5043","MeadowCreek_SE","MeadowCreek","SE","SM2","Other_FS",2025-06-03,"EPFU",0,"SM2","MeadowCreek_SE|2025-06-03"
"5044","MeadowCreek_SE","MeadowCreek","SE","SM2","Other_FS",2025-06-03,"EUMA",0,"SM2","MeadowCreek_SE|2025-06-03"
"5045","MeadowCreek_SE","MeadowCreek","SE","SM2","Other_FS",2025-06-03,"LABO",0,"SM2","MeadowCreek_SE|2025-06-03"
"5046","MeadowCreek_SE","MeadowCreek","SE","SM2","Other_FS",2025-06-03,"LACI",0,"SM2","MeadowCreek_SE|2025-06-03"
"5047","MeadowCreek_SE","MeadowCreek","SE","SM2","Other_FS",2025-06-03,"LANO",2,"SM2","MeadowCreek_SE|2025-06-03"
"5048","MeadowCreek_SE","MeadowCreek","SE","SM2","Other_FS",2025-06-03,"MYCA",0,"SM2","MeadowCreek_SE|2025-06-03"
"5049","MeadowCreek_SE","MeadowCreek","SE","SM2","Other_FS",2025-06-03,"MYCI",0,"SM2","MeadowCreek_SE|2025-06-03"
"5050","MeadowCreek_SE","MeadowCreek","SE","SM2","Other_FS",2025-06-03,"MYEV",0,"SM2","MeadowCreek_SE|2025-06-03"
"5051","MeadowCreek_SE","MeadowCreek","SE","SM2","Other_FS",2025-06-03,"MYLU",0,"SM2","MeadowCreek_SE|2025-06-03"
"5052","MeadowCreek_SE","MeadowCreek","SE","SM2","Other_FS",2025-06-03,"MYSE",0,"SM2","MeadowCreek_SE|2025-06-03"
"5053","MeadowCreek_SE","MeadowCreek","SE","SM2","Other_FS",2025-06-03,"MYTH",0,"SM2","MeadowCreek_SE|2025-06-03"
"5054","MeadowCreek_SE","MeadowCreek","SE","SM2","Other_FS",2025-06-03,"MYVO",0,"SM2","MeadowCreek_SE|2025-06-03"
"5055","MeadowCreek_SE","MeadowCreek","SE","SM2","Other_FS",2025-06-03,"MYYU",0,"SM2","MeadowCreek_SE|2025-06-03"
"5056","MeadowCreek_SE","MeadowCreek","SE","SM2","Other_FS",2025-06-03,"PAHE",0,"SM2","MeadowCreek_SE|2025-06-03"
"5057","MeadowCreek_SE","MeadowCreek","SE","SM2","Other_FS",2025-06-04,"ANPA",0,"SM2","MeadowCreek_SE|2025-06-04"
"5058","MeadowCreek_SE","MeadowCreek","SE","SM2","Other_FS",2025-06-04,"COTO",0,"SM2","MeadowCreek_SE|2025-06-04"
"5059","MeadowCreek_SE","MeadowCreek","SE","SM2","Other_FS",2025-06-04,"EPFU",0,"SM2","MeadowCreek_SE|2025-06-04"
"5060","MeadowCreek_SE","MeadowCreek","SE","SM2","Other_FS",2025-06-04,"EUMA",0,"SM2","MeadowCreek_SE|2025-06-04"
"5061","MeadowCreek_SE","MeadowCreek","SE","SM2","Other_FS",2025-06-04,"LABO",0,"SM2","MeadowCreek_SE|2025-06-04"
"5062","MeadowCreek_SE","MeadowCreek","SE","SM2","Other_FS",2025-06-04,"LACI",0,"SM2","MeadowCreek_SE|2025-06-04"
"5063","MeadowCreek_SE","MeadowCreek","SE","SM2","Other_FS",2025-06-04,"LANO",13,"SM2","MeadowCreek_SE|2025-06-04"
"5064","MeadowCreek_SE","MeadowCreek","SE","SM2","Other_FS",2025-06-04,"MYCA",0,"SM2","MeadowCreek_SE|2025-06-04"
"5065","MeadowCreek_SE","MeadowCreek","SE","SM2","Other_FS",2025-06-04,"MYCI",0,"SM2","MeadowCreek_SE|2025-06-04"
"5066","MeadowCreek_SE","MeadowCreek","SE","SM2","Other_FS",2025-06-04,"MYEV",0,"SM2","MeadowCreek_SE|2025-06-04"
"5067","MeadowCreek_SE","MeadowCreek","SE","SM2","Other_FS",2025-06-04,"MYLU",0,"SM2","MeadowCreek_SE|2025-06-04"
"5068","MeadowCreek_SE","MeadowCreek","SE","SM2","Other_FS",2025-06-04,"MYSE",2,"SM2","MeadowCreek_SE|2025-06-04"
"5069","MeadowCreek_SE","MeadowCreek","SE","SM2","Other_FS",2025-06-04,"MYTH",0,"SM2","MeadowCreek_SE|2025-06-04"
"5070","MeadowCreek_SE","MeadowCreek","SE","SM2","Other_FS",2025-06-04,"MYVO",3,"SM2","MeadowCreek_SE|2025-06-04"
"5071","MeadowCreek_SE","MeadowCreek","SE","SM2","Other_FS",2025-06-04,"MYYU",1,"SM2","MeadowCreek_SE|2025-06-04"
"5072","MeadowCreek_SE","MeadowCreek","SE","SM2","Other_FS",2025-06-04,"PAHE",0,"SM2","MeadowCreek_SE|2025-06-04"
"5073","MeadowCreek_SE","MeadowCreek","SE","SM2","Other_FS",2025-06-05,"ANPA",0,"SM2","MeadowCreek_SE|2025-06-05"
"5074","MeadowCreek_SE","MeadowCreek","SE","SM2","Other_FS",2025-06-05,"COTO",0,"SM2","MeadowCreek_SE|2025-06-05"
"5075","MeadowCreek_SE","MeadowCreek","SE","SM2","Other_FS",2025-06-05,"EPFU",0,"SM2","MeadowCreek_SE|2025-06-05"
"5076","MeadowCreek_SE","MeadowCreek","SE","SM2","Other_FS",2025-06-05,"EUMA",0,"SM2","MeadowCreek_SE|2025-06-05"
"5077","MeadowCreek_SE","MeadowCreek","SE","SM2","Other_FS",2025-06-05,"LABO",0,"SM2","MeadowCreek_SE|2025-06-05"
"5078","MeadowCreek_SE","MeadowCreek","SE","SM2","Other_FS",2025-06-05,"LACI",0,"SM2","MeadowCreek_SE|2025-06-05"
"5079","MeadowCreek_SE","MeadowCreek","SE","SM2","Other_FS",2025-06-05,"LANO",9,"SM2","MeadowCreek_SE|2025-06-05"
"5080","MeadowCreek_SE","MeadowCreek","SE","SM2","Other_FS",2025-06-05,"MYCA",2,"SM2","MeadowCreek_SE|2025-06-05"
"5081","MeadowCreek_SE","MeadowCreek","SE","SM2","Other_FS",2025-06-05,"MYCI",0,"SM2","MeadowCreek_SE|2025-06-05"
"5082","MeadowCreek_SE","MeadowCreek","SE","SM2","Other_FS",2025-06-05,"MYEV",0,"SM2","MeadowCreek_SE|2025-06-05"
"5083","MeadowCreek_SE","MeadowCreek","SE","SM2","Other_FS",2025-06-05,"MYLU",0,"SM2","MeadowCreek_SE|2025-06-05"
"5084","MeadowCreek_SE","MeadowCreek","SE","SM2","Other_FS",2025-06-05,"MYSE",0,"SM2","MeadowCreek_SE|2025-06-05"
"5085","MeadowCreek_SE","MeadowCreek","SE","SM2","Other_FS",2025-06-05,"MYTH",0,"SM2","MeadowCreek_SE|2025-06-05"
"5086","MeadowCreek_SE","MeadowCreek","SE","SM2","Other_FS",2025-06-05,"MYVO",1,"SM2","MeadowCreek_SE|2025-06-05"
"5087","MeadowCreek_SE","MeadowCreek","SE","SM2","Other_FS",2025-06-05,"MYYU",1,"SM2","MeadowCreek_SE|2025-06-05"
"5088","MeadowCreek_SE","MeadowCreek","SE","SM2","Other_FS",2025-06-05,"PAHE",0,"SM2","MeadowCreek_SE|2025-06-05"
"5089","MeadowCreek_SE","MeadowCreek","SE","SM2","Other_FS",2025-06-06,"ANPA",0,"SM2","MeadowCreek_SE|2025-06-06"
"5090","MeadowCreek_SE","MeadowCreek","SE","SM2","Other_FS",2025-06-06,"COTO",0,"SM2","MeadowCreek_SE|2025-06-06"
"5091","MeadowCreek_SE","MeadowCreek","SE","SM2","Other_FS",2025-06-06,"EPFU",0,"SM2","MeadowCreek_SE|2025-06-06"
"5092","MeadowCreek_SE","MeadowCreek","SE","SM2","Other_FS",2025-06-06,"EUMA",0,"SM2","MeadowCreek_SE|2025-06-06"
"5093","MeadowCreek_SE","MeadowCreek","SE","SM2","Other_FS",2025-06-06,"LABO",0,"SM2","MeadowCreek_SE|2025-06-06"
"5094","MeadowCreek_SE","MeadowCreek","SE","SM2","Other_FS",2025-06-06,"LACI",0,"SM2","MeadowCreek_SE|2025-06-06"
"5095","MeadowCreek_SE","MeadowCreek","SE","SM2","Other_FS",2025-06-06,"LANO",3,"SM2","MeadowCreek_SE|2025-06-06"
"5096","MeadowCreek_SE","MeadowCreek","SE","SM2","Other_FS",2025-06-06,"MYCA",3,"SM2","MeadowCreek_SE|2025-06-06"
"5097","MeadowCreek_SE","MeadowCreek","SE","SM2","Other_FS",2025-06-06,"MYCI",0,"SM2","MeadowCreek_SE|2025-06-06"
"5098","MeadowCreek_SE","MeadowCreek","SE","SM2","Other_FS",2025-06-06,"MYEV",0,"SM2","MeadowCreek_SE|2025-06-06"
"5099","MeadowCreek_SE","MeadowCreek","SE","SM2","Other_FS",2025-06-06,"MYLU",0,"SM2","MeadowCreek_SE|2025-06-06"
"5100","MeadowCreek_SE","MeadowCreek","SE","SM2","Other_FS",2025-06-06,"MYSE",0,"SM2","MeadowCreek_SE|2025-06-06"
"5101","MeadowCreek_SE","MeadowCreek","SE","SM2","Other_FS",2025-06-06,"MYTH",0,"SM2","MeadowCreek_SE|2025-06-06"
"5102","MeadowCreek_SE","MeadowCreek","SE","SM2","Other_FS",2025-06-06,"MYVO",1,"SM2","MeadowCreek_SE|2025-06-06"
"5103","MeadowCreek_SE","MeadowCreek","SE","SM2","Other_FS",2025-06-06,"MYYU",0,"SM2","MeadowCreek_SE|2025-06-06"
"5104","MeadowCreek_SE","MeadowCreek","SE","SM2","Other_FS",2025-06-06,"PAHE",0,"SM2","MeadowCreek_SE|2025-06-06"
"5105","MeadowCreek_SE","MeadowCreek","SE","SM2","Other_FS",2025-06-07,"ANPA",0,"SM2","MeadowCreek_SE|2025-06-07"
"5106","MeadowCreek_SE","MeadowCreek","SE","SM2","Other_FS",2025-06-07,"COTO",1,"SM2","MeadowCreek_SE|2025-06-07"
"5107","MeadowCreek_SE","MeadowCreek","SE","SM2","Other_FS",2025-06-07,"EPFU",5,"SM2","MeadowCreek_SE|2025-06-07"
"5108","MeadowCreek_SE","MeadowCreek","SE","SM2","Other_FS",2025-06-07,"EUMA",0,"SM2","MeadowCreek_SE|2025-06-07"
"5109","MeadowCreek_SE","MeadowCreek","SE","SM2","Other_FS",2025-06-07,"LABO",0,"SM2","MeadowCreek_SE|2025-06-07"
"5110","MeadowCreek_SE","MeadowCreek","SE","SM2","Other_FS",2025-06-07,"LACI",0,"SM2","MeadowCreek_SE|2025-06-07"
"5111","MeadowCreek_SE","MeadowCreek","SE","SM2","Other_FS",2025-06-07,"LANO",12,"SM2","MeadowCreek_SE|2025-06-07"
"5112","MeadowCreek_SE","MeadowCreek","SE","SM2","Other_FS",2025-06-07,"MYCA",11,"SM2","MeadowCreek_SE|2025-06-07"
"5113","MeadowCreek_SE","MeadowCreek","SE","SM2","Other_FS",2025-06-07,"MYCI",0,"SM2","MeadowCreek_SE|2025-06-07"
"5114","MeadowCreek_SE","MeadowCreek","SE","SM2","Other_FS",2025-06-07,"MYEV",0,"SM2","MeadowCreek_SE|2025-06-07"
"5115","MeadowCreek_SE","MeadowCreek","SE","SM2","Other_FS",2025-06-07,"MYLU",0,"SM2","MeadowCreek_SE|2025-06-07"
"5116","MeadowCreek_SE","MeadowCreek","SE","SM2","Other_FS",2025-06-07,"MYSE",2,"SM2","MeadowCreek_SE|2025-06-07"
"5117","MeadowCreek_SE","MeadowCreek","SE","SM2","Other_FS",2025-06-07,"MYTH",0,"SM2","MeadowCreek_SE|2025-06-07"
"5118","MeadowCreek_SE","MeadowCreek","SE","SM2","Other_FS",2025-06-07,"MYVO",1,"SM2","MeadowCreek_SE|2025-06-07"
"5119","MeadowCreek_SE","MeadowCreek","SE","SM2","Other_FS",2025-06-07,"MYYU",0,"SM2","MeadowCreek_SE|2025-06-07"
"5120","MeadowCreek_SE","MeadowCreek","SE","SM2","Other_FS",2025-06-07,"PAHE",0,"SM2","MeadowCreek_SE|2025-06-07"
"5121","MeadowCreek_SE","MeadowCreek","SE","SM2","Other_FS",2025-06-08,"ANPA",0,"SM2","MeadowCreek_SE|2025-06-08"
"5122","MeadowCreek_SE","MeadowCreek","SE","SM2","Other_FS",2025-06-08,"COTO",0,"SM2","MeadowCreek_SE|2025-06-08"
"5123","MeadowCreek_SE","MeadowCreek","SE","SM2","Other_FS",2025-06-08,"EPFU",0,"SM2","MeadowCreek_SE|2025-06-08"
"5124","MeadowCreek_SE","MeadowCreek","SE","SM2","Other_FS",2025-06-08,"EUMA",0,"SM2","MeadowCreek_SE|2025-06-08"
"5125","MeadowCreek_SE","MeadowCreek","SE","SM2","Other_FS",2025-06-08,"LABO",0,"SM2","MeadowCreek_SE|2025-06-08"
"5126","MeadowCreek_SE","MeadowCreek","SE","SM2","Other_FS",2025-06-08,"LACI",0,"SM2","MeadowCreek_SE|2025-06-08"
"5127","MeadowCreek_SE","MeadowCreek","SE","SM2","Other_FS",2025-06-08,"LANO",3,"SM2","MeadowCreek_SE|2025-06-08"
"5128","MeadowCreek_SE","MeadowCreek","SE","SM2","Other_FS",2025-06-08,"MYCA",24,"SM2","MeadowCreek_SE|2025-06-08"
"5129","MeadowCreek_SE","MeadowCreek","SE","SM2","Other_FS",2025-06-08,"MYCI",0,"SM2","MeadowCreek_SE|2025-06-08"
"5130","MeadowCreek_SE","MeadowCreek","SE","SM2","Other_FS",2025-06-08,"MYEV",0,"SM2","MeadowCreek_SE|2025-06-08"
"5131","MeadowCreek_SE","MeadowCreek","SE","SM2","Other_FS",2025-06-08,"MYLU",7,"SM2","MeadowCreek_SE|2025-06-08"
"5132","MeadowCreek_SE","MeadowCreek","SE","SM2","Other_FS",2025-06-08,"MYSE",1,"SM2","MeadowCreek_SE|2025-06-08"
"5133","MeadowCreek_SE","MeadowCreek","SE","SM2","Other_FS",2025-06-08,"MYTH",0,"SM2","MeadowCreek_SE|2025-06-08"
"5134","MeadowCreek_SE","MeadowCreek","SE","SM2","Other_FS",2025-06-08,"MYVO",5,"SM2","MeadowCreek_SE|2025-06-08"
"5135","MeadowCreek_SE","MeadowCreek","SE","SM2","Other_FS",2025-06-08,"MYYU",0,"SM2","MeadowCreek_SE|2025-06-08"
"5136","MeadowCreek_SE","MeadowCreek","SE","SM2","Other_FS",2025-06-08,"PAHE",0,"SM2","MeadowCreek_SE|2025-06-08"
"5137","MeadowCreek_SE","MeadowCreek","SE","Anabat_Chorus","Anabat_Chorus",2025-06-02,"ANPA",0,"SM2","MeadowCreek_SE|2025-06-02"
"5138","MeadowCreek_SE","MeadowCreek","SE","Anabat_Chorus","Anabat_Chorus",2025-06-02,"COTO",0,"SM2","MeadowCreek_SE|2025-06-02"
"5139","MeadowCreek_SE","MeadowCreek","SE","Anabat_Chorus","Anabat_Chorus",2025-06-02,"EPFU",1,"SM2","MeadowCreek_SE|2025-06-02"
"5140","MeadowCreek_SE","MeadowCreek","SE","Anabat_Chorus","Anabat_Chorus",2025-06-02,"EUMA",0,"SM2","MeadowCreek_SE|2025-06-02"
"5141","MeadowCreek_SE","MeadowCreek","SE","Anabat_Chorus","Anabat_Chorus",2025-06-02,"LABO",0,"SM2","MeadowCreek_SE|2025-06-02"
"5142","MeadowCreek_SE","MeadowCreek","SE","Anabat_Chorus","Anabat_Chorus",2025-06-02,"LACI",2,"SM2","MeadowCreek_SE|2025-06-02"
"5143","MeadowCreek_SE","MeadowCreek","SE","Anabat_Chorus","Anabat_Chorus",2025-06-02,"LANO",2,"SM2","MeadowCreek_SE|2025-06-02"
"5144","MeadowCreek_SE","MeadowCreek","SE","Anabat_Chorus","Anabat_Chorus",2025-06-02,"MYCA",3,"SM2","MeadowCreek_SE|2025-06-02"
"5145","MeadowCreek_SE","MeadowCreek","SE","Anabat_Chorus","Anabat_Chorus",2025-06-02,"MYCI",0,"SM2","MeadowCreek_SE|2025-06-02"
"5146","MeadowCreek_SE","MeadowCreek","SE","Anabat_Chorus","Anabat_Chorus",2025-06-02,"MYEV",2,"SM2","MeadowCreek_SE|2025-06-02"
"5147","MeadowCreek_SE","MeadowCreek","SE","Anabat_Chorus","Anabat_Chorus",2025-06-02,"MYLU",0,"SM2","MeadowCreek_SE|2025-06-02"
"5148","MeadowCreek_SE","MeadowCreek","SE","Anabat_Chorus","Anabat_Chorus",2025-06-02,"MYSE",3,"SM2","MeadowCreek_SE|2025-06-02"
"5149","MeadowCreek_SE","MeadowCreek","SE","Anabat_Chorus","Anabat_Chorus",2025-06-02,"MYTH",0,"SM2","MeadowCreek_SE|2025-06-02"
"5150","MeadowCreek_SE","MeadowCreek","SE","Anabat_Chorus","Anabat_Chorus",2025-06-02,"MYVO",1,"SM2","MeadowCreek_SE|2025-06-02"
"5151","MeadowCreek_SE","MeadowCreek","SE","Anabat_Chorus","Anabat_Chorus",2025-06-02,"MYYU",3,"SM2","MeadowCreek_SE|2025-06-02"
"5152","MeadowCreek_SE","MeadowCreek","SE","Anabat_Chorus","Anabat_Chorus",2025-06-02,"PAHE",0,"SM2","MeadowCreek_SE|2025-06-02"
"5153","MeadowCreek_SE","MeadowCreek","SE","Anabat_Chorus","Anabat_Chorus",2025-06-03,"ANPA",0,"SM2","MeadowCreek_SE|2025-06-03"
"5154","MeadowCreek_SE","MeadowCreek","SE","Anabat_Chorus","Anabat_Chorus",2025-06-03,"COTO",0,"SM2","MeadowCreek_SE|2025-06-03"
"5155","MeadowCreek_SE","MeadowCreek","SE","Anabat_Chorus","Anabat_Chorus",2025-06-03,"EPFU",1,"SM2","MeadowCreek_SE|2025-06-03"
"5156","MeadowCreek_SE","MeadowCreek","SE","Anabat_Chorus","Anabat_Chorus",2025-06-03,"EUMA",0,"SM2","MeadowCreek_SE|2025-06-03"
"5157","MeadowCreek_SE","MeadowCreek","SE","Anabat_Chorus","Anabat_Chorus",2025-06-03,"LABO",0,"SM2","MeadowCreek_SE|2025-06-03"
"5158","MeadowCreek_SE","MeadowCreek","SE","Anabat_Chorus","Anabat_Chorus",2025-06-03,"LACI",0,"SM2","MeadowCreek_SE|2025-06-03"
"5159","MeadowCreek_SE","MeadowCreek","SE","Anabat_Chorus","Anabat_Chorus",2025-06-03,"LANO",4,"SM2","MeadowCreek_SE|2025-06-03"
"5160","MeadowCreek_SE","MeadowCreek","SE","Anabat_Chorus","Anabat_Chorus",2025-06-03,"MYCA",0,"SM2","MeadowCreek_SE|2025-06-03"
"5161","MeadowCreek_SE","MeadowCreek","SE","Anabat_Chorus","Anabat_Chorus",2025-06-03,"MYCI",0,"SM2","MeadowCreek_SE|2025-06-03"
"5162","MeadowCreek_SE","MeadowCreek","SE","Anabat_Chorus","Anabat_Chorus",2025-06-03,"MYEV",1,"SM2","MeadowCreek_SE|2025-06-03"
"5163","MeadowCreek_SE","MeadowCreek","SE","Anabat_Chorus","Anabat_Chorus",2025-06-03,"MYLU",0,"SM2","MeadowCreek_SE|2025-06-03"
"5164","MeadowCreek_SE","MeadowCreek","SE","Anabat_Chorus","Anabat_Chorus",2025-06-03,"MYSE",0,"SM2","MeadowCreek_SE|2025-06-03"
"5165","MeadowCreek_SE","MeadowCreek","SE","Anabat_Chorus","Anabat_Chorus",2025-06-03,"MYTH",0,"SM2","MeadowCreek_SE|2025-06-03"
"5166","MeadowCreek_SE","MeadowCreek","SE","Anabat_Chorus","Anabat_Chorus",2025-06-03,"MYVO",1,"SM2","MeadowCreek_SE|2025-06-03"
"5167","MeadowCreek_SE","MeadowCreek","SE","Anabat_Chorus","Anabat_Chorus",2025-06-03,"MYYU",3,"SM2","MeadowCreek_SE|2025-06-03"
"5168","MeadowCreek_SE","MeadowCreek","SE","Anabat_Chorus","Anabat_Chorus",2025-06-03,"PAHE",0,"SM2","MeadowCreek_SE|2025-06-03"
"5169","MeadowCreek_SE","MeadowCreek","SE","Anabat_Chorus","Anabat_Chorus",2025-06-04,"ANPA",0,"SM2","MeadowCreek_SE|2025-06-04"
"5170","MeadowCreek_SE","MeadowCreek","SE","Anabat_Chorus","Anabat_Chorus",2025-06-04,"COTO",2,"SM2","MeadowCreek_SE|2025-06-04"
"5171","MeadowCreek_SE","MeadowCreek","SE","Anabat_Chorus","Anabat_Chorus",2025-06-04,"EPFU",1,"SM2","MeadowCreek_SE|2025-06-04"
"5172","MeadowCreek_SE","MeadowCreek","SE","Anabat_Chorus","Anabat_Chorus",2025-06-04,"EUMA",0,"SM2","MeadowCreek_SE|2025-06-04"
"5173","MeadowCreek_SE","MeadowCreek","SE","Anabat_Chorus","Anabat_Chorus",2025-06-04,"LABO",0,"SM2","MeadowCreek_SE|2025-06-04"
"5174","MeadowCreek_SE","MeadowCreek","SE","Anabat_Chorus","Anabat_Chorus",2025-06-04,"LACI",0,"SM2","MeadowCreek_SE|2025-06-04"
"5175","MeadowCreek_SE","MeadowCreek","SE","Anabat_Chorus","Anabat_Chorus",2025-06-04,"LANO",15,"SM2","MeadowCreek_SE|2025-06-04"
"5176","MeadowCreek_SE","MeadowCreek","SE","Anabat_Chorus","Anabat_Chorus",2025-06-04,"MYCA",2,"SM2","MeadowCreek_SE|2025-06-04"
"5177","MeadowCreek_SE","MeadowCreek","SE","Anabat_Chorus","Anabat_Chorus",2025-06-04,"MYCI",0,"SM2","MeadowCreek_SE|2025-06-04"
"5178","MeadowCreek_SE","MeadowCreek","SE","Anabat_Chorus","Anabat_Chorus",2025-06-04,"MYEV",2,"SM2","MeadowCreek_SE|2025-06-04"
"5179","MeadowCreek_SE","MeadowCreek","SE","Anabat_Chorus","Anabat_Chorus",2025-06-04,"MYLU",0,"SM2","MeadowCreek_SE|2025-06-04"
"5180","MeadowCreek_SE","MeadowCreek","SE","Anabat_Chorus","Anabat_Chorus",2025-06-04,"MYSE",2,"SM2","MeadowCreek_SE|2025-06-04"
"5181","MeadowCreek_SE","MeadowCreek","SE","Anabat_Chorus","Anabat_Chorus",2025-06-04,"MYTH",0,"SM2","MeadowCreek_SE|2025-06-04"
"5182","MeadowCreek_SE","MeadowCreek","SE","Anabat_Chorus","Anabat_Chorus",2025-06-04,"MYVO",8,"SM2","MeadowCreek_SE|2025-06-04"
"5183","MeadowCreek_SE","MeadowCreek","SE","Anabat_Chorus","Anabat_Chorus",2025-06-04,"MYYU",2,"SM2","MeadowCreek_SE|2025-06-04"
"5184","MeadowCreek_SE","MeadowCreek","SE","Anabat_Chorus","Anabat_Chorus",2025-06-04,"PAHE",0,"SM2","MeadowCreek_SE|2025-06-04"
"5185","MeadowCreek_SE","MeadowCreek","SE","Anabat_Chorus","Anabat_Chorus",2025-06-05,"ANPA",0,"SM2","MeadowCreek_SE|2025-06-05"
"5186","MeadowCreek_SE","MeadowCreek","SE","Anabat_Chorus","Anabat_Chorus",2025-06-05,"COTO",0,"SM2","MeadowCreek_SE|2025-06-05"
"5187","MeadowCreek_SE","MeadowCreek","SE","Anabat_Chorus","Anabat_Chorus",2025-06-05,"EPFU",0,"SM2","MeadowCreek_SE|2025-06-05"
"5188","MeadowCreek_SE","MeadowCreek","SE","Anabat_Chorus","Anabat_Chorus",2025-06-05,"EUMA",0,"SM2","MeadowCreek_SE|2025-06-05"
"5189","MeadowCreek_SE","MeadowCreek","SE","Anabat_Chorus","Anabat_Chorus",2025-06-05,"LABO",0,"SM2","MeadowCreek_SE|2025-06-05"
"5190","MeadowCreek_SE","MeadowCreek","SE","Anabat_Chorus","Anabat_Chorus",2025-06-05,"LACI",0,"SM2","MeadowCreek_SE|2025-06-05"
"5191","MeadowCreek_SE","MeadowCreek","SE","Anabat_Chorus","Anabat_Chorus",2025-06-05,"LANO",10,"SM2","MeadowCreek_SE|2025-06-05"
"5192","MeadowCreek_SE","MeadowCreek","SE","Anabat_Chorus","Anabat_Chorus",2025-06-05,"MYCA",10,"SM2","MeadowCreek_SE|2025-06-05"
"5193","MeadowCreek_SE","MeadowCreek","SE","Anabat_Chorus","Anabat_Chorus",2025-06-05,"MYCI",0,"SM2","MeadowCreek_SE|2025-06-05"
"5194","MeadowCreek_SE","MeadowCreek","SE","Anabat_Chorus","Anabat_Chorus",2025-06-05,"MYEV",1,"SM2","MeadowCreek_SE|2025-06-05"
"5195","MeadowCreek_SE","MeadowCreek","SE","Anabat_Chorus","Anabat_Chorus",2025-06-05,"MYLU",1,"SM2","MeadowCreek_SE|2025-06-05"
"5196","MeadowCreek_SE","MeadowCreek","SE","Anabat_Chorus","Anabat_Chorus",2025-06-05,"MYSE",0,"SM2","MeadowCreek_SE|2025-06-05"
"5197","MeadowCreek_SE","MeadowCreek","SE","Anabat_Chorus","Anabat_Chorus",2025-06-05,"MYTH",0,"SM2","MeadowCreek_SE|2025-06-05"
"5198","MeadowCreek_SE","MeadowCreek","SE","Anabat_Chorus","Anabat_Chorus",2025-06-05,"MYVO",9,"SM2","MeadowCreek_SE|2025-06-05"
"5199","MeadowCreek_SE","MeadowCreek","SE","Anabat_Chorus","Anabat_Chorus",2025-06-05,"MYYU",2,"SM2","MeadowCreek_SE|2025-06-05"
"5200","MeadowCreek_SE","MeadowCreek","SE","Anabat_Chorus","Anabat_Chorus",2025-06-05,"PAHE",0,"SM2","MeadowCreek_SE|2025-06-05"
"5201","MeadowCreek_SE","MeadowCreek","SE","Anabat_Chorus","Anabat_Chorus",2025-06-06,"ANPA",0,"SM2","MeadowCreek_SE|2025-06-06"
"5202","MeadowCreek_SE","MeadowCreek","SE","Anabat_Chorus","Anabat_Chorus",2025-06-06,"COTO",0,"SM2","MeadowCreek_SE|2025-06-06"
"5203","MeadowCreek_SE","MeadowCreek","SE","Anabat_Chorus","Anabat_Chorus",2025-06-06,"EPFU",0,"SM2","MeadowCreek_SE|2025-06-06"
"5204","MeadowCreek_SE","MeadowCreek","SE","Anabat_Chorus","Anabat_Chorus",2025-06-06,"EUMA",0,"SM2","MeadowCreek_SE|2025-06-06"
"5205","MeadowCreek_SE","MeadowCreek","SE","Anabat_Chorus","Anabat_Chorus",2025-06-06,"LABO",0,"SM2","MeadowCreek_SE|2025-06-06"
"5206","MeadowCreek_SE","MeadowCreek","SE","Anabat_Chorus","Anabat_Chorus",2025-06-06,"LACI",0,"SM2","MeadowCreek_SE|2025-06-06"
"5207","MeadowCreek_SE","MeadowCreek","SE","Anabat_Chorus","Anabat_Chorus",2025-06-06,"LANO",3,"SM2","MeadowCreek_SE|2025-06-06"
"5208","MeadowCreek_SE","MeadowCreek","SE","Anabat_Chorus","Anabat_Chorus",2025-06-06,"MYCA",8,"SM2","MeadowCreek_SE|2025-06-06"
"5209","MeadowCreek_SE","MeadowCreek","SE","Anabat_Chorus","Anabat_Chorus",2025-06-06,"MYCI",0,"SM2","MeadowCreek_SE|2025-06-06"
"5210","MeadowCreek_SE","MeadowCreek","SE","Anabat_Chorus","Anabat_Chorus",2025-06-06,"MYEV",0,"SM2","MeadowCreek_SE|2025-06-06"
"5211","MeadowCreek_SE","MeadowCreek","SE","Anabat_Chorus","Anabat_Chorus",2025-06-06,"MYLU",0,"SM2","MeadowCreek_SE|2025-06-06"
"5212","MeadowCreek_SE","MeadowCreek","SE","Anabat_Chorus","Anabat_Chorus",2025-06-06,"MYSE",0,"SM2","MeadowCreek_SE|2025-06-06"
"5213","MeadowCreek_SE","MeadowCreek","SE","Anabat_Chorus","Anabat_Chorus",2025-06-06,"MYTH",0,"SM2","MeadowCreek_SE|2025-06-06"
"5214","MeadowCreek_SE","MeadowCreek","SE","Anabat_Chorus","Anabat_Chorus",2025-06-06,"MYVO",4,"SM2","MeadowCreek_SE|2025-06-06"
"5215","MeadowCreek_SE","MeadowCreek","SE","Anabat_Chorus","Anabat_Chorus",2025-06-06,"MYYU",3,"SM2","MeadowCreek_SE|2025-06-06"
"5216","MeadowCreek_SE","MeadowCreek","SE","Anabat_Chorus","Anabat_Chorus",2025-06-06,"PAHE",0,"SM2","MeadowCreek_SE|2025-06-06"
"5217","MeadowCreek_SE","MeadowCreek","SE","Anabat_Chorus","Anabat_Chorus",2025-06-07,"ANPA",0,"SM2","MeadowCreek_SE|2025-06-07"
"5218","MeadowCreek_SE","MeadowCreek","SE","Anabat_Chorus","Anabat_Chorus",2025-06-07,"COTO",3,"SM2","MeadowCreek_SE|2025-06-07"
"5219","MeadowCreek_SE","MeadowCreek","SE","Anabat_Chorus","Anabat_Chorus",2025-06-07,"EPFU",5,"SM2","MeadowCreek_SE|2025-06-07"
"5220","MeadowCreek_SE","MeadowCreek","SE","Anabat_Chorus","Anabat_Chorus",2025-06-07,"EUMA",0,"SM2","MeadowCreek_SE|2025-06-07"
"5221","MeadowCreek_SE","MeadowCreek","SE","Anabat_Chorus","Anabat_Chorus",2025-06-07,"LABO",0,"SM2","MeadowCreek_SE|2025-06-07"
"5222","MeadowCreek_SE","MeadowCreek","SE","Anabat_Chorus","Anabat_Chorus",2025-06-07,"LACI",3,"SM2","MeadowCreek_SE|2025-06-07"
"5223","MeadowCreek_SE","MeadowCreek","SE","Anabat_Chorus","Anabat_Chorus",2025-06-07,"LANO",29,"SM2","MeadowCreek_SE|2025-06-07"
"5224","MeadowCreek_SE","MeadowCreek","SE","Anabat_Chorus","Anabat_Chorus",2025-06-07,"MYCA",19,"SM2","MeadowCreek_SE|2025-06-07"
"5225","MeadowCreek_SE","MeadowCreek","SE","Anabat_Chorus","Anabat_Chorus",2025-06-07,"MYCI",0,"SM2","MeadowCreek_SE|2025-06-07"
"5226","MeadowCreek_SE","MeadowCreek","SE","Anabat_Chorus","Anabat_Chorus",2025-06-07,"MYEV",1,"SM2","MeadowCreek_SE|2025-06-07"
"5227","MeadowCreek_SE","MeadowCreek","SE","Anabat_Chorus","Anabat_Chorus",2025-06-07,"MYLU",1,"SM2","MeadowCreek_SE|2025-06-07"
"5228","MeadowCreek_SE","MeadowCreek","SE","Anabat_Chorus","Anabat_Chorus",2025-06-07,"MYSE",3,"SM2","MeadowCreek_SE|2025-06-07"
"5229","MeadowCreek_SE","MeadowCreek","SE","Anabat_Chorus","Anabat_Chorus",2025-06-07,"MYTH",0,"SM2","MeadowCreek_SE|2025-06-07"
"5230","MeadowCreek_SE","MeadowCreek","SE","Anabat_Chorus","Anabat_Chorus",2025-06-07,"MYVO",6,"SM2","MeadowCreek_SE|2025-06-07"
"5231","MeadowCreek_SE","MeadowCreek","SE","Anabat_Chorus","Anabat_Chorus",2025-06-07,"MYYU",3,"SM2","MeadowCreek_SE|2025-06-07"
"5232","MeadowCreek_SE","MeadowCreek","SE","Anabat_Chorus","Anabat_Chorus",2025-06-07,"PAHE",0,"SM2","MeadowCreek_SE|2025-06-07"
"5233","MeadowCreek_SE","MeadowCreek","SE","Anabat_Chorus","Anabat_Chorus",2025-06-08,"ANPA",0,"SM2","MeadowCreek_SE|2025-06-08"
"5234","MeadowCreek_SE","MeadowCreek","SE","Anabat_Chorus","Anabat_Chorus",2025-06-08,"COTO",0,"SM2","MeadowCreek_SE|2025-06-08"
"5235","MeadowCreek_SE","MeadowCreek","SE","Anabat_Chorus","Anabat_Chorus",2025-06-08,"EPFU",1,"SM2","MeadowCreek_SE|2025-06-08"
"5236","MeadowCreek_SE","MeadowCreek","SE","Anabat_Chorus","Anabat_Chorus",2025-06-08,"EUMA",0,"SM2","MeadowCreek_SE|2025-06-08"
"5237","MeadowCreek_SE","MeadowCreek","SE","Anabat_Chorus","Anabat_Chorus",2025-06-08,"LABO",0,"SM2","MeadowCreek_SE|2025-06-08"
"5238","MeadowCreek_SE","MeadowCreek","SE","Anabat_Chorus","Anabat_Chorus",2025-06-08,"LACI",0,"SM2","MeadowCreek_SE|2025-06-08"
"5239","MeadowCreek_SE","MeadowCreek","SE","Anabat_Chorus","Anabat_Chorus",2025-06-08,"LANO",4,"SM2","MeadowCreek_SE|2025-06-08"
"5240","MeadowCreek_SE","MeadowCreek","SE","Anabat_Chorus","Anabat_Chorus",2025-06-08,"MYCA",63,"SM2","MeadowCreek_SE|2025-06-08"
"5241","MeadowCreek_SE","MeadowCreek","SE","Anabat_Chorus","Anabat_Chorus",2025-06-08,"MYCI",0,"SM2","MeadowCreek_SE|2025-06-08"
"5242","MeadowCreek_SE","MeadowCreek","SE","Anabat_Chorus","Anabat_Chorus",2025-06-08,"MYEV",0,"SM2","MeadowCreek_SE|2025-06-08"
"5243","MeadowCreek_SE","MeadowCreek","SE","Anabat_Chorus","Anabat_Chorus",2025-06-08,"MYLU",16,"SM2","MeadowCreek_SE|2025-06-08"
"5244","MeadowCreek_SE","MeadowCreek","SE","Anabat_Chorus","Anabat_Chorus",2025-06-08,"MYSE",1,"SM2","MeadowCreek_SE|2025-06-08"
"5245","MeadowCreek_SE","MeadowCreek","SE","Anabat_Chorus","Anabat_Chorus",2025-06-08,"MYTH",0,"SM2","MeadowCreek_SE|2025-06-08"
"5246","MeadowCreek_SE","MeadowCreek","SE","Anabat_Chorus","Anabat_Chorus",2025-06-08,"MYVO",7,"SM2","MeadowCreek_SE|2025-06-08"
"5247","MeadowCreek_SE","MeadowCreek","SE","Anabat_Chorus","Anabat_Chorus",2025-06-08,"MYYU",0,"SM2","MeadowCreek_SE|2025-06-08"
"5248","MeadowCreek_SE","MeadowCreek","SE","Anabat_Chorus","Anabat_Chorus",2025-06-08,"PAHE",0,"SM2","MeadowCreek_SE|2025-06-08"
"5249","MeadowCreek_SW2","MeadowCreek","SW2","SM2","Other_FS",2025-06-02,"ANPA",0,"SM2","MeadowCreek_SW2|2025-06-02"
"5250","MeadowCreek_SW2","MeadowCreek","SW2","SM2","Other_FS",2025-06-02,"COTO",0,"SM2","MeadowCreek_SW2|2025-06-02"
"5251","MeadowCreek_SW2","MeadowCreek","SW2","SM2","Other_FS",2025-06-02,"EPFU",0,"SM2","MeadowCreek_SW2|2025-06-02"
"5252","MeadowCreek_SW2","MeadowCreek","SW2","SM2","Other_FS",2025-06-02,"EUMA",0,"SM2","MeadowCreek_SW2|2025-06-02"
"5253","MeadowCreek_SW2","MeadowCreek","SW2","SM2","Other_FS",2025-06-02,"LABO",1,"SM2","MeadowCreek_SW2|2025-06-02"
"5254","MeadowCreek_SW2","MeadowCreek","SW2","SM2","Other_FS",2025-06-02,"LACI",1,"SM2","MeadowCreek_SW2|2025-06-02"
"5255","MeadowCreek_SW2","MeadowCreek","SW2","SM2","Other_FS",2025-06-02,"LANO",48,"SM2","MeadowCreek_SW2|2025-06-02"
"5256","MeadowCreek_SW2","MeadowCreek","SW2","SM2","Other_FS",2025-06-02,"MYCA",28,"SM2","MeadowCreek_SW2|2025-06-02"
"5257","MeadowCreek_SW2","MeadowCreek","SW2","SM2","Other_FS",2025-06-02,"MYCI",0,"SM2","MeadowCreek_SW2|2025-06-02"
"5258","MeadowCreek_SW2","MeadowCreek","SW2","SM2","Other_FS",2025-06-02,"MYEV",0,"SM2","MeadowCreek_SW2|2025-06-02"
"5259","MeadowCreek_SW2","MeadowCreek","SW2","SM2","Other_FS",2025-06-02,"MYLU",1,"SM2","MeadowCreek_SW2|2025-06-02"
"5260","MeadowCreek_SW2","MeadowCreek","SW2","SM2","Other_FS",2025-06-02,"MYSE",0,"SM2","MeadowCreek_SW2|2025-06-02"
"5261","MeadowCreek_SW2","MeadowCreek","SW2","SM2","Other_FS",2025-06-02,"MYTH",0,"SM2","MeadowCreek_SW2|2025-06-02"
"5262","MeadowCreek_SW2","MeadowCreek","SW2","SM2","Other_FS",2025-06-02,"MYVO",0,"SM2","MeadowCreek_SW2|2025-06-02"
"5263","MeadowCreek_SW2","MeadowCreek","SW2","SM2","Other_FS",2025-06-02,"MYYU",7,"SM2","MeadowCreek_SW2|2025-06-02"
"5264","MeadowCreek_SW2","MeadowCreek","SW2","SM2","Other_FS",2025-06-02,"PAHE",0,"SM2","MeadowCreek_SW2|2025-06-02"
"5265","MeadowCreek_SW2","MeadowCreek","SW2","SM2","Other_FS",2025-06-03,"ANPA",0,"SM2","MeadowCreek_SW2|2025-06-03"
"5266","MeadowCreek_SW2","MeadowCreek","SW2","SM2","Other_FS",2025-06-03,"COTO",0,"SM2","MeadowCreek_SW2|2025-06-03"
"5267","MeadowCreek_SW2","MeadowCreek","SW2","SM2","Other_FS",2025-06-03,"EPFU",0,"SM2","MeadowCreek_SW2|2025-06-03"
"5268","MeadowCreek_SW2","MeadowCreek","SW2","SM2","Other_FS",2025-06-03,"EUMA",0,"SM2","MeadowCreek_SW2|2025-06-03"
"5269","MeadowCreek_SW2","MeadowCreek","SW2","SM2","Other_FS",2025-06-03,"LABO",0,"SM2","MeadowCreek_SW2|2025-06-03"
"5270","MeadowCreek_SW2","MeadowCreek","SW2","SM2","Other_FS",2025-06-03,"LACI",0,"SM2","MeadowCreek_SW2|2025-06-03"
"5271","MeadowCreek_SW2","MeadowCreek","SW2","SM2","Other_FS",2025-06-03,"LANO",6,"SM2","MeadowCreek_SW2|2025-06-03"
"5272","MeadowCreek_SW2","MeadowCreek","SW2","SM2","Other_FS",2025-06-03,"MYCA",15,"SM2","MeadowCreek_SW2|2025-06-03"
"5273","MeadowCreek_SW2","MeadowCreek","SW2","SM2","Other_FS",2025-06-03,"MYCI",0,"SM2","MeadowCreek_SW2|2025-06-03"
"5274","MeadowCreek_SW2","MeadowCreek","SW2","SM2","Other_FS",2025-06-03,"MYEV",0,"SM2","MeadowCreek_SW2|2025-06-03"
"5275","MeadowCreek_SW2","MeadowCreek","SW2","SM2","Other_FS",2025-06-03,"MYLU",2,"SM2","MeadowCreek_SW2|2025-06-03"
"5276","MeadowCreek_SW2","MeadowCreek","SW2","SM2","Other_FS",2025-06-03,"MYSE",0,"SM2","MeadowCreek_SW2|2025-06-03"
"5277","MeadowCreek_SW2","MeadowCreek","SW2","SM2","Other_FS",2025-06-03,"MYTH",0,"SM2","MeadowCreek_SW2|2025-06-03"
"5278","MeadowCreek_SW2","MeadowCreek","SW2","SM2","Other_FS",2025-06-03,"MYVO",2,"SM2","MeadowCreek_SW2|2025-06-03"
"5279","MeadowCreek_SW2","MeadowCreek","SW2","SM2","Other_FS",2025-06-03,"MYYU",4,"SM2","MeadowCreek_SW2|2025-06-03"
"5280","MeadowCreek_SW2","MeadowCreek","SW2","SM2","Other_FS",2025-06-03,"PAHE",0,"SM2","MeadowCreek_SW2|2025-06-03"
"5281","MeadowCreek_SW2","MeadowCreek","SW2","SM2","Other_FS",2025-06-04,"ANPA",0,"SM2","MeadowCreek_SW2|2025-06-04"
"5282","MeadowCreek_SW2","MeadowCreek","SW2","SM2","Other_FS",2025-06-04,"COTO",0,"SM2","MeadowCreek_SW2|2025-06-04"
"5283","MeadowCreek_SW2","MeadowCreek","SW2","SM2","Other_FS",2025-06-04,"EPFU",1,"SM2","MeadowCreek_SW2|2025-06-04"
"5284","MeadowCreek_SW2","MeadowCreek","SW2","SM2","Other_FS",2025-06-04,"EUMA",0,"SM2","MeadowCreek_SW2|2025-06-04"
"5285","MeadowCreek_SW2","MeadowCreek","SW2","SM2","Other_FS",2025-06-04,"LABO",0,"SM2","MeadowCreek_SW2|2025-06-04"
"5286","MeadowCreek_SW2","MeadowCreek","SW2","SM2","Other_FS",2025-06-04,"LACI",0,"SM2","MeadowCreek_SW2|2025-06-04"
"5287","MeadowCreek_SW2","MeadowCreek","SW2","SM2","Other_FS",2025-06-04,"LANO",23,"SM2","MeadowCreek_SW2|2025-06-04"
"5288","MeadowCreek_SW2","MeadowCreek","SW2","SM2","Other_FS",2025-06-04,"MYCA",18,"SM2","MeadowCreek_SW2|2025-06-04"
"5289","MeadowCreek_SW2","MeadowCreek","SW2","SM2","Other_FS",2025-06-04,"MYCI",0,"SM2","MeadowCreek_SW2|2025-06-04"
"5290","MeadowCreek_SW2","MeadowCreek","SW2","SM2","Other_FS",2025-06-04,"MYEV",0,"SM2","MeadowCreek_SW2|2025-06-04"
"5291","MeadowCreek_SW2","MeadowCreek","SW2","SM2","Other_FS",2025-06-04,"MYLU",1,"SM2","MeadowCreek_SW2|2025-06-04"
"5292","MeadowCreek_SW2","MeadowCreek","SW2","SM2","Other_FS",2025-06-04,"MYSE",1,"SM2","MeadowCreek_SW2|2025-06-04"
"5293","MeadowCreek_SW2","MeadowCreek","SW2","SM2","Other_FS",2025-06-04,"MYTH",0,"SM2","MeadowCreek_SW2|2025-06-04"
"5294","MeadowCreek_SW2","MeadowCreek","SW2","SM2","Other_FS",2025-06-04,"MYVO",0,"SM2","MeadowCreek_SW2|2025-06-04"
"5295","MeadowCreek_SW2","MeadowCreek","SW2","SM2","Other_FS",2025-06-04,"MYYU",13,"SM2","MeadowCreek_SW2|2025-06-04"
"5296","MeadowCreek_SW2","MeadowCreek","SW2","SM2","Other_FS",2025-06-04,"PAHE",0,"SM2","MeadowCreek_SW2|2025-06-04"
"5297","MeadowCreek_SW2","MeadowCreek","SW2","SM2","Other_FS",2025-06-05,"ANPA",0,"SM2","MeadowCreek_SW2|2025-06-05"
"5298","MeadowCreek_SW2","MeadowCreek","SW2","SM2","Other_FS",2025-06-05,"COTO",0,"SM2","MeadowCreek_SW2|2025-06-05"
"5299","MeadowCreek_SW2","MeadowCreek","SW2","SM2","Other_FS",2025-06-05,"EPFU",1,"SM2","MeadowCreek_SW2|2025-06-05"
"5300","MeadowCreek_SW2","MeadowCreek","SW2","SM2","Other_FS",2025-06-05,"EUMA",0,"SM2","MeadowCreek_SW2|2025-06-05"
"5301","MeadowCreek_SW2","MeadowCreek","SW2","SM2","Other_FS",2025-06-05,"LABO",0,"SM2","MeadowCreek_SW2|2025-06-05"
"5302","MeadowCreek_SW2","MeadowCreek","SW2","SM2","Other_FS",2025-06-05,"LACI",3,"SM2","MeadowCreek_SW2|2025-06-05"
"5303","MeadowCreek_SW2","MeadowCreek","SW2","SM2","Other_FS",2025-06-05,"LANO",25,"SM2","MeadowCreek_SW2|2025-06-05"
"5304","MeadowCreek_SW2","MeadowCreek","SW2","SM2","Other_FS",2025-06-05,"MYCA",22,"SM2","MeadowCreek_SW2|2025-06-05"
"5305","MeadowCreek_SW2","MeadowCreek","SW2","SM2","Other_FS",2025-06-05,"MYCI",0,"SM2","MeadowCreek_SW2|2025-06-05"
"5306","MeadowCreek_SW2","MeadowCreek","SW2","SM2","Other_FS",2025-06-05,"MYEV",0,"SM2","MeadowCreek_SW2|2025-06-05"
"5307","MeadowCreek_SW2","MeadowCreek","SW2","SM2","Other_FS",2025-06-05,"MYLU",9,"SM2","MeadowCreek_SW2|2025-06-05"
"5308","MeadowCreek_SW2","MeadowCreek","SW2","SM2","Other_FS",2025-06-05,"MYSE",1,"SM2","MeadowCreek_SW2|2025-06-05"
"5309","MeadowCreek_SW2","MeadowCreek","SW2","SM2","Other_FS",2025-06-05,"MYTH",0,"SM2","MeadowCreek_SW2|2025-06-05"
"5310","MeadowCreek_SW2","MeadowCreek","SW2","SM2","Other_FS",2025-06-05,"MYVO",1,"SM2","MeadowCreek_SW2|2025-06-05"
"5311","MeadowCreek_SW2","MeadowCreek","SW2","SM2","Other_FS",2025-06-05,"MYYU",21,"SM2","MeadowCreek_SW2|2025-06-05"
"5312","MeadowCreek_SW2","MeadowCreek","SW2","SM2","Other_FS",2025-06-05,"PAHE",0,"SM2","MeadowCreek_SW2|2025-06-05"
"5313","MeadowCreek_SW2","MeadowCreek","SW2","SM2","Other_FS",2025-06-06,"ANPA",0,"SM2","MeadowCreek_SW2|2025-06-06"
"5314","MeadowCreek_SW2","MeadowCreek","SW2","SM2","Other_FS",2025-06-06,"COTO",2,"SM2","MeadowCreek_SW2|2025-06-06"
"5315","MeadowCreek_SW2","MeadowCreek","SW2","SM2","Other_FS",2025-06-06,"EPFU",0,"SM2","MeadowCreek_SW2|2025-06-06"
"5316","MeadowCreek_SW2","MeadowCreek","SW2","SM2","Other_FS",2025-06-06,"EUMA",0,"SM2","MeadowCreek_SW2|2025-06-06"
"5317","MeadowCreek_SW2","MeadowCreek","SW2","SM2","Other_FS",2025-06-06,"LABO",2,"SM2","MeadowCreek_SW2|2025-06-06"
"5318","MeadowCreek_SW2","MeadowCreek","SW2","SM2","Other_FS",2025-06-06,"LACI",3,"SM2","MeadowCreek_SW2|2025-06-06"
"5319","MeadowCreek_SW2","MeadowCreek","SW2","SM2","Other_FS",2025-06-06,"LANO",58,"SM2","MeadowCreek_SW2|2025-06-06"
"5320","MeadowCreek_SW2","MeadowCreek","SW2","SM2","Other_FS",2025-06-06,"MYCA",13,"SM2","MeadowCreek_SW2|2025-06-06"
"5321","MeadowCreek_SW2","MeadowCreek","SW2","SM2","Other_FS",2025-06-06,"MYCI",0,"SM2","MeadowCreek_SW2|2025-06-06"
"5322","MeadowCreek_SW2","MeadowCreek","SW2","SM2","Other_FS",2025-06-06,"MYEV",0,"SM2","MeadowCreek_SW2|2025-06-06"
"5323","MeadowCreek_SW2","MeadowCreek","SW2","SM2","Other_FS",2025-06-06,"MYLU",3,"SM2","MeadowCreek_SW2|2025-06-06"
"5324","MeadowCreek_SW2","MeadowCreek","SW2","SM2","Other_FS",2025-06-06,"MYSE",0,"SM2","MeadowCreek_SW2|2025-06-06"
"5325","MeadowCreek_SW2","MeadowCreek","SW2","SM2","Other_FS",2025-06-06,"MYTH",0,"SM2","MeadowCreek_SW2|2025-06-06"
"5326","MeadowCreek_SW2","MeadowCreek","SW2","SM2","Other_FS",2025-06-06,"MYVO",2,"SM2","MeadowCreek_SW2|2025-06-06"
"5327","MeadowCreek_SW2","MeadowCreek","SW2","SM2","Other_FS",2025-06-06,"MYYU",3,"SM2","MeadowCreek_SW2|2025-06-06"
"5328","MeadowCreek_SW2","MeadowCreek","SW2","SM2","Other_FS",2025-06-06,"PAHE",0,"SM2","MeadowCreek_SW2|2025-06-06"
"5329","MeadowCreek_SW2","MeadowCreek","SW2","SM2","Other_FS",2025-06-07,"ANPA",0,"SM2","MeadowCreek_SW2|2025-06-07"
"5330","MeadowCreek_SW2","MeadowCreek","SW2","SM2","Other_FS",2025-06-07,"COTO",2,"SM2","MeadowCreek_SW2|2025-06-07"
"5331","MeadowCreek_SW2","MeadowCreek","SW2","SM2","Other_FS",2025-06-07,"EPFU",0,"SM2","MeadowCreek_SW2|2025-06-07"
"5332","MeadowCreek_SW2","MeadowCreek","SW2","SM2","Other_FS",2025-06-07,"EUMA",0,"SM2","MeadowCreek_SW2|2025-06-07"
"5333","MeadowCreek_SW2","MeadowCreek","SW2","SM2","Other_FS",2025-06-07,"LABO",0,"SM2","MeadowCreek_SW2|2025-06-07"
"5334","MeadowCreek_SW2","MeadowCreek","SW2","SM2","Other_FS",2025-06-07,"LACI",3,"SM2","MeadowCreek_SW2|2025-06-07"
"5335","MeadowCreek_SW2","MeadowCreek","SW2","SM2","Other_FS",2025-06-07,"LANO",139,"SM2","MeadowCreek_SW2|2025-06-07"
"5336","MeadowCreek_SW2","MeadowCreek","SW2","SM2","Other_FS",2025-06-07,"MYCA",29,"SM2","MeadowCreek_SW2|2025-06-07"
"5337","MeadowCreek_SW2","MeadowCreek","SW2","SM2","Other_FS",2025-06-07,"MYCI",0,"SM2","MeadowCreek_SW2|2025-06-07"
"5338","MeadowCreek_SW2","MeadowCreek","SW2","SM2","Other_FS",2025-06-07,"MYEV",0,"SM2","MeadowCreek_SW2|2025-06-07"
"5339","MeadowCreek_SW2","MeadowCreek","SW2","SM2","Other_FS",2025-06-07,"MYLU",16,"SM2","MeadowCreek_SW2|2025-06-07"
"5340","MeadowCreek_SW2","MeadowCreek","SW2","SM2","Other_FS",2025-06-07,"MYSE",1,"SM2","MeadowCreek_SW2|2025-06-07"
"5341","MeadowCreek_SW2","MeadowCreek","SW2","SM2","Other_FS",2025-06-07,"MYTH",0,"SM2","MeadowCreek_SW2|2025-06-07"
"5342","MeadowCreek_SW2","MeadowCreek","SW2","SM2","Other_FS",2025-06-07,"MYVO",5,"SM2","MeadowCreek_SW2|2025-06-07"
"5343","MeadowCreek_SW2","MeadowCreek","SW2","SM2","Other_FS",2025-06-07,"MYYU",13,"SM2","MeadowCreek_SW2|2025-06-07"
"5344","MeadowCreek_SW2","MeadowCreek","SW2","SM2","Other_FS",2025-06-07,"PAHE",0,"SM2","MeadowCreek_SW2|2025-06-07"
"5345","MeadowCreek_SW2","MeadowCreek","SW2","SM2","Other_FS",2025-06-08,"ANPA",0,"SM2","MeadowCreek_SW2|2025-06-08"
"5346","MeadowCreek_SW2","MeadowCreek","SW2","SM2","Other_FS",2025-06-08,"COTO",0,"SM2","MeadowCreek_SW2|2025-06-08"
"5347","MeadowCreek_SW2","MeadowCreek","SW2","SM2","Other_FS",2025-06-08,"EPFU",2,"SM2","MeadowCreek_SW2|2025-06-08"
"5348","MeadowCreek_SW2","MeadowCreek","SW2","SM2","Other_FS",2025-06-08,"EUMA",0,"SM2","MeadowCreek_SW2|2025-06-08"
"5349","MeadowCreek_SW2","MeadowCreek","SW2","SM2","Other_FS",2025-06-08,"LABO",0,"SM2","MeadowCreek_SW2|2025-06-08"
"5350","MeadowCreek_SW2","MeadowCreek","SW2","SM2","Other_FS",2025-06-08,"LACI",2,"SM2","MeadowCreek_SW2|2025-06-08"
"5351","MeadowCreek_SW2","MeadowCreek","SW2","SM2","Other_FS",2025-06-08,"LANO",28,"SM2","MeadowCreek_SW2|2025-06-08"
"5352","MeadowCreek_SW2","MeadowCreek","SW2","SM2","Other_FS",2025-06-08,"MYCA",29,"SM2","MeadowCreek_SW2|2025-06-08"
"5353","MeadowCreek_SW2","MeadowCreek","SW2","SM2","Other_FS",2025-06-08,"MYCI",0,"SM2","MeadowCreek_SW2|2025-06-08"
"5354","MeadowCreek_SW2","MeadowCreek","SW2","SM2","Other_FS",2025-06-08,"MYEV",0,"SM2","MeadowCreek_SW2|2025-06-08"
"5355","MeadowCreek_SW2","MeadowCreek","SW2","SM2","Other_FS",2025-06-08,"MYLU",4,"SM2","MeadowCreek_SW2|2025-06-08"
"5356","MeadowCreek_SW2","MeadowCreek","SW2","SM2","Other_FS",2025-06-08,"MYSE",0,"SM2","MeadowCreek_SW2|2025-06-08"
"5357","MeadowCreek_SW2","MeadowCreek","SW2","SM2","Other_FS",2025-06-08,"MYTH",0,"SM2","MeadowCreek_SW2|2025-06-08"
"5358","MeadowCreek_SW2","MeadowCreek","SW2","SM2","Other_FS",2025-06-08,"MYVO",0,"SM2","MeadowCreek_SW2|2025-06-08"
"5359","MeadowCreek_SW2","MeadowCreek","SW2","SM2","Other_FS",2025-06-08,"MYYU",6,"SM2","MeadowCreek_SW2|2025-06-08"
"5360","MeadowCreek_SW2","MeadowCreek","SW2","SM2","Other_FS",2025-06-08,"PAHE",0,"SM2","MeadowCreek_SW2|2025-06-08"
"5361","MeadowCreek_SW2","MeadowCreek","SW2","Anabat_Chorus","Anabat_Chorus",2025-06-02,"ANPA",0,"SM2","MeadowCreek_SW2|2025-06-02"
"5362","MeadowCreek_SW2","MeadowCreek","SW2","Anabat_Chorus","Anabat_Chorus",2025-06-02,"COTO",0,"SM2","MeadowCreek_SW2|2025-06-02"
"5363","MeadowCreek_SW2","MeadowCreek","SW2","Anabat_Chorus","Anabat_Chorus",2025-06-02,"EPFU",2,"SM2","MeadowCreek_SW2|2025-06-02"
"5364","MeadowCreek_SW2","MeadowCreek","SW2","Anabat_Chorus","Anabat_Chorus",2025-06-02,"EUMA",0,"SM2","MeadowCreek_SW2|2025-06-02"
"5365","MeadowCreek_SW2","MeadowCreek","SW2","Anabat_Chorus","Anabat_Chorus",2025-06-02,"LABO",0,"SM2","MeadowCreek_SW2|2025-06-02"
"5366","MeadowCreek_SW2","MeadowCreek","SW2","Anabat_Chorus","Anabat_Chorus",2025-06-02,"LACI",1,"SM2","MeadowCreek_SW2|2025-06-02"
"5367","MeadowCreek_SW2","MeadowCreek","SW2","Anabat_Chorus","Anabat_Chorus",2025-06-02,"LANO",61,"SM2","MeadowCreek_SW2|2025-06-02"
"5368","MeadowCreek_SW2","MeadowCreek","SW2","Anabat_Chorus","Anabat_Chorus",2025-06-02,"MYCA",35,"SM2","MeadowCreek_SW2|2025-06-02"
"5369","MeadowCreek_SW2","MeadowCreek","SW2","Anabat_Chorus","Anabat_Chorus",2025-06-02,"MYCI",0,"SM2","MeadowCreek_SW2|2025-06-02"
"5370","MeadowCreek_SW2","MeadowCreek","SW2","Anabat_Chorus","Anabat_Chorus",2025-06-02,"MYEV",1,"SM2","MeadowCreek_SW2|2025-06-02"
"5371","MeadowCreek_SW2","MeadowCreek","SW2","Anabat_Chorus","Anabat_Chorus",2025-06-02,"MYLU",8,"SM2","MeadowCreek_SW2|2025-06-02"
"5372","MeadowCreek_SW2","MeadowCreek","SW2","Anabat_Chorus","Anabat_Chorus",2025-06-02,"MYSE",2,"SM2","MeadowCreek_SW2|2025-06-02"
"5373","MeadowCreek_SW2","MeadowCreek","SW2","Anabat_Chorus","Anabat_Chorus",2025-06-02,"MYTH",0,"SM2","MeadowCreek_SW2|2025-06-02"
"5374","MeadowCreek_SW2","MeadowCreek","SW2","Anabat_Chorus","Anabat_Chorus",2025-06-02,"MYVO",0,"SM2","MeadowCreek_SW2|2025-06-02"
"5375","MeadowCreek_SW2","MeadowCreek","SW2","Anabat_Chorus","Anabat_Chorus",2025-06-02,"MYYU",7,"SM2","MeadowCreek_SW2|2025-06-02"
"5376","MeadowCreek_SW2","MeadowCreek","SW2","Anabat_Chorus","Anabat_Chorus",2025-06-02,"PAHE",0,"SM2","MeadowCreek_SW2|2025-06-02"
"5377","MeadowCreek_SW2","MeadowCreek","SW2","Anabat_Chorus","Anabat_Chorus",2025-06-03,"ANPA",0,"SM2","MeadowCreek_SW2|2025-06-03"
"5378","MeadowCreek_SW2","MeadowCreek","SW2","Anabat_Chorus","Anabat_Chorus",2025-06-03,"COTO",0,"SM2","MeadowCreek_SW2|2025-06-03"
"5379","MeadowCreek_SW2","MeadowCreek","SW2","Anabat_Chorus","Anabat_Chorus",2025-06-03,"EPFU",0,"SM2","MeadowCreek_SW2|2025-06-03"
"5380","MeadowCreek_SW2","MeadowCreek","SW2","Anabat_Chorus","Anabat_Chorus",2025-06-03,"EUMA",0,"SM2","MeadowCreek_SW2|2025-06-03"
"5381","MeadowCreek_SW2","MeadowCreek","SW2","Anabat_Chorus","Anabat_Chorus",2025-06-03,"LABO",0,"SM2","MeadowCreek_SW2|2025-06-03"
"5382","MeadowCreek_SW2","MeadowCreek","SW2","Anabat_Chorus","Anabat_Chorus",2025-06-03,"LACI",0,"SM2","MeadowCreek_SW2|2025-06-03"
"5383","MeadowCreek_SW2","MeadowCreek","SW2","Anabat_Chorus","Anabat_Chorus",2025-06-03,"LANO",6,"SM2","MeadowCreek_SW2|2025-06-03"
"5384","MeadowCreek_SW2","MeadowCreek","SW2","Anabat_Chorus","Anabat_Chorus",2025-06-03,"MYCA",17,"SM2","MeadowCreek_SW2|2025-06-03"
"5385","MeadowCreek_SW2","MeadowCreek","SW2","Anabat_Chorus","Anabat_Chorus",2025-06-03,"MYCI",0,"SM2","MeadowCreek_SW2|2025-06-03"
"5386","MeadowCreek_SW2","MeadowCreek","SW2","Anabat_Chorus","Anabat_Chorus",2025-06-03,"MYEV",0,"SM2","MeadowCreek_SW2|2025-06-03"
"5387","MeadowCreek_SW2","MeadowCreek","SW2","Anabat_Chorus","Anabat_Chorus",2025-06-03,"MYLU",1,"SM2","MeadowCreek_SW2|2025-06-03"
"5388","MeadowCreek_SW2","MeadowCreek","SW2","Anabat_Chorus","Anabat_Chorus",2025-06-03,"MYSE",1,"SM2","MeadowCreek_SW2|2025-06-03"
"5389","MeadowCreek_SW2","MeadowCreek","SW2","Anabat_Chorus","Anabat_Chorus",2025-06-03,"MYTH",0,"SM2","MeadowCreek_SW2|2025-06-03"
"5390","MeadowCreek_SW2","MeadowCreek","SW2","Anabat_Chorus","Anabat_Chorus",2025-06-03,"MYVO",2,"SM2","MeadowCreek_SW2|2025-06-03"
"5391","MeadowCreek_SW2","MeadowCreek","SW2","Anabat_Chorus","Anabat_Chorus",2025-06-03,"MYYU",15,"SM2","MeadowCreek_SW2|2025-06-03"
"5392","MeadowCreek_SW2","MeadowCreek","SW2","Anabat_Chorus","Anabat_Chorus",2025-06-03,"PAHE",0,"SM2","MeadowCreek_SW2|2025-06-03"
"5393","MeadowCreek_SW2","MeadowCreek","SW2","Anabat_Chorus","Anabat_Chorus",2025-06-04,"ANPA",0,"SM2","MeadowCreek_SW2|2025-06-04"
"5394","MeadowCreek_SW2","MeadowCreek","SW2","Anabat_Chorus","Anabat_Chorus",2025-06-04,"COTO",0,"SM2","MeadowCreek_SW2|2025-06-04"
"5395","MeadowCreek_SW2","MeadowCreek","SW2","Anabat_Chorus","Anabat_Chorus",2025-06-04,"EPFU",1,"SM2","MeadowCreek_SW2|2025-06-04"
"5396","MeadowCreek_SW2","MeadowCreek","SW2","Anabat_Chorus","Anabat_Chorus",2025-06-04,"EUMA",0,"SM2","MeadowCreek_SW2|2025-06-04"
"5397","MeadowCreek_SW2","MeadowCreek","SW2","Anabat_Chorus","Anabat_Chorus",2025-06-04,"LABO",0,"SM2","MeadowCreek_SW2|2025-06-04"
"5398","MeadowCreek_SW2","MeadowCreek","SW2","Anabat_Chorus","Anabat_Chorus",2025-06-04,"LACI",1,"SM2","MeadowCreek_SW2|2025-06-04"
"5399","MeadowCreek_SW2","MeadowCreek","SW2","Anabat_Chorus","Anabat_Chorus",2025-06-04,"LANO",20,"SM2","MeadowCreek_SW2|2025-06-04"
"5400","MeadowCreek_SW2","MeadowCreek","SW2","Anabat_Chorus","Anabat_Chorus",2025-06-04,"MYCA",31,"SM2","MeadowCreek_SW2|2025-06-04"
"5401","MeadowCreek_SW2","MeadowCreek","SW2","Anabat_Chorus","Anabat_Chorus",2025-06-04,"MYCI",0,"SM2","MeadowCreek_SW2|2025-06-04"
"5402","MeadowCreek_SW2","MeadowCreek","SW2","Anabat_Chorus","Anabat_Chorus",2025-06-04,"MYEV",0,"SM2","MeadowCreek_SW2|2025-06-04"
"5403","MeadowCreek_SW2","MeadowCreek","SW2","Anabat_Chorus","Anabat_Chorus",2025-06-04,"MYLU",7,"SM2","MeadowCreek_SW2|2025-06-04"
"5404","MeadowCreek_SW2","MeadowCreek","SW2","Anabat_Chorus","Anabat_Chorus",2025-06-04,"MYSE",3,"SM2","MeadowCreek_SW2|2025-06-04"
"5405","MeadowCreek_SW2","MeadowCreek","SW2","Anabat_Chorus","Anabat_Chorus",2025-06-04,"MYTH",0,"SM2","MeadowCreek_SW2|2025-06-04"
"5406","MeadowCreek_SW2","MeadowCreek","SW2","Anabat_Chorus","Anabat_Chorus",2025-06-04,"MYVO",3,"SM2","MeadowCreek_SW2|2025-06-04"
"5407","MeadowCreek_SW2","MeadowCreek","SW2","Anabat_Chorus","Anabat_Chorus",2025-06-04,"MYYU",11,"SM2","MeadowCreek_SW2|2025-06-04"
"5408","MeadowCreek_SW2","MeadowCreek","SW2","Anabat_Chorus","Anabat_Chorus",2025-06-04,"PAHE",0,"SM2","MeadowCreek_SW2|2025-06-04"
"5409","MeadowCreek_SW2","MeadowCreek","SW2","Anabat_Chorus","Anabat_Chorus",2025-06-05,"ANPA",0,"SM2","MeadowCreek_SW2|2025-06-05"
"5410","MeadowCreek_SW2","MeadowCreek","SW2","Anabat_Chorus","Anabat_Chorus",2025-06-05,"COTO",1,"SM2","MeadowCreek_SW2|2025-06-05"
"5411","MeadowCreek_SW2","MeadowCreek","SW2","Anabat_Chorus","Anabat_Chorus",2025-06-05,"EPFU",0,"SM2","MeadowCreek_SW2|2025-06-05"
"5412","MeadowCreek_SW2","MeadowCreek","SW2","Anabat_Chorus","Anabat_Chorus",2025-06-05,"EUMA",0,"SM2","MeadowCreek_SW2|2025-06-05"
"5413","MeadowCreek_SW2","MeadowCreek","SW2","Anabat_Chorus","Anabat_Chorus",2025-06-05,"LABO",0,"SM2","MeadowCreek_SW2|2025-06-05"
"5414","MeadowCreek_SW2","MeadowCreek","SW2","Anabat_Chorus","Anabat_Chorus",2025-06-05,"LACI",5,"SM2","MeadowCreek_SW2|2025-06-05"
"5415","MeadowCreek_SW2","MeadowCreek","SW2","Anabat_Chorus","Anabat_Chorus",2025-06-05,"LANO",26,"SM2","MeadowCreek_SW2|2025-06-05"
"5416","MeadowCreek_SW2","MeadowCreek","SW2","Anabat_Chorus","Anabat_Chorus",2025-06-05,"MYCA",46,"SM2","MeadowCreek_SW2|2025-06-05"
"5417","MeadowCreek_SW2","MeadowCreek","SW2","Anabat_Chorus","Anabat_Chorus",2025-06-05,"MYCI",0,"SM2","MeadowCreek_SW2|2025-06-05"
"5418","MeadowCreek_SW2","MeadowCreek","SW2","Anabat_Chorus","Anabat_Chorus",2025-06-05,"MYEV",0,"SM2","MeadowCreek_SW2|2025-06-05"
"5419","MeadowCreek_SW2","MeadowCreek","SW2","Anabat_Chorus","Anabat_Chorus",2025-06-05,"MYLU",18,"SM2","MeadowCreek_SW2|2025-06-05"
"5420","MeadowCreek_SW2","MeadowCreek","SW2","Anabat_Chorus","Anabat_Chorus",2025-06-05,"MYSE",1,"SM2","MeadowCreek_SW2|2025-06-05"
"5421","MeadowCreek_SW2","MeadowCreek","SW2","Anabat_Chorus","Anabat_Chorus",2025-06-05,"MYTH",0,"SM2","MeadowCreek_SW2|2025-06-05"
"5422","MeadowCreek_SW2","MeadowCreek","SW2","Anabat_Chorus","Anabat_Chorus",2025-06-05,"MYVO",3,"SM2","MeadowCreek_SW2|2025-06-05"
"5423","MeadowCreek_SW2","MeadowCreek","SW2","Anabat_Chorus","Anabat_Chorus",2025-06-05,"MYYU",23,"SM2","MeadowCreek_SW2|2025-06-05"
"5424","MeadowCreek_SW2","MeadowCreek","SW2","Anabat_Chorus","Anabat_Chorus",2025-06-05,"PAHE",0,"SM2","MeadowCreek_SW2|2025-06-05"
"5425","MeadowCreek_SW2","MeadowCreek","SW2","Anabat_Chorus","Anabat_Chorus",2025-06-06,"ANPA",0,"SM2","MeadowCreek_SW2|2025-06-06"
"5426","MeadowCreek_SW2","MeadowCreek","SW2","Anabat_Chorus","Anabat_Chorus",2025-06-06,"COTO",0,"SM2","MeadowCreek_SW2|2025-06-06"
"5427","MeadowCreek_SW2","MeadowCreek","SW2","Anabat_Chorus","Anabat_Chorus",2025-06-06,"EPFU",1,"SM2","MeadowCreek_SW2|2025-06-06"
"5428","MeadowCreek_SW2","MeadowCreek","SW2","Anabat_Chorus","Anabat_Chorus",2025-06-06,"EUMA",0,"SM2","MeadowCreek_SW2|2025-06-06"
"5429","MeadowCreek_SW2","MeadowCreek","SW2","Anabat_Chorus","Anabat_Chorus",2025-06-06,"LABO",0,"SM2","MeadowCreek_SW2|2025-06-06"
"5430","MeadowCreek_SW2","MeadowCreek","SW2","Anabat_Chorus","Anabat_Chorus",2025-06-06,"LACI",3,"SM2","MeadowCreek_SW2|2025-06-06"
"5431","MeadowCreek_SW2","MeadowCreek","SW2","Anabat_Chorus","Anabat_Chorus",2025-06-06,"LANO",62,"SM2","MeadowCreek_SW2|2025-06-06"
"5432","MeadowCreek_SW2","MeadowCreek","SW2","Anabat_Chorus","Anabat_Chorus",2025-06-06,"MYCA",21,"SM2","MeadowCreek_SW2|2025-06-06"
"5433","MeadowCreek_SW2","MeadowCreek","SW2","Anabat_Chorus","Anabat_Chorus",2025-06-06,"MYCI",0,"SM2","MeadowCreek_SW2|2025-06-06"
"5434","MeadowCreek_SW2","MeadowCreek","SW2","Anabat_Chorus","Anabat_Chorus",2025-06-06,"MYEV",0,"SM2","MeadowCreek_SW2|2025-06-06"
"5435","MeadowCreek_SW2","MeadowCreek","SW2","Anabat_Chorus","Anabat_Chorus",2025-06-06,"MYLU",8,"SM2","MeadowCreek_SW2|2025-06-06"
"5436","MeadowCreek_SW2","MeadowCreek","SW2","Anabat_Chorus","Anabat_Chorus",2025-06-06,"MYSE",0,"SM2","MeadowCreek_SW2|2025-06-06"
"5437","MeadowCreek_SW2","MeadowCreek","SW2","Anabat_Chorus","Anabat_Chorus",2025-06-06,"MYTH",0,"SM2","MeadowCreek_SW2|2025-06-06"
"5438","MeadowCreek_SW2","MeadowCreek","SW2","Anabat_Chorus","Anabat_Chorus",2025-06-06,"MYVO",3,"SM2","MeadowCreek_SW2|2025-06-06"
"5439","MeadowCreek_SW2","MeadowCreek","SW2","Anabat_Chorus","Anabat_Chorus",2025-06-06,"MYYU",8,"SM2","MeadowCreek_SW2|2025-06-06"
"5440","MeadowCreek_SW2","MeadowCreek","SW2","Anabat_Chorus","Anabat_Chorus",2025-06-06,"PAHE",0,"SM2","MeadowCreek_SW2|2025-06-06"
"5441","MeadowCreek_SW2","MeadowCreek","SW2","Anabat_Chorus","Anabat_Chorus",2025-06-07,"ANPA",0,"SM2","MeadowCreek_SW2|2025-06-07"
"5442","MeadowCreek_SW2","MeadowCreek","SW2","Anabat_Chorus","Anabat_Chorus",2025-06-07,"COTO",2,"SM2","MeadowCreek_SW2|2025-06-07"
"5443","MeadowCreek_SW2","MeadowCreek","SW2","Anabat_Chorus","Anabat_Chorus",2025-06-07,"EPFU",0,"SM2","MeadowCreek_SW2|2025-06-07"
"5444","MeadowCreek_SW2","MeadowCreek","SW2","Anabat_Chorus","Anabat_Chorus",2025-06-07,"EUMA",0,"SM2","MeadowCreek_SW2|2025-06-07"
"5445","MeadowCreek_SW2","MeadowCreek","SW2","Anabat_Chorus","Anabat_Chorus",2025-06-07,"LABO",0,"SM2","MeadowCreek_SW2|2025-06-07"
"5446","MeadowCreek_SW2","MeadowCreek","SW2","Anabat_Chorus","Anabat_Chorus",2025-06-07,"LACI",0,"SM2","MeadowCreek_SW2|2025-06-07"
"5447","MeadowCreek_SW2","MeadowCreek","SW2","Anabat_Chorus","Anabat_Chorus",2025-06-07,"LANO",153,"SM2","MeadowCreek_SW2|2025-06-07"
"5448","MeadowCreek_SW2","MeadowCreek","SW2","Anabat_Chorus","Anabat_Chorus",2025-06-07,"MYCA",50,"SM2","MeadowCreek_SW2|2025-06-07"
"5449","MeadowCreek_SW2","MeadowCreek","SW2","Anabat_Chorus","Anabat_Chorus",2025-06-07,"MYCI",0,"SM2","MeadowCreek_SW2|2025-06-07"
"5450","MeadowCreek_SW2","MeadowCreek","SW2","Anabat_Chorus","Anabat_Chorus",2025-06-07,"MYEV",0,"SM2","MeadowCreek_SW2|2025-06-07"
"5451","MeadowCreek_SW2","MeadowCreek","SW2","Anabat_Chorus","Anabat_Chorus",2025-06-07,"MYLU",42,"SM2","MeadowCreek_SW2|2025-06-07"
"5452","MeadowCreek_SW2","MeadowCreek","SW2","Anabat_Chorus","Anabat_Chorus",2025-06-07,"MYSE",5,"SM2","MeadowCreek_SW2|2025-06-07"
"5453","MeadowCreek_SW2","MeadowCreek","SW2","Anabat_Chorus","Anabat_Chorus",2025-06-07,"MYTH",1,"SM2","MeadowCreek_SW2|2025-06-07"
"5454","MeadowCreek_SW2","MeadowCreek","SW2","Anabat_Chorus","Anabat_Chorus",2025-06-07,"MYVO",11,"SM2","MeadowCreek_SW2|2025-06-07"
"5455","MeadowCreek_SW2","MeadowCreek","SW2","Anabat_Chorus","Anabat_Chorus",2025-06-07,"MYYU",20,"SM2","MeadowCreek_SW2|2025-06-07"
"5456","MeadowCreek_SW2","MeadowCreek","SW2","Anabat_Chorus","Anabat_Chorus",2025-06-07,"PAHE",0,"SM2","MeadowCreek_SW2|2025-06-07"
"5457","MeadowCreek_SW2","MeadowCreek","SW2","Anabat_Chorus","Anabat_Chorus",2025-06-08,"ANPA",0,"SM2","MeadowCreek_SW2|2025-06-08"
"5458","MeadowCreek_SW2","MeadowCreek","SW2","Anabat_Chorus","Anabat_Chorus",2025-06-08,"COTO",0,"SM2","MeadowCreek_SW2|2025-06-08"
"5459","MeadowCreek_SW2","MeadowCreek","SW2","Anabat_Chorus","Anabat_Chorus",2025-06-08,"EPFU",1,"SM2","MeadowCreek_SW2|2025-06-08"
"5460","MeadowCreek_SW2","MeadowCreek","SW2","Anabat_Chorus","Anabat_Chorus",2025-06-08,"EUMA",0,"SM2","MeadowCreek_SW2|2025-06-08"
"5461","MeadowCreek_SW2","MeadowCreek","SW2","Anabat_Chorus","Anabat_Chorus",2025-06-08,"LABO",0,"SM2","MeadowCreek_SW2|2025-06-08"
"5462","MeadowCreek_SW2","MeadowCreek","SW2","Anabat_Chorus","Anabat_Chorus",2025-06-08,"LACI",24,"SM2","MeadowCreek_SW2|2025-06-08"
"5463","MeadowCreek_SW2","MeadowCreek","SW2","Anabat_Chorus","Anabat_Chorus",2025-06-08,"LANO",21,"SM2","MeadowCreek_SW2|2025-06-08"
"5464","MeadowCreek_SW2","MeadowCreek","SW2","Anabat_Chorus","Anabat_Chorus",2025-06-08,"MYCA",73,"SM2","MeadowCreek_SW2|2025-06-08"
"5465","MeadowCreek_SW2","MeadowCreek","SW2","Anabat_Chorus","Anabat_Chorus",2025-06-08,"MYCI",0,"SM2","MeadowCreek_SW2|2025-06-08"
"5466","MeadowCreek_SW2","MeadowCreek","SW2","Anabat_Chorus","Anabat_Chorus",2025-06-08,"MYEV",0,"SM2","MeadowCreek_SW2|2025-06-08"
"5467","MeadowCreek_SW2","MeadowCreek","SW2","Anabat_Chorus","Anabat_Chorus",2025-06-08,"MYLU",22,"SM2","MeadowCreek_SW2|2025-06-08"
"5468","MeadowCreek_SW2","MeadowCreek","SW2","Anabat_Chorus","Anabat_Chorus",2025-06-08,"MYSE",0,"SM2","MeadowCreek_SW2|2025-06-08"
"5469","MeadowCreek_SW2","MeadowCreek","SW2","Anabat_Chorus","Anabat_Chorus",2025-06-08,"MYTH",0,"SM2","MeadowCreek_SW2|2025-06-08"
"5470","MeadowCreek_SW2","MeadowCreek","SW2","Anabat_Chorus","Anabat_Chorus",2025-06-08,"MYVO",0,"SM2","MeadowCreek_SW2|2025-06-08"
"5471","MeadowCreek_SW2","MeadowCreek","SW2","Anabat_Chorus","Anabat_Chorus",2025-06-08,"MYYU",7,"SM2","MeadowCreek_SW2|2025-06-08"
"5472","MeadowCreek_SW2","MeadowCreek","SW2","Anabat_Chorus","Anabat_Chorus",2025-06-08,"PAHE",0,"SM2","MeadowCreek_SW2|2025-06-08"
"5473","Nicholson_SW","Nicholson","SW","Swift","Other_FS",2025-06-15,"ANPA",0,"Swift","Nicholson_SW|2025-06-15"
"5474","Nicholson_SW","Nicholson","SW","Swift","Other_FS",2025-06-15,"COTO",0,"Swift","Nicholson_SW|2025-06-15"
"5475","Nicholson_SW","Nicholson","SW","Swift","Other_FS",2025-06-15,"EPFU",0,"Swift","Nicholson_SW|2025-06-15"
"5476","Nicholson_SW","Nicholson","SW","Swift","Other_FS",2025-06-15,"EUMA",0,"Swift","Nicholson_SW|2025-06-15"
"5477","Nicholson_SW","Nicholson","SW","Swift","Other_FS",2025-06-15,"LABO",0,"Swift","Nicholson_SW|2025-06-15"
"5478","Nicholson_SW","Nicholson","SW","Swift","Other_FS",2025-06-15,"LACI",0,"Swift","Nicholson_SW|2025-06-15"
"5479","Nicholson_SW","Nicholson","SW","Swift","Other_FS",2025-06-15,"LANO",0,"Swift","Nicholson_SW|2025-06-15"
"5480","Nicholson_SW","Nicholson","SW","Swift","Other_FS",2025-06-15,"MYCA",1,"Swift","Nicholson_SW|2025-06-15"
"5481","Nicholson_SW","Nicholson","SW","Swift","Other_FS",2025-06-15,"MYCI",0,"Swift","Nicholson_SW|2025-06-15"
"5482","Nicholson_SW","Nicholson","SW","Swift","Other_FS",2025-06-15,"MYEV",0,"Swift","Nicholson_SW|2025-06-15"
"5483","Nicholson_SW","Nicholson","SW","Swift","Other_FS",2025-06-15,"MYLU",6,"Swift","Nicholson_SW|2025-06-15"
"5484","Nicholson_SW","Nicholson","SW","Swift","Other_FS",2025-06-15,"MYSE",0,"Swift","Nicholson_SW|2025-06-15"
"5485","Nicholson_SW","Nicholson","SW","Swift","Other_FS",2025-06-15,"MYTH",0,"Swift","Nicholson_SW|2025-06-15"
"5486","Nicholson_SW","Nicholson","SW","Swift","Other_FS",2025-06-15,"MYVO",0,"Swift","Nicholson_SW|2025-06-15"
"5487","Nicholson_SW","Nicholson","SW","Swift","Other_FS",2025-06-15,"MYYU",0,"Swift","Nicholson_SW|2025-06-15"
"5488","Nicholson_SW","Nicholson","SW","Swift","Other_FS",2025-06-15,"PAHE",0,"Swift","Nicholson_SW|2025-06-15"
"5489","Nicholson_SW","Nicholson","SW","Swift","Other_FS",2025-06-16,"ANPA",0,"Swift","Nicholson_SW|2025-06-16"
"5490","Nicholson_SW","Nicholson","SW","Swift","Other_FS",2025-06-16,"COTO",0,"Swift","Nicholson_SW|2025-06-16"
"5491","Nicholson_SW","Nicholson","SW","Swift","Other_FS",2025-06-16,"EPFU",3,"Swift","Nicholson_SW|2025-06-16"
"5492","Nicholson_SW","Nicholson","SW","Swift","Other_FS",2025-06-16,"EUMA",0,"Swift","Nicholson_SW|2025-06-16"
"5493","Nicholson_SW","Nicholson","SW","Swift","Other_FS",2025-06-16,"LABO",3,"Swift","Nicholson_SW|2025-06-16"
"5494","Nicholson_SW","Nicholson","SW","Swift","Other_FS",2025-06-16,"LACI",0,"Swift","Nicholson_SW|2025-06-16"
"5495","Nicholson_SW","Nicholson","SW","Swift","Other_FS",2025-06-16,"LANO",0,"Swift","Nicholson_SW|2025-06-16"
"5496","Nicholson_SW","Nicholson","SW","Swift","Other_FS",2025-06-16,"MYCA",0,"Swift","Nicholson_SW|2025-06-16"
"5497","Nicholson_SW","Nicholson","SW","Swift","Other_FS",2025-06-16,"MYCI",0,"Swift","Nicholson_SW|2025-06-16"
"5498","Nicholson_SW","Nicholson","SW","Swift","Other_FS",2025-06-16,"MYEV",0,"Swift","Nicholson_SW|2025-06-16"
"5499","Nicholson_SW","Nicholson","SW","Swift","Other_FS",2025-06-16,"MYLU",16,"Swift","Nicholson_SW|2025-06-16"
"5500","Nicholson_SW","Nicholson","SW","Swift","Other_FS",2025-06-16,"MYSE",0,"Swift","Nicholson_SW|2025-06-16"
"5501","Nicholson_SW","Nicholson","SW","Swift","Other_FS",2025-06-16,"MYTH",0,"Swift","Nicholson_SW|2025-06-16"
"5502","Nicholson_SW","Nicholson","SW","Swift","Other_FS",2025-06-16,"MYVO",0,"Swift","Nicholson_SW|2025-06-16"
"5503","Nicholson_SW","Nicholson","SW","Swift","Other_FS",2025-06-16,"MYYU",0,"Swift","Nicholson_SW|2025-06-16"
"5504","Nicholson_SW","Nicholson","SW","Swift","Other_FS",2025-06-16,"PAHE",0,"Swift","Nicholson_SW|2025-06-16"
"5505","Nicholson_SW","Nicholson","SW","Swift","Other_FS",2025-06-17,"ANPA",0,"Swift","Nicholson_SW|2025-06-17"
"5506","Nicholson_SW","Nicholson","SW","Swift","Other_FS",2025-06-17,"COTO",0,"Swift","Nicholson_SW|2025-06-17"
"5507","Nicholson_SW","Nicholson","SW","Swift","Other_FS",2025-06-17,"EPFU",0,"Swift","Nicholson_SW|2025-06-17"
"5508","Nicholson_SW","Nicholson","SW","Swift","Other_FS",2025-06-17,"EUMA",0,"Swift","Nicholson_SW|2025-06-17"
"5509","Nicholson_SW","Nicholson","SW","Swift","Other_FS",2025-06-17,"LABO",0,"Swift","Nicholson_SW|2025-06-17"
"5510","Nicholson_SW","Nicholson","SW","Swift","Other_FS",2025-06-17,"LACI",0,"Swift","Nicholson_SW|2025-06-17"
"5511","Nicholson_SW","Nicholson","SW","Swift","Other_FS",2025-06-17,"LANO",0,"Swift","Nicholson_SW|2025-06-17"
"5512","Nicholson_SW","Nicholson","SW","Swift","Other_FS",2025-06-17,"MYCA",0,"Swift","Nicholson_SW|2025-06-17"
"5513","Nicholson_SW","Nicholson","SW","Swift","Other_FS",2025-06-17,"MYCI",0,"Swift","Nicholson_SW|2025-06-17"
"5514","Nicholson_SW","Nicholson","SW","Swift","Other_FS",2025-06-17,"MYEV",0,"Swift","Nicholson_SW|2025-06-17"
"5515","Nicholson_SW","Nicholson","SW","Swift","Other_FS",2025-06-17,"MYLU",17,"Swift","Nicholson_SW|2025-06-17"
"5516","Nicholson_SW","Nicholson","SW","Swift","Other_FS",2025-06-17,"MYSE",0,"Swift","Nicholson_SW|2025-06-17"
"5517","Nicholson_SW","Nicholson","SW","Swift","Other_FS",2025-06-17,"MYTH",0,"Swift","Nicholson_SW|2025-06-17"
"5518","Nicholson_SW","Nicholson","SW","Swift","Other_FS",2025-06-17,"MYVO",0,"Swift","Nicholson_SW|2025-06-17"
"5519","Nicholson_SW","Nicholson","SW","Swift","Other_FS",2025-06-17,"MYYU",0,"Swift","Nicholson_SW|2025-06-17"
"5520","Nicholson_SW","Nicholson","SW","Swift","Other_FS",2025-06-17,"PAHE",0,"Swift","Nicholson_SW|2025-06-17"
"5521","Nicholson_SW","Nicholson","SW","Swift","Other_FS",2025-06-18,"ANPA",0,"Swift","Nicholson_SW|2025-06-18"
"5522","Nicholson_SW","Nicholson","SW","Swift","Other_FS",2025-06-18,"COTO",0,"Swift","Nicholson_SW|2025-06-18"
"5523","Nicholson_SW","Nicholson","SW","Swift","Other_FS",2025-06-18,"EPFU",0,"Swift","Nicholson_SW|2025-06-18"
"5524","Nicholson_SW","Nicholson","SW","Swift","Other_FS",2025-06-18,"EUMA",0,"Swift","Nicholson_SW|2025-06-18"
"5525","Nicholson_SW","Nicholson","SW","Swift","Other_FS",2025-06-18,"LABO",2,"Swift","Nicholson_SW|2025-06-18"
"5526","Nicholson_SW","Nicholson","SW","Swift","Other_FS",2025-06-18,"LACI",0,"Swift","Nicholson_SW|2025-06-18"
"5527","Nicholson_SW","Nicholson","SW","Swift","Other_FS",2025-06-18,"LANO",0,"Swift","Nicholson_SW|2025-06-18"
"5528","Nicholson_SW","Nicholson","SW","Swift","Other_FS",2025-06-18,"MYCA",1,"Swift","Nicholson_SW|2025-06-18"
"5529","Nicholson_SW","Nicholson","SW","Swift","Other_FS",2025-06-18,"MYCI",0,"Swift","Nicholson_SW|2025-06-18"
"5530","Nicholson_SW","Nicholson","SW","Swift","Other_FS",2025-06-18,"MYEV",0,"Swift","Nicholson_SW|2025-06-18"
"5531","Nicholson_SW","Nicholson","SW","Swift","Other_FS",2025-06-18,"MYLU",7,"Swift","Nicholson_SW|2025-06-18"
"5532","Nicholson_SW","Nicholson","SW","Swift","Other_FS",2025-06-18,"MYSE",0,"Swift","Nicholson_SW|2025-06-18"
"5533","Nicholson_SW","Nicholson","SW","Swift","Other_FS",2025-06-18,"MYTH",0,"Swift","Nicholson_SW|2025-06-18"
"5534","Nicholson_SW","Nicholson","SW","Swift","Other_FS",2025-06-18,"MYVO",1,"Swift","Nicholson_SW|2025-06-18"
"5535","Nicholson_SW","Nicholson","SW","Swift","Other_FS",2025-06-18,"MYYU",0,"Swift","Nicholson_SW|2025-06-18"
"5536","Nicholson_SW","Nicholson","SW","Swift","Other_FS",2025-06-18,"PAHE",0,"Swift","Nicholson_SW|2025-06-18"
"5537","Nicholson_SW","Nicholson","SW","Swift","Other_FS",2025-06-19,"ANPA",0,"Swift","Nicholson_SW|2025-06-19"
"5538","Nicholson_SW","Nicholson","SW","Swift","Other_FS",2025-06-19,"COTO",0,"Swift","Nicholson_SW|2025-06-19"
"5539","Nicholson_SW","Nicholson","SW","Swift","Other_FS",2025-06-19,"EPFU",1,"Swift","Nicholson_SW|2025-06-19"
"5540","Nicholson_SW","Nicholson","SW","Swift","Other_FS",2025-06-19,"EUMA",0,"Swift","Nicholson_SW|2025-06-19"
"5541","Nicholson_SW","Nicholson","SW","Swift","Other_FS",2025-06-19,"LABO",4,"Swift","Nicholson_SW|2025-06-19"
"5542","Nicholson_SW","Nicholson","SW","Swift","Other_FS",2025-06-19,"LACI",0,"Swift","Nicholson_SW|2025-06-19"
"5543","Nicholson_SW","Nicholson","SW","Swift","Other_FS",2025-06-19,"LANO",0,"Swift","Nicholson_SW|2025-06-19"
"5544","Nicholson_SW","Nicholson","SW","Swift","Other_FS",2025-06-19,"MYCA",0,"Swift","Nicholson_SW|2025-06-19"
"5545","Nicholson_SW","Nicholson","SW","Swift","Other_FS",2025-06-19,"MYCI",0,"Swift","Nicholson_SW|2025-06-19"
"5546","Nicholson_SW","Nicholson","SW","Swift","Other_FS",2025-06-19,"MYEV",0,"Swift","Nicholson_SW|2025-06-19"
"5547","Nicholson_SW","Nicholson","SW","Swift","Other_FS",2025-06-19,"MYLU",16,"Swift","Nicholson_SW|2025-06-19"
"5548","Nicholson_SW","Nicholson","SW","Swift","Other_FS",2025-06-19,"MYSE",0,"Swift","Nicholson_SW|2025-06-19"
"5549","Nicholson_SW","Nicholson","SW","Swift","Other_FS",2025-06-19,"MYTH",0,"Swift","Nicholson_SW|2025-06-19"
"5550","Nicholson_SW","Nicholson","SW","Swift","Other_FS",2025-06-19,"MYVO",1,"Swift","Nicholson_SW|2025-06-19"
"5551","Nicholson_SW","Nicholson","SW","Swift","Other_FS",2025-06-19,"MYYU",0,"Swift","Nicholson_SW|2025-06-19"
"5552","Nicholson_SW","Nicholson","SW","Swift","Other_FS",2025-06-19,"PAHE",0,"Swift","Nicholson_SW|2025-06-19"
"5553","Nicholson_SW","Nicholson","SW","Swift","Other_FS",2025-06-20,"ANPA",0,"Swift","Nicholson_SW|2025-06-20"
"5554","Nicholson_SW","Nicholson","SW","Swift","Other_FS",2025-06-20,"COTO",0,"Swift","Nicholson_SW|2025-06-20"
"5555","Nicholson_SW","Nicholson","SW","Swift","Other_FS",2025-06-20,"EPFU",0,"Swift","Nicholson_SW|2025-06-20"
"5556","Nicholson_SW","Nicholson","SW","Swift","Other_FS",2025-06-20,"EUMA",0,"Swift","Nicholson_SW|2025-06-20"
"5557","Nicholson_SW","Nicholson","SW","Swift","Other_FS",2025-06-20,"LABO",0,"Swift","Nicholson_SW|2025-06-20"
"5558","Nicholson_SW","Nicholson","SW","Swift","Other_FS",2025-06-20,"LACI",0,"Swift","Nicholson_SW|2025-06-20"
"5559","Nicholson_SW","Nicholson","SW","Swift","Other_FS",2025-06-20,"LANO",0,"Swift","Nicholson_SW|2025-06-20"
"5560","Nicholson_SW","Nicholson","SW","Swift","Other_FS",2025-06-20,"MYCA",0,"Swift","Nicholson_SW|2025-06-20"
"5561","Nicholson_SW","Nicholson","SW","Swift","Other_FS",2025-06-20,"MYCI",0,"Swift","Nicholson_SW|2025-06-20"
"5562","Nicholson_SW","Nicholson","SW","Swift","Other_FS",2025-06-20,"MYEV",0,"Swift","Nicholson_SW|2025-06-20"
"5563","Nicholson_SW","Nicholson","SW","Swift","Other_FS",2025-06-20,"MYLU",3,"Swift","Nicholson_SW|2025-06-20"
"5564","Nicholson_SW","Nicholson","SW","Swift","Other_FS",2025-06-20,"MYSE",0,"Swift","Nicholson_SW|2025-06-20"
"5565","Nicholson_SW","Nicholson","SW","Swift","Other_FS",2025-06-20,"MYTH",0,"Swift","Nicholson_SW|2025-06-20"
"5566","Nicholson_SW","Nicholson","SW","Swift","Other_FS",2025-06-20,"MYVO",2,"Swift","Nicholson_SW|2025-06-20"
"5567","Nicholson_SW","Nicholson","SW","Swift","Other_FS",2025-06-20,"MYYU",0,"Swift","Nicholson_SW|2025-06-20"
"5568","Nicholson_SW","Nicholson","SW","Swift","Other_FS",2025-06-20,"PAHE",0,"Swift","Nicholson_SW|2025-06-20"
"5569","Nicholson_SW","Nicholson","SW","Swift","Other_FS",2025-06-21,"ANPA",0,"Swift","Nicholson_SW|2025-06-21"
"5570","Nicholson_SW","Nicholson","SW","Swift","Other_FS",2025-06-21,"COTO",0,"Swift","Nicholson_SW|2025-06-21"
"5571","Nicholson_SW","Nicholson","SW","Swift","Other_FS",2025-06-21,"EPFU",0,"Swift","Nicholson_SW|2025-06-21"
"5572","Nicholson_SW","Nicholson","SW","Swift","Other_FS",2025-06-21,"EUMA",0,"Swift","Nicholson_SW|2025-06-21"
"5573","Nicholson_SW","Nicholson","SW","Swift","Other_FS",2025-06-21,"LABO",4,"Swift","Nicholson_SW|2025-06-21"
"5574","Nicholson_SW","Nicholson","SW","Swift","Other_FS",2025-06-21,"LACI",0,"Swift","Nicholson_SW|2025-06-21"
"5575","Nicholson_SW","Nicholson","SW","Swift","Other_FS",2025-06-21,"LANO",0,"Swift","Nicholson_SW|2025-06-21"
"5576","Nicholson_SW","Nicholson","SW","Swift","Other_FS",2025-06-21,"MYCA",0,"Swift","Nicholson_SW|2025-06-21"
"5577","Nicholson_SW","Nicholson","SW","Swift","Other_FS",2025-06-21,"MYCI",0,"Swift","Nicholson_SW|2025-06-21"
"5578","Nicholson_SW","Nicholson","SW","Swift","Other_FS",2025-06-21,"MYEV",0,"Swift","Nicholson_SW|2025-06-21"
"5579","Nicholson_SW","Nicholson","SW","Swift","Other_FS",2025-06-21,"MYLU",16,"Swift","Nicholson_SW|2025-06-21"
"5580","Nicholson_SW","Nicholson","SW","Swift","Other_FS",2025-06-21,"MYSE",0,"Swift","Nicholson_SW|2025-06-21"
"5581","Nicholson_SW","Nicholson","SW","Swift","Other_FS",2025-06-21,"MYTH",0,"Swift","Nicholson_SW|2025-06-21"
"5582","Nicholson_SW","Nicholson","SW","Swift","Other_FS",2025-06-21,"MYVO",0,"Swift","Nicholson_SW|2025-06-21"
"5583","Nicholson_SW","Nicholson","SW","Swift","Other_FS",2025-06-21,"MYYU",0,"Swift","Nicholson_SW|2025-06-21"
"5584","Nicholson_SW","Nicholson","SW","Swift","Other_FS",2025-06-21,"PAHE",0,"Swift","Nicholson_SW|2025-06-21"
"5585","Nicholson_SW","Nicholson","SW","Anabat_Chorus","Anabat_Chorus",2025-06-15,"ANPA",0,"Swift","Nicholson_SW|2025-06-15"
"5586","Nicholson_SW","Nicholson","SW","Anabat_Chorus","Anabat_Chorus",2025-06-15,"COTO",0,"Swift","Nicholson_SW|2025-06-15"
"5587","Nicholson_SW","Nicholson","SW","Anabat_Chorus","Anabat_Chorus",2025-06-15,"EPFU",2,"Swift","Nicholson_SW|2025-06-15"
"5588","Nicholson_SW","Nicholson","SW","Anabat_Chorus","Anabat_Chorus",2025-06-15,"EUMA",0,"Swift","Nicholson_SW|2025-06-15"
"5589","Nicholson_SW","Nicholson","SW","Anabat_Chorus","Anabat_Chorus",2025-06-15,"LABO",0,"Swift","Nicholson_SW|2025-06-15"
"5590","Nicholson_SW","Nicholson","SW","Anabat_Chorus","Anabat_Chorus",2025-06-15,"LACI",1,"Swift","Nicholson_SW|2025-06-15"
"5591","Nicholson_SW","Nicholson","SW","Anabat_Chorus","Anabat_Chorus",2025-06-15,"LANO",1,"Swift","Nicholson_SW|2025-06-15"
"5592","Nicholson_SW","Nicholson","SW","Anabat_Chorus","Anabat_Chorus",2025-06-15,"MYCA",0,"Swift","Nicholson_SW|2025-06-15"
"5593","Nicholson_SW","Nicholson","SW","Anabat_Chorus","Anabat_Chorus",2025-06-15,"MYCI",0,"Swift","Nicholson_SW|2025-06-15"
"5594","Nicholson_SW","Nicholson","SW","Anabat_Chorus","Anabat_Chorus",2025-06-15,"MYEV",0,"Swift","Nicholson_SW|2025-06-15"
"5595","Nicholson_SW","Nicholson","SW","Anabat_Chorus","Anabat_Chorus",2025-06-15,"MYLU",15,"Swift","Nicholson_SW|2025-06-15"
"5596","Nicholson_SW","Nicholson","SW","Anabat_Chorus","Anabat_Chorus",2025-06-15,"MYSE",0,"Swift","Nicholson_SW|2025-06-15"
"5597","Nicholson_SW","Nicholson","SW","Anabat_Chorus","Anabat_Chorus",2025-06-15,"MYTH",0,"Swift","Nicholson_SW|2025-06-15"
"5598","Nicholson_SW","Nicholson","SW","Anabat_Chorus","Anabat_Chorus",2025-06-15,"MYVO",1,"Swift","Nicholson_SW|2025-06-15"
"5599","Nicholson_SW","Nicholson","SW","Anabat_Chorus","Anabat_Chorus",2025-06-15,"MYYU",0,"Swift","Nicholson_SW|2025-06-15"
"5600","Nicholson_SW","Nicholson","SW","Anabat_Chorus","Anabat_Chorus",2025-06-15,"PAHE",0,"Swift","Nicholson_SW|2025-06-15"
"5601","Nicholson_SW","Nicholson","SW","Anabat_Chorus","Anabat_Chorus",2025-06-16,"ANPA",0,"Swift","Nicholson_SW|2025-06-16"
"5602","Nicholson_SW","Nicholson","SW","Anabat_Chorus","Anabat_Chorus",2025-06-16,"COTO",0,"Swift","Nicholson_SW|2025-06-16"
"5603","Nicholson_SW","Nicholson","SW","Anabat_Chorus","Anabat_Chorus",2025-06-16,"EPFU",1,"Swift","Nicholson_SW|2025-06-16"
"5604","Nicholson_SW","Nicholson","SW","Anabat_Chorus","Anabat_Chorus",2025-06-16,"EUMA",0,"Swift","Nicholson_SW|2025-06-16"
"5605","Nicholson_SW","Nicholson","SW","Anabat_Chorus","Anabat_Chorus",2025-06-16,"LABO",2,"Swift","Nicholson_SW|2025-06-16"
"5606","Nicholson_SW","Nicholson","SW","Anabat_Chorus","Anabat_Chorus",2025-06-16,"LACI",1,"Swift","Nicholson_SW|2025-06-16"
"5607","Nicholson_SW","Nicholson","SW","Anabat_Chorus","Anabat_Chorus",2025-06-16,"LANO",1,"Swift","Nicholson_SW|2025-06-16"
"5608","Nicholson_SW","Nicholson","SW","Anabat_Chorus","Anabat_Chorus",2025-06-16,"MYCA",0,"Swift","Nicholson_SW|2025-06-16"
"5609","Nicholson_SW","Nicholson","SW","Anabat_Chorus","Anabat_Chorus",2025-06-16,"MYCI",0,"Swift","Nicholson_SW|2025-06-16"
"5610","Nicholson_SW","Nicholson","SW","Anabat_Chorus","Anabat_Chorus",2025-06-16,"MYEV",0,"Swift","Nicholson_SW|2025-06-16"
"5611","Nicholson_SW","Nicholson","SW","Anabat_Chorus","Anabat_Chorus",2025-06-16,"MYLU",26,"Swift","Nicholson_SW|2025-06-16"
"5612","Nicholson_SW","Nicholson","SW","Anabat_Chorus","Anabat_Chorus",2025-06-16,"MYSE",0,"Swift","Nicholson_SW|2025-06-16"
"5613","Nicholson_SW","Nicholson","SW","Anabat_Chorus","Anabat_Chorus",2025-06-16,"MYTH",0,"Swift","Nicholson_SW|2025-06-16"
"5614","Nicholson_SW","Nicholson","SW","Anabat_Chorus","Anabat_Chorus",2025-06-16,"MYVO",0,"Swift","Nicholson_SW|2025-06-16"
"5615","Nicholson_SW","Nicholson","SW","Anabat_Chorus","Anabat_Chorus",2025-06-16,"MYYU",0,"Swift","Nicholson_SW|2025-06-16"
"5616","Nicholson_SW","Nicholson","SW","Anabat_Chorus","Anabat_Chorus",2025-06-16,"PAHE",0,"Swift","Nicholson_SW|2025-06-16"
"5617","Nicholson_SW","Nicholson","SW","Anabat_Chorus","Anabat_Chorus",2025-06-17,"ANPA",0,"Swift","Nicholson_SW|2025-06-17"
"5618","Nicholson_SW","Nicholson","SW","Anabat_Chorus","Anabat_Chorus",2025-06-17,"COTO",0,"Swift","Nicholson_SW|2025-06-17"
"5619","Nicholson_SW","Nicholson","SW","Anabat_Chorus","Anabat_Chorus",2025-06-17,"EPFU",0,"Swift","Nicholson_SW|2025-06-17"
"5620","Nicholson_SW","Nicholson","SW","Anabat_Chorus","Anabat_Chorus",2025-06-17,"EUMA",0,"Swift","Nicholson_SW|2025-06-17"
"5621","Nicholson_SW","Nicholson","SW","Anabat_Chorus","Anabat_Chorus",2025-06-17,"LABO",1,"Swift","Nicholson_SW|2025-06-17"
"5622","Nicholson_SW","Nicholson","SW","Anabat_Chorus","Anabat_Chorus",2025-06-17,"LACI",0,"Swift","Nicholson_SW|2025-06-17"
"5623","Nicholson_SW","Nicholson","SW","Anabat_Chorus","Anabat_Chorus",2025-06-17,"LANO",0,"Swift","Nicholson_SW|2025-06-17"
"5624","Nicholson_SW","Nicholson","SW","Anabat_Chorus","Anabat_Chorus",2025-06-17,"MYCA",0,"Swift","Nicholson_SW|2025-06-17"
"5625","Nicholson_SW","Nicholson","SW","Anabat_Chorus","Anabat_Chorus",2025-06-17,"MYCI",0,"Swift","Nicholson_SW|2025-06-17"
"5626","Nicholson_SW","Nicholson","SW","Anabat_Chorus","Anabat_Chorus",2025-06-17,"MYEV",0,"Swift","Nicholson_SW|2025-06-17"
"5627","Nicholson_SW","Nicholson","SW","Anabat_Chorus","Anabat_Chorus",2025-06-17,"MYLU",30,"Swift","Nicholson_SW|2025-06-17"
"5628","Nicholson_SW","Nicholson","SW","Anabat_Chorus","Anabat_Chorus",2025-06-17,"MYSE",1,"Swift","Nicholson_SW|2025-06-17"
"5629","Nicholson_SW","Nicholson","SW","Anabat_Chorus","Anabat_Chorus",2025-06-17,"MYTH",0,"Swift","Nicholson_SW|2025-06-17"
"5630","Nicholson_SW","Nicholson","SW","Anabat_Chorus","Anabat_Chorus",2025-06-17,"MYVO",2,"Swift","Nicholson_SW|2025-06-17"
"5631","Nicholson_SW","Nicholson","SW","Anabat_Chorus","Anabat_Chorus",2025-06-17,"MYYU",0,"Swift","Nicholson_SW|2025-06-17"
"5632","Nicholson_SW","Nicholson","SW","Anabat_Chorus","Anabat_Chorus",2025-06-17,"PAHE",0,"Swift","Nicholson_SW|2025-06-17"
"5633","Nicholson_SW","Nicholson","SW","Anabat_Chorus","Anabat_Chorus",2025-06-18,"ANPA",0,"Swift","Nicholson_SW|2025-06-18"
"5634","Nicholson_SW","Nicholson","SW","Anabat_Chorus","Anabat_Chorus",2025-06-18,"COTO",0,"Swift","Nicholson_SW|2025-06-18"
"5635","Nicholson_SW","Nicholson","SW","Anabat_Chorus","Anabat_Chorus",2025-06-18,"EPFU",0,"Swift","Nicholson_SW|2025-06-18"
"5636","Nicholson_SW","Nicholson","SW","Anabat_Chorus","Anabat_Chorus",2025-06-18,"EUMA",0,"Swift","Nicholson_SW|2025-06-18"
"5637","Nicholson_SW","Nicholson","SW","Anabat_Chorus","Anabat_Chorus",2025-06-18,"LABO",0,"Swift","Nicholson_SW|2025-06-18"
"5638","Nicholson_SW","Nicholson","SW","Anabat_Chorus","Anabat_Chorus",2025-06-18,"LACI",0,"Swift","Nicholson_SW|2025-06-18"
"5639","Nicholson_SW","Nicholson","SW","Anabat_Chorus","Anabat_Chorus",2025-06-18,"LANO",1,"Swift","Nicholson_SW|2025-06-18"
"5640","Nicholson_SW","Nicholson","SW","Anabat_Chorus","Anabat_Chorus",2025-06-18,"MYCA",2,"Swift","Nicholson_SW|2025-06-18"
"5641","Nicholson_SW","Nicholson","SW","Anabat_Chorus","Anabat_Chorus",2025-06-18,"MYCI",0,"Swift","Nicholson_SW|2025-06-18"
"5642","Nicholson_SW","Nicholson","SW","Anabat_Chorus","Anabat_Chorus",2025-06-18,"MYEV",0,"Swift","Nicholson_SW|2025-06-18"
"5643","Nicholson_SW","Nicholson","SW","Anabat_Chorus","Anabat_Chorus",2025-06-18,"MYLU",19,"Swift","Nicholson_SW|2025-06-18"
"5644","Nicholson_SW","Nicholson","SW","Anabat_Chorus","Anabat_Chorus",2025-06-18,"MYSE",0,"Swift","Nicholson_SW|2025-06-18"
"5645","Nicholson_SW","Nicholson","SW","Anabat_Chorus","Anabat_Chorus",2025-06-18,"MYTH",0,"Swift","Nicholson_SW|2025-06-18"
"5646","Nicholson_SW","Nicholson","SW","Anabat_Chorus","Anabat_Chorus",2025-06-18,"MYVO",0,"Swift","Nicholson_SW|2025-06-18"
"5647","Nicholson_SW","Nicholson","SW","Anabat_Chorus","Anabat_Chorus",2025-06-18,"MYYU",0,"Swift","Nicholson_SW|2025-06-18"
"5648","Nicholson_SW","Nicholson","SW","Anabat_Chorus","Anabat_Chorus",2025-06-18,"PAHE",0,"Swift","Nicholson_SW|2025-06-18"
"5649","Nicholson_SW","Nicholson","SW","Anabat_Chorus","Anabat_Chorus",2025-06-19,"ANPA",0,"Swift","Nicholson_SW|2025-06-19"
"5650","Nicholson_SW","Nicholson","SW","Anabat_Chorus","Anabat_Chorus",2025-06-19,"COTO",0,"Swift","Nicholson_SW|2025-06-19"
"5651","Nicholson_SW","Nicholson","SW","Anabat_Chorus","Anabat_Chorus",2025-06-19,"EPFU",1,"Swift","Nicholson_SW|2025-06-19"
"5652","Nicholson_SW","Nicholson","SW","Anabat_Chorus","Anabat_Chorus",2025-06-19,"EUMA",0,"Swift","Nicholson_SW|2025-06-19"
"5653","Nicholson_SW","Nicholson","SW","Anabat_Chorus","Anabat_Chorus",2025-06-19,"LABO",3,"Swift","Nicholson_SW|2025-06-19"
"5654","Nicholson_SW","Nicholson","SW","Anabat_Chorus","Anabat_Chorus",2025-06-19,"LACI",5,"Swift","Nicholson_SW|2025-06-19"
"5655","Nicholson_SW","Nicholson","SW","Anabat_Chorus","Anabat_Chorus",2025-06-19,"LANO",1,"Swift","Nicholson_SW|2025-06-19"
"5656","Nicholson_SW","Nicholson","SW","Anabat_Chorus","Anabat_Chorus",2025-06-19,"MYCA",0,"Swift","Nicholson_SW|2025-06-19"
"5657","Nicholson_SW","Nicholson","SW","Anabat_Chorus","Anabat_Chorus",2025-06-19,"MYCI",0,"Swift","Nicholson_SW|2025-06-19"
"5658","Nicholson_SW","Nicholson","SW","Anabat_Chorus","Anabat_Chorus",2025-06-19,"MYEV",0,"Swift","Nicholson_SW|2025-06-19"
"5659","Nicholson_SW","Nicholson","SW","Anabat_Chorus","Anabat_Chorus",2025-06-19,"MYLU",27,"Swift","Nicholson_SW|2025-06-19"
"5660","Nicholson_SW","Nicholson","SW","Anabat_Chorus","Anabat_Chorus",2025-06-19,"MYSE",0,"Swift","Nicholson_SW|2025-06-19"
"5661","Nicholson_SW","Nicholson","SW","Anabat_Chorus","Anabat_Chorus",2025-06-19,"MYTH",0,"Swift","Nicholson_SW|2025-06-19"
"5662","Nicholson_SW","Nicholson","SW","Anabat_Chorus","Anabat_Chorus",2025-06-19,"MYVO",4,"Swift","Nicholson_SW|2025-06-19"
"5663","Nicholson_SW","Nicholson","SW","Anabat_Chorus","Anabat_Chorus",2025-06-19,"MYYU",0,"Swift","Nicholson_SW|2025-06-19"
"5664","Nicholson_SW","Nicholson","SW","Anabat_Chorus","Anabat_Chorus",2025-06-19,"PAHE",0,"Swift","Nicholson_SW|2025-06-19"
"5665","Nicholson_SW","Nicholson","SW","Anabat_Chorus","Anabat_Chorus",2025-06-20,"ANPA",0,"Swift","Nicholson_SW|2025-06-20"
"5666","Nicholson_SW","Nicholson","SW","Anabat_Chorus","Anabat_Chorus",2025-06-20,"COTO",0,"Swift","Nicholson_SW|2025-06-20"
"5667","Nicholson_SW","Nicholson","SW","Anabat_Chorus","Anabat_Chorus",2025-06-20,"EPFU",0,"Swift","Nicholson_SW|2025-06-20"
"5668","Nicholson_SW","Nicholson","SW","Anabat_Chorus","Anabat_Chorus",2025-06-20,"EUMA",0,"Swift","Nicholson_SW|2025-06-20"
"5669","Nicholson_SW","Nicholson","SW","Anabat_Chorus","Anabat_Chorus",2025-06-20,"LABO",0,"Swift","Nicholson_SW|2025-06-20"
"5670","Nicholson_SW","Nicholson","SW","Anabat_Chorus","Anabat_Chorus",2025-06-20,"LACI",0,"Swift","Nicholson_SW|2025-06-20"
"5671","Nicholson_SW","Nicholson","SW","Anabat_Chorus","Anabat_Chorus",2025-06-20,"LANO",0,"Swift","Nicholson_SW|2025-06-20"
"5672","Nicholson_SW","Nicholson","SW","Anabat_Chorus","Anabat_Chorus",2025-06-20,"MYCA",0,"Swift","Nicholson_SW|2025-06-20"
"5673","Nicholson_SW","Nicholson","SW","Anabat_Chorus","Anabat_Chorus",2025-06-20,"MYCI",0,"Swift","Nicholson_SW|2025-06-20"
"5674","Nicholson_SW","Nicholson","SW","Anabat_Chorus","Anabat_Chorus",2025-06-20,"MYEV",0,"Swift","Nicholson_SW|2025-06-20"
"5675","Nicholson_SW","Nicholson","SW","Anabat_Chorus","Anabat_Chorus",2025-06-20,"MYLU",7,"Swift","Nicholson_SW|2025-06-20"
"5676","Nicholson_SW","Nicholson","SW","Anabat_Chorus","Anabat_Chorus",2025-06-20,"MYSE",0,"Swift","Nicholson_SW|2025-06-20"
"5677","Nicholson_SW","Nicholson","SW","Anabat_Chorus","Anabat_Chorus",2025-06-20,"MYTH",0,"Swift","Nicholson_SW|2025-06-20"
"5678","Nicholson_SW","Nicholson","SW","Anabat_Chorus","Anabat_Chorus",2025-06-20,"MYVO",0,"Swift","Nicholson_SW|2025-06-20"
"5679","Nicholson_SW","Nicholson","SW","Anabat_Chorus","Anabat_Chorus",2025-06-20,"MYYU",0,"Swift","Nicholson_SW|2025-06-20"
"5680","Nicholson_SW","Nicholson","SW","Anabat_Chorus","Anabat_Chorus",2025-06-20,"PAHE",0,"Swift","Nicholson_SW|2025-06-20"
"5681","Nicholson_SW","Nicholson","SW","Anabat_Chorus","Anabat_Chorus",2025-06-21,"ANPA",0,"Swift","Nicholson_SW|2025-06-21"
"5682","Nicholson_SW","Nicholson","SW","Anabat_Chorus","Anabat_Chorus",2025-06-21,"COTO",0,"Swift","Nicholson_SW|2025-06-21"
"5683","Nicholson_SW","Nicholson","SW","Anabat_Chorus","Anabat_Chorus",2025-06-21,"EPFU",0,"Swift","Nicholson_SW|2025-06-21"
"5684","Nicholson_SW","Nicholson","SW","Anabat_Chorus","Anabat_Chorus",2025-06-21,"EUMA",0,"Swift","Nicholson_SW|2025-06-21"
"5685","Nicholson_SW","Nicholson","SW","Anabat_Chorus","Anabat_Chorus",2025-06-21,"LABO",1,"Swift","Nicholson_SW|2025-06-21"
"5686","Nicholson_SW","Nicholson","SW","Anabat_Chorus","Anabat_Chorus",2025-06-21,"LACI",5,"Swift","Nicholson_SW|2025-06-21"
"5687","Nicholson_SW","Nicholson","SW","Anabat_Chorus","Anabat_Chorus",2025-06-21,"LANO",0,"Swift","Nicholson_SW|2025-06-21"
"5688","Nicholson_SW","Nicholson","SW","Anabat_Chorus","Anabat_Chorus",2025-06-21,"MYCA",0,"Swift","Nicholson_SW|2025-06-21"
"5689","Nicholson_SW","Nicholson","SW","Anabat_Chorus","Anabat_Chorus",2025-06-21,"MYCI",0,"Swift","Nicholson_SW|2025-06-21"
"5690","Nicholson_SW","Nicholson","SW","Anabat_Chorus","Anabat_Chorus",2025-06-21,"MYEV",0,"Swift","Nicholson_SW|2025-06-21"
"5691","Nicholson_SW","Nicholson","SW","Anabat_Chorus","Anabat_Chorus",2025-06-21,"MYLU",40,"Swift","Nicholson_SW|2025-06-21"
"5692","Nicholson_SW","Nicholson","SW","Anabat_Chorus","Anabat_Chorus",2025-06-21,"MYSE",0,"Swift","Nicholson_SW|2025-06-21"
"5693","Nicholson_SW","Nicholson","SW","Anabat_Chorus","Anabat_Chorus",2025-06-21,"MYTH",0,"Swift","Nicholson_SW|2025-06-21"
"5694","Nicholson_SW","Nicholson","SW","Anabat_Chorus","Anabat_Chorus",2025-06-21,"MYVO",2,"Swift","Nicholson_SW|2025-06-21"
"5695","Nicholson_SW","Nicholson","SW","Anabat_Chorus","Anabat_Chorus",2025-06-21,"MYYU",0,"Swift","Nicholson_SW|2025-06-21"
"5696","Nicholson_SW","Nicholson","SW","Anabat_Chorus","Anabat_Chorus",2025-06-21,"PAHE",0,"Swift","Nicholson_SW|2025-06-21"
"5697","Slocan_NW","Slocan","NW","SM2","Other_FS",2025-06-16,"ANPA",0,"SM2","Slocan_NW|2025-06-16"
"5698","Slocan_NW","Slocan","NW","SM2","Other_FS",2025-06-16,"COTO",0,"SM2","Slocan_NW|2025-06-16"
"5699","Slocan_NW","Slocan","NW","SM2","Other_FS",2025-06-16,"EPFU",1,"SM2","Slocan_NW|2025-06-16"
"5700","Slocan_NW","Slocan","NW","SM2","Other_FS",2025-06-16,"EUMA",0,"SM2","Slocan_NW|2025-06-16"
"5701","Slocan_NW","Slocan","NW","SM2","Other_FS",2025-06-16,"LABO",0,"SM2","Slocan_NW|2025-06-16"
"5702","Slocan_NW","Slocan","NW","SM2","Other_FS",2025-06-16,"LACI",0,"SM2","Slocan_NW|2025-06-16"
"5703","Slocan_NW","Slocan","NW","SM2","Other_FS",2025-06-16,"LANO",2,"SM2","Slocan_NW|2025-06-16"
"5704","Slocan_NW","Slocan","NW","SM2","Other_FS",2025-06-16,"MYCA",1,"SM2","Slocan_NW|2025-06-16"
"5705","Slocan_NW","Slocan","NW","SM2","Other_FS",2025-06-16,"MYCI",0,"SM2","Slocan_NW|2025-06-16"
"5706","Slocan_NW","Slocan","NW","SM2","Other_FS",2025-06-16,"MYEV",0,"SM2","Slocan_NW|2025-06-16"
"5707","Slocan_NW","Slocan","NW","SM2","Other_FS",2025-06-16,"MYLU",3,"SM2","Slocan_NW|2025-06-16"
"5708","Slocan_NW","Slocan","NW","SM2","Other_FS",2025-06-16,"MYSE",1,"SM2","Slocan_NW|2025-06-16"
"5709","Slocan_NW","Slocan","NW","SM2","Other_FS",2025-06-16,"MYTH",0,"SM2","Slocan_NW|2025-06-16"
"5710","Slocan_NW","Slocan","NW","SM2","Other_FS",2025-06-16,"MYVO",0,"SM2","Slocan_NW|2025-06-16"
"5711","Slocan_NW","Slocan","NW","SM2","Other_FS",2025-06-16,"MYYU",0,"SM2","Slocan_NW|2025-06-16"
"5712","Slocan_NW","Slocan","NW","SM2","Other_FS",2025-06-16,"PAHE",0,"SM2","Slocan_NW|2025-06-16"
"5713","Slocan_NW","Slocan","NW","SM2","Other_FS",2025-06-17,"ANPA",0,"SM2","Slocan_NW|2025-06-17"
"5714","Slocan_NW","Slocan","NW","SM2","Other_FS",2025-06-17,"COTO",0,"SM2","Slocan_NW|2025-06-17"
"5715","Slocan_NW","Slocan","NW","SM2","Other_FS",2025-06-17,"EPFU",1,"SM2","Slocan_NW|2025-06-17"
"5716","Slocan_NW","Slocan","NW","SM2","Other_FS",2025-06-17,"EUMA",0,"SM2","Slocan_NW|2025-06-17"
"5717","Slocan_NW","Slocan","NW","SM2","Other_FS",2025-06-17,"LABO",0,"SM2","Slocan_NW|2025-06-17"
"5718","Slocan_NW","Slocan","NW","SM2","Other_FS",2025-06-17,"LACI",0,"SM2","Slocan_NW|2025-06-17"
"5719","Slocan_NW","Slocan","NW","SM2","Other_FS",2025-06-17,"LANO",4,"SM2","Slocan_NW|2025-06-17"
"5720","Slocan_NW","Slocan","NW","SM2","Other_FS",2025-06-17,"MYCA",2,"SM2","Slocan_NW|2025-06-17"
"5721","Slocan_NW","Slocan","NW","SM2","Other_FS",2025-06-17,"MYCI",0,"SM2","Slocan_NW|2025-06-17"
"5722","Slocan_NW","Slocan","NW","SM2","Other_FS",2025-06-17,"MYEV",1,"SM2","Slocan_NW|2025-06-17"
"5723","Slocan_NW","Slocan","NW","SM2","Other_FS",2025-06-17,"MYLU",6,"SM2","Slocan_NW|2025-06-17"
"5724","Slocan_NW","Slocan","NW","SM2","Other_FS",2025-06-17,"MYSE",0,"SM2","Slocan_NW|2025-06-17"
"5725","Slocan_NW","Slocan","NW","SM2","Other_FS",2025-06-17,"MYTH",0,"SM2","Slocan_NW|2025-06-17"
"5726","Slocan_NW","Slocan","NW","SM2","Other_FS",2025-06-17,"MYVO",0,"SM2","Slocan_NW|2025-06-17"
"5727","Slocan_NW","Slocan","NW","SM2","Other_FS",2025-06-17,"MYYU",0,"SM2","Slocan_NW|2025-06-17"
"5728","Slocan_NW","Slocan","NW","SM2","Other_FS",2025-06-17,"PAHE",0,"SM2","Slocan_NW|2025-06-17"
"5729","Slocan_NW","Slocan","NW","SM2","Other_FS",2025-06-18,"ANPA",0,"SM2","Slocan_NW|2025-06-18"
"5730","Slocan_NW","Slocan","NW","SM2","Other_FS",2025-06-18,"COTO",0,"SM2","Slocan_NW|2025-06-18"
"5731","Slocan_NW","Slocan","NW","SM2","Other_FS",2025-06-18,"EPFU",0,"SM2","Slocan_NW|2025-06-18"
"5732","Slocan_NW","Slocan","NW","SM2","Other_FS",2025-06-18,"EUMA",0,"SM2","Slocan_NW|2025-06-18"
"5733","Slocan_NW","Slocan","NW","SM2","Other_FS",2025-06-18,"LABO",0,"SM2","Slocan_NW|2025-06-18"
"5734","Slocan_NW","Slocan","NW","SM2","Other_FS",2025-06-18,"LACI",0,"SM2","Slocan_NW|2025-06-18"
"5735","Slocan_NW","Slocan","NW","SM2","Other_FS",2025-06-18,"LANO",1,"SM2","Slocan_NW|2025-06-18"
"5736","Slocan_NW","Slocan","NW","SM2","Other_FS",2025-06-18,"MYCA",1,"SM2","Slocan_NW|2025-06-18"
"5737","Slocan_NW","Slocan","NW","SM2","Other_FS",2025-06-18,"MYCI",0,"SM2","Slocan_NW|2025-06-18"
"5738","Slocan_NW","Slocan","NW","SM2","Other_FS",2025-06-18,"MYEV",0,"SM2","Slocan_NW|2025-06-18"
"5739","Slocan_NW","Slocan","NW","SM2","Other_FS",2025-06-18,"MYLU",4,"SM2","Slocan_NW|2025-06-18"
"5740","Slocan_NW","Slocan","NW","SM2","Other_FS",2025-06-18,"MYSE",0,"SM2","Slocan_NW|2025-06-18"
"5741","Slocan_NW","Slocan","NW","SM2","Other_FS",2025-06-18,"MYTH",0,"SM2","Slocan_NW|2025-06-18"
"5742","Slocan_NW","Slocan","NW","SM2","Other_FS",2025-06-18,"MYVO",1,"SM2","Slocan_NW|2025-06-18"
"5743","Slocan_NW","Slocan","NW","SM2","Other_FS",2025-06-18,"MYYU",0,"SM2","Slocan_NW|2025-06-18"
"5744","Slocan_NW","Slocan","NW","SM2","Other_FS",2025-06-18,"PAHE",0,"SM2","Slocan_NW|2025-06-18"
"5745","Slocan_NW","Slocan","NW","SM2","Other_FS",2025-06-19,"ANPA",0,"SM2","Slocan_NW|2025-06-19"
"5746","Slocan_NW","Slocan","NW","SM2","Other_FS",2025-06-19,"COTO",0,"SM2","Slocan_NW|2025-06-19"
"5747","Slocan_NW","Slocan","NW","SM2","Other_FS",2025-06-19,"EPFU",1,"SM2","Slocan_NW|2025-06-19"
"5748","Slocan_NW","Slocan","NW","SM2","Other_FS",2025-06-19,"EUMA",0,"SM2","Slocan_NW|2025-06-19"
"5749","Slocan_NW","Slocan","NW","SM2","Other_FS",2025-06-19,"LABO",0,"SM2","Slocan_NW|2025-06-19"
"5750","Slocan_NW","Slocan","NW","SM2","Other_FS",2025-06-19,"LACI",0,"SM2","Slocan_NW|2025-06-19"
"5751","Slocan_NW","Slocan","NW","SM2","Other_FS",2025-06-19,"LANO",4,"SM2","Slocan_NW|2025-06-19"
"5752","Slocan_NW","Slocan","NW","SM2","Other_FS",2025-06-19,"MYCA",1,"SM2","Slocan_NW|2025-06-19"
"5753","Slocan_NW","Slocan","NW","SM2","Other_FS",2025-06-19,"MYCI",0,"SM2","Slocan_NW|2025-06-19"
"5754","Slocan_NW","Slocan","NW","SM2","Other_FS",2025-06-19,"MYEV",0,"SM2","Slocan_NW|2025-06-19"
"5755","Slocan_NW","Slocan","NW","SM2","Other_FS",2025-06-19,"MYLU",2,"SM2","Slocan_NW|2025-06-19"
"5756","Slocan_NW","Slocan","NW","SM2","Other_FS",2025-06-19,"MYSE",0,"SM2","Slocan_NW|2025-06-19"
"5757","Slocan_NW","Slocan","NW","SM2","Other_FS",2025-06-19,"MYTH",0,"SM2","Slocan_NW|2025-06-19"
"5758","Slocan_NW","Slocan","NW","SM2","Other_FS",2025-06-19,"MYVO",0,"SM2","Slocan_NW|2025-06-19"
"5759","Slocan_NW","Slocan","NW","SM2","Other_FS",2025-06-19,"MYYU",0,"SM2","Slocan_NW|2025-06-19"
"5760","Slocan_NW","Slocan","NW","SM2","Other_FS",2025-06-19,"PAHE",0,"SM2","Slocan_NW|2025-06-19"
"5761","Slocan_NW","Slocan","NW","Anabat_Chorus","Anabat_Chorus",2025-06-16,"ANPA",0,"SM2","Slocan_NW|2025-06-16"
"5762","Slocan_NW","Slocan","NW","Anabat_Chorus","Anabat_Chorus",2025-06-16,"COTO",0,"SM2","Slocan_NW|2025-06-16"
"5763","Slocan_NW","Slocan","NW","Anabat_Chorus","Anabat_Chorus",2025-06-16,"EPFU",2,"SM2","Slocan_NW|2025-06-16"
"5764","Slocan_NW","Slocan","NW","Anabat_Chorus","Anabat_Chorus",2025-06-16,"EUMA",0,"SM2","Slocan_NW|2025-06-16"
"5765","Slocan_NW","Slocan","NW","Anabat_Chorus","Anabat_Chorus",2025-06-16,"LABO",0,"SM2","Slocan_NW|2025-06-16"
"5766","Slocan_NW","Slocan","NW","Anabat_Chorus","Anabat_Chorus",2025-06-16,"LACI",0,"SM2","Slocan_NW|2025-06-16"
"5767","Slocan_NW","Slocan","NW","Anabat_Chorus","Anabat_Chorus",2025-06-16,"LANO",0,"SM2","Slocan_NW|2025-06-16"
"5768","Slocan_NW","Slocan","NW","Anabat_Chorus","Anabat_Chorus",2025-06-16,"MYCA",1,"SM2","Slocan_NW|2025-06-16"
"5769","Slocan_NW","Slocan","NW","Anabat_Chorus","Anabat_Chorus",2025-06-16,"MYCI",0,"SM2","Slocan_NW|2025-06-16"
"5770","Slocan_NW","Slocan","NW","Anabat_Chorus","Anabat_Chorus",2025-06-16,"MYEV",0,"SM2","Slocan_NW|2025-06-16"
"5771","Slocan_NW","Slocan","NW","Anabat_Chorus","Anabat_Chorus",2025-06-16,"MYLU",3,"SM2","Slocan_NW|2025-06-16"
"5772","Slocan_NW","Slocan","NW","Anabat_Chorus","Anabat_Chorus",2025-06-16,"MYSE",0,"SM2","Slocan_NW|2025-06-16"
"5773","Slocan_NW","Slocan","NW","Anabat_Chorus","Anabat_Chorus",2025-06-16,"MYTH",0,"SM2","Slocan_NW|2025-06-16"
"5774","Slocan_NW","Slocan","NW","Anabat_Chorus","Anabat_Chorus",2025-06-16,"MYVO",0,"SM2","Slocan_NW|2025-06-16"
"5775","Slocan_NW","Slocan","NW","Anabat_Chorus","Anabat_Chorus",2025-06-16,"MYYU",0,"SM2","Slocan_NW|2025-06-16"
"5776","Slocan_NW","Slocan","NW","Anabat_Chorus","Anabat_Chorus",2025-06-16,"PAHE",0,"SM2","Slocan_NW|2025-06-16"
"5777","Slocan_NW","Slocan","NW","Anabat_Chorus","Anabat_Chorus",2025-06-17,"ANPA",0,"SM2","Slocan_NW|2025-06-17"
"5778","Slocan_NW","Slocan","NW","Anabat_Chorus","Anabat_Chorus",2025-06-17,"COTO",0,"SM2","Slocan_NW|2025-06-17"
"5779","Slocan_NW","Slocan","NW","Anabat_Chorus","Anabat_Chorus",2025-06-17,"EPFU",2,"SM2","Slocan_NW|2025-06-17"
"5780","Slocan_NW","Slocan","NW","Anabat_Chorus","Anabat_Chorus",2025-06-17,"EUMA",0,"SM2","Slocan_NW|2025-06-17"
"5781","Slocan_NW","Slocan","NW","Anabat_Chorus","Anabat_Chorus",2025-06-17,"LABO",0,"SM2","Slocan_NW|2025-06-17"
"5782","Slocan_NW","Slocan","NW","Anabat_Chorus","Anabat_Chorus",2025-06-17,"LACI",0,"SM2","Slocan_NW|2025-06-17"
"5783","Slocan_NW","Slocan","NW","Anabat_Chorus","Anabat_Chorus",2025-06-17,"LANO",3,"SM2","Slocan_NW|2025-06-17"
"5784","Slocan_NW","Slocan","NW","Anabat_Chorus","Anabat_Chorus",2025-06-17,"MYCA",2,"SM2","Slocan_NW|2025-06-17"
"5785","Slocan_NW","Slocan","NW","Anabat_Chorus","Anabat_Chorus",2025-06-17,"MYCI",0,"SM2","Slocan_NW|2025-06-17"
"5786","Slocan_NW","Slocan","NW","Anabat_Chorus","Anabat_Chorus",2025-06-17,"MYEV",0,"SM2","Slocan_NW|2025-06-17"
"5787","Slocan_NW","Slocan","NW","Anabat_Chorus","Anabat_Chorus",2025-06-17,"MYLU",7,"SM2","Slocan_NW|2025-06-17"
"5788","Slocan_NW","Slocan","NW","Anabat_Chorus","Anabat_Chorus",2025-06-17,"MYSE",0,"SM2","Slocan_NW|2025-06-17"
"5789","Slocan_NW","Slocan","NW","Anabat_Chorus","Anabat_Chorus",2025-06-17,"MYTH",0,"SM2","Slocan_NW|2025-06-17"
"5790","Slocan_NW","Slocan","NW","Anabat_Chorus","Anabat_Chorus",2025-06-17,"MYVO",0,"SM2","Slocan_NW|2025-06-17"
"5791","Slocan_NW","Slocan","NW","Anabat_Chorus","Anabat_Chorus",2025-06-17,"MYYU",0,"SM2","Slocan_NW|2025-06-17"
"5792","Slocan_NW","Slocan","NW","Anabat_Chorus","Anabat_Chorus",2025-06-17,"PAHE",0,"SM2","Slocan_NW|2025-06-17"
"5793","Slocan_NW","Slocan","NW","Anabat_Chorus","Anabat_Chorus",2025-06-18,"ANPA",0,"SM2","Slocan_NW|2025-06-18"
"5794","Slocan_NW","Slocan","NW","Anabat_Chorus","Anabat_Chorus",2025-06-18,"COTO",0,"SM2","Slocan_NW|2025-06-18"
"5795","Slocan_NW","Slocan","NW","Anabat_Chorus","Anabat_Chorus",2025-06-18,"EPFU",0,"SM2","Slocan_NW|2025-06-18"
"5796","Slocan_NW","Slocan","NW","Anabat_Chorus","Anabat_Chorus",2025-06-18,"EUMA",0,"SM2","Slocan_NW|2025-06-18"
"5797","Slocan_NW","Slocan","NW","Anabat_Chorus","Anabat_Chorus",2025-06-18,"LABO",0,"SM2","Slocan_NW|2025-06-18"
"5798","Slocan_NW","Slocan","NW","Anabat_Chorus","Anabat_Chorus",2025-06-18,"LACI",0,"SM2","Slocan_NW|2025-06-18"
"5799","Slocan_NW","Slocan","NW","Anabat_Chorus","Anabat_Chorus",2025-06-18,"LANO",1,"SM2","Slocan_NW|2025-06-18"
"5800","Slocan_NW","Slocan","NW","Anabat_Chorus","Anabat_Chorus",2025-06-18,"MYCA",0,"SM2","Slocan_NW|2025-06-18"
"5801","Slocan_NW","Slocan","NW","Anabat_Chorus","Anabat_Chorus",2025-06-18,"MYCI",0,"SM2","Slocan_NW|2025-06-18"
"5802","Slocan_NW","Slocan","NW","Anabat_Chorus","Anabat_Chorus",2025-06-18,"MYEV",0,"SM2","Slocan_NW|2025-06-18"
"5803","Slocan_NW","Slocan","NW","Anabat_Chorus","Anabat_Chorus",2025-06-18,"MYLU",6,"SM2","Slocan_NW|2025-06-18"
"5804","Slocan_NW","Slocan","NW","Anabat_Chorus","Anabat_Chorus",2025-06-18,"MYSE",0,"SM2","Slocan_NW|2025-06-18"
"5805","Slocan_NW","Slocan","NW","Anabat_Chorus","Anabat_Chorus",2025-06-18,"MYTH",0,"SM2","Slocan_NW|2025-06-18"
"5806","Slocan_NW","Slocan","NW","Anabat_Chorus","Anabat_Chorus",2025-06-18,"MYVO",0,"SM2","Slocan_NW|2025-06-18"
"5807","Slocan_NW","Slocan","NW","Anabat_Chorus","Anabat_Chorus",2025-06-18,"MYYU",0,"SM2","Slocan_NW|2025-06-18"
"5808","Slocan_NW","Slocan","NW","Anabat_Chorus","Anabat_Chorus",2025-06-18,"PAHE",0,"SM2","Slocan_NW|2025-06-18"
"5809","Slocan_NW","Slocan","NW","Anabat_Chorus","Anabat_Chorus",2025-06-19,"ANPA",1,"SM2","Slocan_NW|2025-06-19"
"5810","Slocan_NW","Slocan","NW","Anabat_Chorus","Anabat_Chorus",2025-06-19,"COTO",0,"SM2","Slocan_NW|2025-06-19"
"5811","Slocan_NW","Slocan","NW","Anabat_Chorus","Anabat_Chorus",2025-06-19,"EPFU",0,"SM2","Slocan_NW|2025-06-19"
"5812","Slocan_NW","Slocan","NW","Anabat_Chorus","Anabat_Chorus",2025-06-19,"EUMA",0,"SM2","Slocan_NW|2025-06-19"
"5813","Slocan_NW","Slocan","NW","Anabat_Chorus","Anabat_Chorus",2025-06-19,"LABO",0,"SM2","Slocan_NW|2025-06-19"
"5814","Slocan_NW","Slocan","NW","Anabat_Chorus","Anabat_Chorus",2025-06-19,"LACI",0,"SM2","Slocan_NW|2025-06-19"
"5815","Slocan_NW","Slocan","NW","Anabat_Chorus","Anabat_Chorus",2025-06-19,"LANO",2,"SM2","Slocan_NW|2025-06-19"
"5816","Slocan_NW","Slocan","NW","Anabat_Chorus","Anabat_Chorus",2025-06-19,"MYCA",1,"SM2","Slocan_NW|2025-06-19"
"5817","Slocan_NW","Slocan","NW","Anabat_Chorus","Anabat_Chorus",2025-06-19,"MYCI",0,"SM2","Slocan_NW|2025-06-19"
"5818","Slocan_NW","Slocan","NW","Anabat_Chorus","Anabat_Chorus",2025-06-19,"MYEV",1,"SM2","Slocan_NW|2025-06-19"
"5819","Slocan_NW","Slocan","NW","Anabat_Chorus","Anabat_Chorus",2025-06-19,"MYLU",2,"SM2","Slocan_NW|2025-06-19"
"5820","Slocan_NW","Slocan","NW","Anabat_Chorus","Anabat_Chorus",2025-06-19,"MYSE",0,"SM2","Slocan_NW|2025-06-19"
"5821","Slocan_NW","Slocan","NW","Anabat_Chorus","Anabat_Chorus",2025-06-19,"MYTH",0,"SM2","Slocan_NW|2025-06-19"
"5822","Slocan_NW","Slocan","NW","Anabat_Chorus","Anabat_Chorus",2025-06-19,"MYVO",0,"SM2","Slocan_NW|2025-06-19"
"5823","Slocan_NW","Slocan","NW","Anabat_Chorus","Anabat_Chorus",2025-06-19,"MYYU",0,"SM2","Slocan_NW|2025-06-19"
"5824","Slocan_NW","Slocan","NW","Anabat_Chorus","Anabat_Chorus",2025-06-19,"PAHE",0,"SM2","Slocan_NW|2025-06-19"
"5825","Slocan_SW2","Slocan","SW2","SM2","Other_FS",2025-06-16,"ANPA",0,"SM2","Slocan_SW2|2025-06-16"
"5826","Slocan_SW2","Slocan","SW2","SM2","Other_FS",2025-06-16,"COTO",0,"SM2","Slocan_SW2|2025-06-16"
"5827","Slocan_SW2","Slocan","SW2","SM2","Other_FS",2025-06-16,"EPFU",1,"SM2","Slocan_SW2|2025-06-16"
"5828","Slocan_SW2","Slocan","SW2","SM2","Other_FS",2025-06-16,"EUMA",0,"SM2","Slocan_SW2|2025-06-16"
"5829","Slocan_SW2","Slocan","SW2","SM2","Other_FS",2025-06-16,"LABO",0,"SM2","Slocan_SW2|2025-06-16"
"5830","Slocan_SW2","Slocan","SW2","SM2","Other_FS",2025-06-16,"LACI",0,"SM2","Slocan_SW2|2025-06-16"
"5831","Slocan_SW2","Slocan","SW2","SM2","Other_FS",2025-06-16,"LANO",58,"SM2","Slocan_SW2|2025-06-16"
"5832","Slocan_SW2","Slocan","SW2","SM2","Other_FS",2025-06-16,"MYCA",7,"SM2","Slocan_SW2|2025-06-16"
"5833","Slocan_SW2","Slocan","SW2","SM2","Other_FS",2025-06-16,"MYCI",0,"SM2","Slocan_SW2|2025-06-16"
"5834","Slocan_SW2","Slocan","SW2","SM2","Other_FS",2025-06-16,"MYEV",1,"SM2","Slocan_SW2|2025-06-16"
"5835","Slocan_SW2","Slocan","SW2","SM2","Other_FS",2025-06-16,"MYLU",22,"SM2","Slocan_SW2|2025-06-16"
"5836","Slocan_SW2","Slocan","SW2","SM2","Other_FS",2025-06-16,"MYSE",0,"SM2","Slocan_SW2|2025-06-16"
"5837","Slocan_SW2","Slocan","SW2","SM2","Other_FS",2025-06-16,"MYTH",0,"SM2","Slocan_SW2|2025-06-16"
"5838","Slocan_SW2","Slocan","SW2","SM2","Other_FS",2025-06-16,"MYVO",0,"SM2","Slocan_SW2|2025-06-16"
"5839","Slocan_SW2","Slocan","SW2","SM2","Other_FS",2025-06-16,"MYYU",7,"SM2","Slocan_SW2|2025-06-16"
"5840","Slocan_SW2","Slocan","SW2","SM2","Other_FS",2025-06-16,"PAHE",0,"SM2","Slocan_SW2|2025-06-16"
"5841","Slocan_SW2","Slocan","SW2","SM2","Other_FS",2025-06-17,"ANPA",0,"SM2","Slocan_SW2|2025-06-17"
"5842","Slocan_SW2","Slocan","SW2","SM2","Other_FS",2025-06-17,"COTO",0,"SM2","Slocan_SW2|2025-06-17"
"5843","Slocan_SW2","Slocan","SW2","SM2","Other_FS",2025-06-17,"EPFU",0,"SM2","Slocan_SW2|2025-06-17"
"5844","Slocan_SW2","Slocan","SW2","SM2","Other_FS",2025-06-17,"EUMA",0,"SM2","Slocan_SW2|2025-06-17"
"5845","Slocan_SW2","Slocan","SW2","SM2","Other_FS",2025-06-17,"LABO",0,"SM2","Slocan_SW2|2025-06-17"
"5846","Slocan_SW2","Slocan","SW2","SM2","Other_FS",2025-06-17,"LACI",1,"SM2","Slocan_SW2|2025-06-17"
"5847","Slocan_SW2","Slocan","SW2","SM2","Other_FS",2025-06-17,"LANO",33,"SM2","Slocan_SW2|2025-06-17"
"5848","Slocan_SW2","Slocan","SW2","SM2","Other_FS",2025-06-17,"MYCA",2,"SM2","Slocan_SW2|2025-06-17"
"5849","Slocan_SW2","Slocan","SW2","SM2","Other_FS",2025-06-17,"MYCI",0,"SM2","Slocan_SW2|2025-06-17"
"5850","Slocan_SW2","Slocan","SW2","SM2","Other_FS",2025-06-17,"MYEV",1,"SM2","Slocan_SW2|2025-06-17"
"5851","Slocan_SW2","Slocan","SW2","SM2","Other_FS",2025-06-17,"MYLU",10,"SM2","Slocan_SW2|2025-06-17"
"5852","Slocan_SW2","Slocan","SW2","SM2","Other_FS",2025-06-17,"MYSE",0,"SM2","Slocan_SW2|2025-06-17"
"5853","Slocan_SW2","Slocan","SW2","SM2","Other_FS",2025-06-17,"MYTH",0,"SM2","Slocan_SW2|2025-06-17"
"5854","Slocan_SW2","Slocan","SW2","SM2","Other_FS",2025-06-17,"MYVO",1,"SM2","Slocan_SW2|2025-06-17"
"5855","Slocan_SW2","Slocan","SW2","SM2","Other_FS",2025-06-17,"MYYU",7,"SM2","Slocan_SW2|2025-06-17"
"5856","Slocan_SW2","Slocan","SW2","SM2","Other_FS",2025-06-17,"PAHE",0,"SM2","Slocan_SW2|2025-06-17"
"5857","Slocan_SW2","Slocan","SW2","SM2","Other_FS",2025-06-18,"ANPA",1,"SM2","Slocan_SW2|2025-06-18"
"5858","Slocan_SW2","Slocan","SW2","SM2","Other_FS",2025-06-18,"COTO",0,"SM2","Slocan_SW2|2025-06-18"
"5859","Slocan_SW2","Slocan","SW2","SM2","Other_FS",2025-06-18,"EPFU",1,"SM2","Slocan_SW2|2025-06-18"
"5860","Slocan_SW2","Slocan","SW2","SM2","Other_FS",2025-06-18,"EUMA",0,"SM2","Slocan_SW2|2025-06-18"
"5861","Slocan_SW2","Slocan","SW2","SM2","Other_FS",2025-06-18,"LABO",1,"SM2","Slocan_SW2|2025-06-18"
"5862","Slocan_SW2","Slocan","SW2","SM2","Other_FS",2025-06-18,"LACI",24,"SM2","Slocan_SW2|2025-06-18"
"5863","Slocan_SW2","Slocan","SW2","SM2","Other_FS",2025-06-18,"LANO",53,"SM2","Slocan_SW2|2025-06-18"
"5864","Slocan_SW2","Slocan","SW2","SM2","Other_FS",2025-06-18,"MYCA",29,"SM2","Slocan_SW2|2025-06-18"
"5865","Slocan_SW2","Slocan","SW2","SM2","Other_FS",2025-06-18,"MYCI",0,"SM2","Slocan_SW2|2025-06-18"
"5866","Slocan_SW2","Slocan","SW2","SM2","Other_FS",2025-06-18,"MYEV",0,"SM2","Slocan_SW2|2025-06-18"
"5867","Slocan_SW2","Slocan","SW2","SM2","Other_FS",2025-06-18,"MYLU",21,"SM2","Slocan_SW2|2025-06-18"
"5868","Slocan_SW2","Slocan","SW2","SM2","Other_FS",2025-06-18,"MYSE",1,"SM2","Slocan_SW2|2025-06-18"
"5869","Slocan_SW2","Slocan","SW2","SM2","Other_FS",2025-06-18,"MYTH",0,"SM2","Slocan_SW2|2025-06-18"
"5870","Slocan_SW2","Slocan","SW2","SM2","Other_FS",2025-06-18,"MYVO",0,"SM2","Slocan_SW2|2025-06-18"
"5871","Slocan_SW2","Slocan","SW2","SM2","Other_FS",2025-06-18,"MYYU",7,"SM2","Slocan_SW2|2025-06-18"
"5872","Slocan_SW2","Slocan","SW2","SM2","Other_FS",2025-06-18,"PAHE",0,"SM2","Slocan_SW2|2025-06-18"
"5873","Slocan_SW2","Slocan","SW2","SM2","Other_FS",2025-06-19,"ANPA",1,"SM2","Slocan_SW2|2025-06-19"
"5874","Slocan_SW2","Slocan","SW2","SM2","Other_FS",2025-06-19,"COTO",0,"SM2","Slocan_SW2|2025-06-19"
"5875","Slocan_SW2","Slocan","SW2","SM2","Other_FS",2025-06-19,"EPFU",2,"SM2","Slocan_SW2|2025-06-19"
"5876","Slocan_SW2","Slocan","SW2","SM2","Other_FS",2025-06-19,"EUMA",0,"SM2","Slocan_SW2|2025-06-19"
"5877","Slocan_SW2","Slocan","SW2","SM2","Other_FS",2025-06-19,"LABO",0,"SM2","Slocan_SW2|2025-06-19"
"5878","Slocan_SW2","Slocan","SW2","SM2","Other_FS",2025-06-19,"LACI",0,"SM2","Slocan_SW2|2025-06-19"
"5879","Slocan_SW2","Slocan","SW2","SM2","Other_FS",2025-06-19,"LANO",24,"SM2","Slocan_SW2|2025-06-19"
"5880","Slocan_SW2","Slocan","SW2","SM2","Other_FS",2025-06-19,"MYCA",16,"SM2","Slocan_SW2|2025-06-19"
"5881","Slocan_SW2","Slocan","SW2","SM2","Other_FS",2025-06-19,"MYCI",0,"SM2","Slocan_SW2|2025-06-19"
"5882","Slocan_SW2","Slocan","SW2","SM2","Other_FS",2025-06-19,"MYEV",0,"SM2","Slocan_SW2|2025-06-19"
"5883","Slocan_SW2","Slocan","SW2","SM2","Other_FS",2025-06-19,"MYLU",14,"SM2","Slocan_SW2|2025-06-19"
"5884","Slocan_SW2","Slocan","SW2","SM2","Other_FS",2025-06-19,"MYSE",2,"SM2","Slocan_SW2|2025-06-19"
"5885","Slocan_SW2","Slocan","SW2","SM2","Other_FS",2025-06-19,"MYTH",0,"SM2","Slocan_SW2|2025-06-19"
"5886","Slocan_SW2","Slocan","SW2","SM2","Other_FS",2025-06-19,"MYVO",0,"SM2","Slocan_SW2|2025-06-19"
"5887","Slocan_SW2","Slocan","SW2","SM2","Other_FS",2025-06-19,"MYYU",17,"SM2","Slocan_SW2|2025-06-19"
"5888","Slocan_SW2","Slocan","SW2","SM2","Other_FS",2025-06-19,"PAHE",0,"SM2","Slocan_SW2|2025-06-19"
"5889","Slocan_SW2","Slocan","SW2","SM2","Other_FS",2025-06-20,"ANPA",0,"SM2","Slocan_SW2|2025-06-20"
"5890","Slocan_SW2","Slocan","SW2","SM2","Other_FS",2025-06-20,"COTO",0,"SM2","Slocan_SW2|2025-06-20"
"5891","Slocan_SW2","Slocan","SW2","SM2","Other_FS",2025-06-20,"EPFU",0,"SM2","Slocan_SW2|2025-06-20"
"5892","Slocan_SW2","Slocan","SW2","SM2","Other_FS",2025-06-20,"EUMA",0,"SM2","Slocan_SW2|2025-06-20"
"5893","Slocan_SW2","Slocan","SW2","SM2","Other_FS",2025-06-20,"LABO",0,"SM2","Slocan_SW2|2025-06-20"
"5894","Slocan_SW2","Slocan","SW2","SM2","Other_FS",2025-06-20,"LACI",0,"SM2","Slocan_SW2|2025-06-20"
"5895","Slocan_SW2","Slocan","SW2","SM2","Other_FS",2025-06-20,"LANO",0,"SM2","Slocan_SW2|2025-06-20"
"5896","Slocan_SW2","Slocan","SW2","SM2","Other_FS",2025-06-20,"MYCA",0,"SM2","Slocan_SW2|2025-06-20"
"5897","Slocan_SW2","Slocan","SW2","SM2","Other_FS",2025-06-20,"MYCI",0,"SM2","Slocan_SW2|2025-06-20"
"5898","Slocan_SW2","Slocan","SW2","SM2","Other_FS",2025-06-20,"MYEV",0,"SM2","Slocan_SW2|2025-06-20"
"5899","Slocan_SW2","Slocan","SW2","SM2","Other_FS",2025-06-20,"MYLU",0,"SM2","Slocan_SW2|2025-06-20"
"5900","Slocan_SW2","Slocan","SW2","SM2","Other_FS",2025-06-20,"MYSE",0,"SM2","Slocan_SW2|2025-06-20"
"5901","Slocan_SW2","Slocan","SW2","SM2","Other_FS",2025-06-20,"MYTH",0,"SM2","Slocan_SW2|2025-06-20"
"5902","Slocan_SW2","Slocan","SW2","SM2","Other_FS",2025-06-20,"MYVO",0,"SM2","Slocan_SW2|2025-06-20"
"5903","Slocan_SW2","Slocan","SW2","SM2","Other_FS",2025-06-20,"MYYU",1,"SM2","Slocan_SW2|2025-06-20"
"5904","Slocan_SW2","Slocan","SW2","SM2","Other_FS",2025-06-20,"PAHE",0,"SM2","Slocan_SW2|2025-06-20"
"5905","Slocan_SW2","Slocan","SW2","SM2","Other_FS",2025-06-21,"ANPA",0,"SM2","Slocan_SW2|2025-06-21"
"5906","Slocan_SW2","Slocan","SW2","SM2","Other_FS",2025-06-21,"COTO",0,"SM2","Slocan_SW2|2025-06-21"
"5907","Slocan_SW2","Slocan","SW2","SM2","Other_FS",2025-06-21,"EPFU",0,"SM2","Slocan_SW2|2025-06-21"
"5908","Slocan_SW2","Slocan","SW2","SM2","Other_FS",2025-06-21,"EUMA",0,"SM2","Slocan_SW2|2025-06-21"
"5909","Slocan_SW2","Slocan","SW2","SM2","Other_FS",2025-06-21,"LABO",0,"SM2","Slocan_SW2|2025-06-21"
"5910","Slocan_SW2","Slocan","SW2","SM2","Other_FS",2025-06-21,"LACI",9,"SM2","Slocan_SW2|2025-06-21"
"5911","Slocan_SW2","Slocan","SW2","SM2","Other_FS",2025-06-21,"LANO",0,"SM2","Slocan_SW2|2025-06-21"
"5912","Slocan_SW2","Slocan","SW2","SM2","Other_FS",2025-06-21,"MYCA",0,"SM2","Slocan_SW2|2025-06-21"
"5913","Slocan_SW2","Slocan","SW2","SM2","Other_FS",2025-06-21,"MYCI",0,"SM2","Slocan_SW2|2025-06-21"
"5914","Slocan_SW2","Slocan","SW2","SM2","Other_FS",2025-06-21,"MYEV",0,"SM2","Slocan_SW2|2025-06-21"
"5915","Slocan_SW2","Slocan","SW2","SM2","Other_FS",2025-06-21,"MYLU",3,"SM2","Slocan_SW2|2025-06-21"
"5916","Slocan_SW2","Slocan","SW2","SM2","Other_FS",2025-06-21,"MYSE",0,"SM2","Slocan_SW2|2025-06-21"
"5917","Slocan_SW2","Slocan","SW2","SM2","Other_FS",2025-06-21,"MYTH",0,"SM2","Slocan_SW2|2025-06-21"
"5918","Slocan_SW2","Slocan","SW2","SM2","Other_FS",2025-06-21,"MYVO",0,"SM2","Slocan_SW2|2025-06-21"
"5919","Slocan_SW2","Slocan","SW2","SM2","Other_FS",2025-06-21,"MYYU",8,"SM2","Slocan_SW2|2025-06-21"
"5920","Slocan_SW2","Slocan","SW2","SM2","Other_FS",2025-06-21,"PAHE",0,"SM2","Slocan_SW2|2025-06-21"
"5921","Slocan_SW2","Slocan","SW2","SM2","Other_FS",2025-06-22,"ANPA",0,"SM2","Slocan_SW2|2025-06-22"
"5922","Slocan_SW2","Slocan","SW2","SM2","Other_FS",2025-06-22,"COTO",0,"SM2","Slocan_SW2|2025-06-22"
"5923","Slocan_SW2","Slocan","SW2","SM2","Other_FS",2025-06-22,"EPFU",0,"SM2","Slocan_SW2|2025-06-22"
"5924","Slocan_SW2","Slocan","SW2","SM2","Other_FS",2025-06-22,"EUMA",0,"SM2","Slocan_SW2|2025-06-22"
"5925","Slocan_SW2","Slocan","SW2","SM2","Other_FS",2025-06-22,"LABO",0,"SM2","Slocan_SW2|2025-06-22"
"5926","Slocan_SW2","Slocan","SW2","SM2","Other_FS",2025-06-22,"LACI",2,"SM2","Slocan_SW2|2025-06-22"
"5927","Slocan_SW2","Slocan","SW2","SM2","Other_FS",2025-06-22,"LANO",0,"SM2","Slocan_SW2|2025-06-22"
"5928","Slocan_SW2","Slocan","SW2","SM2","Other_FS",2025-06-22,"MYCA",1,"SM2","Slocan_SW2|2025-06-22"
"5929","Slocan_SW2","Slocan","SW2","SM2","Other_FS",2025-06-22,"MYCI",0,"SM2","Slocan_SW2|2025-06-22"
"5930","Slocan_SW2","Slocan","SW2","SM2","Other_FS",2025-06-22,"MYEV",0,"SM2","Slocan_SW2|2025-06-22"
"5931","Slocan_SW2","Slocan","SW2","SM2","Other_FS",2025-06-22,"MYLU",3,"SM2","Slocan_SW2|2025-06-22"
"5932","Slocan_SW2","Slocan","SW2","SM2","Other_FS",2025-06-22,"MYSE",0,"SM2","Slocan_SW2|2025-06-22"
"5933","Slocan_SW2","Slocan","SW2","SM2","Other_FS",2025-06-22,"MYTH",0,"SM2","Slocan_SW2|2025-06-22"
"5934","Slocan_SW2","Slocan","SW2","SM2","Other_FS",2025-06-22,"MYVO",0,"SM2","Slocan_SW2|2025-06-22"
"5935","Slocan_SW2","Slocan","SW2","SM2","Other_FS",2025-06-22,"MYYU",4,"SM2","Slocan_SW2|2025-06-22"
"5936","Slocan_SW2","Slocan","SW2","SM2","Other_FS",2025-06-22,"PAHE",0,"SM2","Slocan_SW2|2025-06-22"
"5937","Slocan_SW2","Slocan","SW2","Anabat_Chorus","Anabat_Chorus",2025-06-16,"ANPA",0,"SM2","Slocan_SW2|2025-06-16"
"5938","Slocan_SW2","Slocan","SW2","Anabat_Chorus","Anabat_Chorus",2025-06-16,"COTO",0,"SM2","Slocan_SW2|2025-06-16"
"5939","Slocan_SW2","Slocan","SW2","Anabat_Chorus","Anabat_Chorus",2025-06-16,"EPFU",2,"SM2","Slocan_SW2|2025-06-16"
"5940","Slocan_SW2","Slocan","SW2","Anabat_Chorus","Anabat_Chorus",2025-06-16,"EUMA",0,"SM2","Slocan_SW2|2025-06-16"
"5941","Slocan_SW2","Slocan","SW2","Anabat_Chorus","Anabat_Chorus",2025-06-16,"LABO",0,"SM2","Slocan_SW2|2025-06-16"
"5942","Slocan_SW2","Slocan","SW2","Anabat_Chorus","Anabat_Chorus",2025-06-16,"LACI",0,"SM2","Slocan_SW2|2025-06-16"
"5943","Slocan_SW2","Slocan","SW2","Anabat_Chorus","Anabat_Chorus",2025-06-16,"LANO",58,"SM2","Slocan_SW2|2025-06-16"
"5944","Slocan_SW2","Slocan","SW2","Anabat_Chorus","Anabat_Chorus",2025-06-16,"MYCA",7,"SM2","Slocan_SW2|2025-06-16"
"5945","Slocan_SW2","Slocan","SW2","Anabat_Chorus","Anabat_Chorus",2025-06-16,"MYCI",0,"SM2","Slocan_SW2|2025-06-16"
"5946","Slocan_SW2","Slocan","SW2","Anabat_Chorus","Anabat_Chorus",2025-06-16,"MYEV",0,"SM2","Slocan_SW2|2025-06-16"
"5947","Slocan_SW2","Slocan","SW2","Anabat_Chorus","Anabat_Chorus",2025-06-16,"MYLU",16,"SM2","Slocan_SW2|2025-06-16"
"5948","Slocan_SW2","Slocan","SW2","Anabat_Chorus","Anabat_Chorus",2025-06-16,"MYSE",1,"SM2","Slocan_SW2|2025-06-16"
"5949","Slocan_SW2","Slocan","SW2","Anabat_Chorus","Anabat_Chorus",2025-06-16,"MYTH",0,"SM2","Slocan_SW2|2025-06-16"
"5950","Slocan_SW2","Slocan","SW2","Anabat_Chorus","Anabat_Chorus",2025-06-16,"MYVO",0,"SM2","Slocan_SW2|2025-06-16"
"5951","Slocan_SW2","Slocan","SW2","Anabat_Chorus","Anabat_Chorus",2025-06-16,"MYYU",7,"SM2","Slocan_SW2|2025-06-16"
"5952","Slocan_SW2","Slocan","SW2","Anabat_Chorus","Anabat_Chorus",2025-06-16,"PAHE",0,"SM2","Slocan_SW2|2025-06-16"
"5953","Slocan_SW2","Slocan","SW2","Anabat_Chorus","Anabat_Chorus",2025-06-17,"ANPA",0,"SM2","Slocan_SW2|2025-06-17"
"5954","Slocan_SW2","Slocan","SW2","Anabat_Chorus","Anabat_Chorus",2025-06-17,"COTO",0,"SM2","Slocan_SW2|2025-06-17"
"5955","Slocan_SW2","Slocan","SW2","Anabat_Chorus","Anabat_Chorus",2025-06-17,"EPFU",2,"SM2","Slocan_SW2|2025-06-17"
"5956","Slocan_SW2","Slocan","SW2","Anabat_Chorus","Anabat_Chorus",2025-06-17,"EUMA",0,"SM2","Slocan_SW2|2025-06-17"
"5957","Slocan_SW2","Slocan","SW2","Anabat_Chorus","Anabat_Chorus",2025-06-17,"LABO",0,"SM2","Slocan_SW2|2025-06-17"
"5958","Slocan_SW2","Slocan","SW2","Anabat_Chorus","Anabat_Chorus",2025-06-17,"LACI",0,"SM2","Slocan_SW2|2025-06-17"
"5959","Slocan_SW2","Slocan","SW2","Anabat_Chorus","Anabat_Chorus",2025-06-17,"LANO",31,"SM2","Slocan_SW2|2025-06-17"
"5960","Slocan_SW2","Slocan","SW2","Anabat_Chorus","Anabat_Chorus",2025-06-17,"MYCA",2,"SM2","Slocan_SW2|2025-06-17"
"5961","Slocan_SW2","Slocan","SW2","Anabat_Chorus","Anabat_Chorus",2025-06-17,"MYCI",0,"SM2","Slocan_SW2|2025-06-17"
"5962","Slocan_SW2","Slocan","SW2","Anabat_Chorus","Anabat_Chorus",2025-06-17,"MYEV",0,"SM2","Slocan_SW2|2025-06-17"
"5963","Slocan_SW2","Slocan","SW2","Anabat_Chorus","Anabat_Chorus",2025-06-17,"MYLU",9,"SM2","Slocan_SW2|2025-06-17"
"5964","Slocan_SW2","Slocan","SW2","Anabat_Chorus","Anabat_Chorus",2025-06-17,"MYSE",0,"SM2","Slocan_SW2|2025-06-17"
"5965","Slocan_SW2","Slocan","SW2","Anabat_Chorus","Anabat_Chorus",2025-06-17,"MYTH",0,"SM2","Slocan_SW2|2025-06-17"
"5966","Slocan_SW2","Slocan","SW2","Anabat_Chorus","Anabat_Chorus",2025-06-17,"MYVO",0,"SM2","Slocan_SW2|2025-06-17"
"5967","Slocan_SW2","Slocan","SW2","Anabat_Chorus","Anabat_Chorus",2025-06-17,"MYYU",7,"SM2","Slocan_SW2|2025-06-17"
"5968","Slocan_SW2","Slocan","SW2","Anabat_Chorus","Anabat_Chorus",2025-06-17,"PAHE",0,"SM2","Slocan_SW2|2025-06-17"
"5969","Slocan_SW2","Slocan","SW2","Anabat_Chorus","Anabat_Chorus",2025-06-18,"ANPA",0,"SM2","Slocan_SW2|2025-06-18"
"5970","Slocan_SW2","Slocan","SW2","Anabat_Chorus","Anabat_Chorus",2025-06-18,"COTO",0,"SM2","Slocan_SW2|2025-06-18"
"5971","Slocan_SW2","Slocan","SW2","Anabat_Chorus","Anabat_Chorus",2025-06-18,"EPFU",12,"SM2","Slocan_SW2|2025-06-18"
"5972","Slocan_SW2","Slocan","SW2","Anabat_Chorus","Anabat_Chorus",2025-06-18,"EUMA",0,"SM2","Slocan_SW2|2025-06-18"
"5973","Slocan_SW2","Slocan","SW2","Anabat_Chorus","Anabat_Chorus",2025-06-18,"LABO",0,"SM2","Slocan_SW2|2025-06-18"
"5974","Slocan_SW2","Slocan","SW2","Anabat_Chorus","Anabat_Chorus",2025-06-18,"LACI",7,"SM2","Slocan_SW2|2025-06-18"
"5975","Slocan_SW2","Slocan","SW2","Anabat_Chorus","Anabat_Chorus",2025-06-18,"LANO",51,"SM2","Slocan_SW2|2025-06-18"
"5976","Slocan_SW2","Slocan","SW2","Anabat_Chorus","Anabat_Chorus",2025-06-18,"MYCA",24,"SM2","Slocan_SW2|2025-06-18"
"5977","Slocan_SW2","Slocan","SW2","Anabat_Chorus","Anabat_Chorus",2025-06-18,"MYCI",0,"SM2","Slocan_SW2|2025-06-18"
"5978","Slocan_SW2","Slocan","SW2","Anabat_Chorus","Anabat_Chorus",2025-06-18,"MYEV",4,"SM2","Slocan_SW2|2025-06-18"
"5979","Slocan_SW2","Slocan","SW2","Anabat_Chorus","Anabat_Chorus",2025-06-18,"MYLU",16,"SM2","Slocan_SW2|2025-06-18"
"5980","Slocan_SW2","Slocan","SW2","Anabat_Chorus","Anabat_Chorus",2025-06-18,"MYSE",0,"SM2","Slocan_SW2|2025-06-18"
"5981","Slocan_SW2","Slocan","SW2","Anabat_Chorus","Anabat_Chorus",2025-06-18,"MYTH",0,"SM2","Slocan_SW2|2025-06-18"
"5982","Slocan_SW2","Slocan","SW2","Anabat_Chorus","Anabat_Chorus",2025-06-18,"MYVO",2,"SM2","Slocan_SW2|2025-06-18"
"5983","Slocan_SW2","Slocan","SW2","Anabat_Chorus","Anabat_Chorus",2025-06-18,"MYYU",10,"SM2","Slocan_SW2|2025-06-18"
"5984","Slocan_SW2","Slocan","SW2","Anabat_Chorus","Anabat_Chorus",2025-06-18,"PAHE",0,"SM2","Slocan_SW2|2025-06-18"
"5985","Slocan_SW2","Slocan","SW2","Anabat_Chorus","Anabat_Chorus",2025-06-19,"ANPA",1,"SM2","Slocan_SW2|2025-06-19"
"5986","Slocan_SW2","Slocan","SW2","Anabat_Chorus","Anabat_Chorus",2025-06-19,"COTO",0,"SM2","Slocan_SW2|2025-06-19"
"5987","Slocan_SW2","Slocan","SW2","Anabat_Chorus","Anabat_Chorus",2025-06-19,"EPFU",4,"SM2","Slocan_SW2|2025-06-19"
"5988","Slocan_SW2","Slocan","SW2","Anabat_Chorus","Anabat_Chorus",2025-06-19,"EUMA",0,"SM2","Slocan_SW2|2025-06-19"
"5989","Slocan_SW2","Slocan","SW2","Anabat_Chorus","Anabat_Chorus",2025-06-19,"LABO",0,"SM2","Slocan_SW2|2025-06-19"
"5990","Slocan_SW2","Slocan","SW2","Anabat_Chorus","Anabat_Chorus",2025-06-19,"LACI",1,"SM2","Slocan_SW2|2025-06-19"
"5991","Slocan_SW2","Slocan","SW2","Anabat_Chorus","Anabat_Chorus",2025-06-19,"LANO",31,"SM2","Slocan_SW2|2025-06-19"
"5992","Slocan_SW2","Slocan","SW2","Anabat_Chorus","Anabat_Chorus",2025-06-19,"MYCA",20,"SM2","Slocan_SW2|2025-06-19"
"5993","Slocan_SW2","Slocan","SW2","Anabat_Chorus","Anabat_Chorus",2025-06-19,"MYCI",0,"SM2","Slocan_SW2|2025-06-19"
"5994","Slocan_SW2","Slocan","SW2","Anabat_Chorus","Anabat_Chorus",2025-06-19,"MYEV",1,"SM2","Slocan_SW2|2025-06-19"
"5995","Slocan_SW2","Slocan","SW2","Anabat_Chorus","Anabat_Chorus",2025-06-19,"MYLU",8,"SM2","Slocan_SW2|2025-06-19"
"5996","Slocan_SW2","Slocan","SW2","Anabat_Chorus","Anabat_Chorus",2025-06-19,"MYSE",1,"SM2","Slocan_SW2|2025-06-19"
"5997","Slocan_SW2","Slocan","SW2","Anabat_Chorus","Anabat_Chorus",2025-06-19,"MYTH",0,"SM2","Slocan_SW2|2025-06-19"
"5998","Slocan_SW2","Slocan","SW2","Anabat_Chorus","Anabat_Chorus",2025-06-19,"MYVO",0,"SM2","Slocan_SW2|2025-06-19"
"5999","Slocan_SW2","Slocan","SW2","Anabat_Chorus","Anabat_Chorus",2025-06-19,"MYYU",12,"SM2","Slocan_SW2|2025-06-19"
"6000","Slocan_SW2","Slocan","SW2","Anabat_Chorus","Anabat_Chorus",2025-06-19,"PAHE",0,"SM2","Slocan_SW2|2025-06-19"
"6001","Slocan_SW2","Slocan","SW2","Anabat_Chorus","Anabat_Chorus",2025-06-20,"ANPA",0,"SM2","Slocan_SW2|2025-06-20"
"6002","Slocan_SW2","Slocan","SW2","Anabat_Chorus","Anabat_Chorus",2025-06-20,"COTO",0,"SM2","Slocan_SW2|2025-06-20"
"6003","Slocan_SW2","Slocan","SW2","Anabat_Chorus","Anabat_Chorus",2025-06-20,"EPFU",0,"SM2","Slocan_SW2|2025-06-20"
"6004","Slocan_SW2","Slocan","SW2","Anabat_Chorus","Anabat_Chorus",2025-06-20,"EUMA",0,"SM2","Slocan_SW2|2025-06-20"
"6005","Slocan_SW2","Slocan","SW2","Anabat_Chorus","Anabat_Chorus",2025-06-20,"LABO",0,"SM2","Slocan_SW2|2025-06-20"
"6006","Slocan_SW2","Slocan","SW2","Anabat_Chorus","Anabat_Chorus",2025-06-20,"LACI",0,"SM2","Slocan_SW2|2025-06-20"
"6007","Slocan_SW2","Slocan","SW2","Anabat_Chorus","Anabat_Chorus",2025-06-20,"LANO",0,"SM2","Slocan_SW2|2025-06-20"
"6008","Slocan_SW2","Slocan","SW2","Anabat_Chorus","Anabat_Chorus",2025-06-20,"MYCA",0,"SM2","Slocan_SW2|2025-06-20"
"6009","Slocan_SW2","Slocan","SW2","Anabat_Chorus","Anabat_Chorus",2025-06-20,"MYCI",0,"SM2","Slocan_SW2|2025-06-20"
"6010","Slocan_SW2","Slocan","SW2","Anabat_Chorus","Anabat_Chorus",2025-06-20,"MYEV",0,"SM2","Slocan_SW2|2025-06-20"
"6011","Slocan_SW2","Slocan","SW2","Anabat_Chorus","Anabat_Chorus",2025-06-20,"MYLU",0,"SM2","Slocan_SW2|2025-06-20"
"6012","Slocan_SW2","Slocan","SW2","Anabat_Chorus","Anabat_Chorus",2025-06-20,"MYSE",0,"SM2","Slocan_SW2|2025-06-20"
"6013","Slocan_SW2","Slocan","SW2","Anabat_Chorus","Anabat_Chorus",2025-06-20,"MYTH",0,"SM2","Slocan_SW2|2025-06-20"
"6014","Slocan_SW2","Slocan","SW2","Anabat_Chorus","Anabat_Chorus",2025-06-20,"MYVO",0,"SM2","Slocan_SW2|2025-06-20"
"6015","Slocan_SW2","Slocan","SW2","Anabat_Chorus","Anabat_Chorus",2025-06-20,"MYYU",1,"SM2","Slocan_SW2|2025-06-20"
"6016","Slocan_SW2","Slocan","SW2","Anabat_Chorus","Anabat_Chorus",2025-06-20,"PAHE",0,"SM2","Slocan_SW2|2025-06-20"
"6017","Slocan_SW2","Slocan","SW2","Anabat_Chorus","Anabat_Chorus",2025-06-21,"ANPA",0,"SM2","Slocan_SW2|2025-06-21"
"6018","Slocan_SW2","Slocan","SW2","Anabat_Chorus","Anabat_Chorus",2025-06-21,"COTO",0,"SM2","Slocan_SW2|2025-06-21"
"6019","Slocan_SW2","Slocan","SW2","Anabat_Chorus","Anabat_Chorus",2025-06-21,"EPFU",0,"SM2","Slocan_SW2|2025-06-21"
"6020","Slocan_SW2","Slocan","SW2","Anabat_Chorus","Anabat_Chorus",2025-06-21,"EUMA",0,"SM2","Slocan_SW2|2025-06-21"
"6021","Slocan_SW2","Slocan","SW2","Anabat_Chorus","Anabat_Chorus",2025-06-21,"LABO",1,"SM2","Slocan_SW2|2025-06-21"
"6022","Slocan_SW2","Slocan","SW2","Anabat_Chorus","Anabat_Chorus",2025-06-21,"LACI",2,"SM2","Slocan_SW2|2025-06-21"
"6023","Slocan_SW2","Slocan","SW2","Anabat_Chorus","Anabat_Chorus",2025-06-21,"LANO",0,"SM2","Slocan_SW2|2025-06-21"
"6024","Slocan_SW2","Slocan","SW2","Anabat_Chorus","Anabat_Chorus",2025-06-21,"MYCA",4,"SM2","Slocan_SW2|2025-06-21"
"6025","Slocan_SW2","Slocan","SW2","Anabat_Chorus","Anabat_Chorus",2025-06-21,"MYCI",0,"SM2","Slocan_SW2|2025-06-21"
"6026","Slocan_SW2","Slocan","SW2","Anabat_Chorus","Anabat_Chorus",2025-06-21,"MYEV",0,"SM2","Slocan_SW2|2025-06-21"
"6027","Slocan_SW2","Slocan","SW2","Anabat_Chorus","Anabat_Chorus",2025-06-21,"MYLU",4,"SM2","Slocan_SW2|2025-06-21"
"6028","Slocan_SW2","Slocan","SW2","Anabat_Chorus","Anabat_Chorus",2025-06-21,"MYSE",0,"SM2","Slocan_SW2|2025-06-21"
"6029","Slocan_SW2","Slocan","SW2","Anabat_Chorus","Anabat_Chorus",2025-06-21,"MYTH",0,"SM2","Slocan_SW2|2025-06-21"
"6030","Slocan_SW2","Slocan","SW2","Anabat_Chorus","Anabat_Chorus",2025-06-21,"MYVO",0,"SM2","Slocan_SW2|2025-06-21"
"6031","Slocan_SW2","Slocan","SW2","Anabat_Chorus","Anabat_Chorus",2025-06-21,"MYYU",11,"SM2","Slocan_SW2|2025-06-21"
"6032","Slocan_SW2","Slocan","SW2","Anabat_Chorus","Anabat_Chorus",2025-06-21,"PAHE",0,"SM2","Slocan_SW2|2025-06-21"
"6033","Slocan_SW2","Slocan","SW2","Anabat_Chorus","Anabat_Chorus",2025-06-22,"ANPA",0,"SM2","Slocan_SW2|2025-06-22"
"6034","Slocan_SW2","Slocan","SW2","Anabat_Chorus","Anabat_Chorus",2025-06-22,"COTO",0,"SM2","Slocan_SW2|2025-06-22"
"6035","Slocan_SW2","Slocan","SW2","Anabat_Chorus","Anabat_Chorus",2025-06-22,"EPFU",0,"SM2","Slocan_SW2|2025-06-22"
"6036","Slocan_SW2","Slocan","SW2","Anabat_Chorus","Anabat_Chorus",2025-06-22,"EUMA",0,"SM2","Slocan_SW2|2025-06-22"
"6037","Slocan_SW2","Slocan","SW2","Anabat_Chorus","Anabat_Chorus",2025-06-22,"LABO",1,"SM2","Slocan_SW2|2025-06-22"
"6038","Slocan_SW2","Slocan","SW2","Anabat_Chorus","Anabat_Chorus",2025-06-22,"LACI",30,"SM2","Slocan_SW2|2025-06-22"
"6039","Slocan_SW2","Slocan","SW2","Anabat_Chorus","Anabat_Chorus",2025-06-22,"LANO",0,"SM2","Slocan_SW2|2025-06-22"
"6040","Slocan_SW2","Slocan","SW2","Anabat_Chorus","Anabat_Chorus",2025-06-22,"MYCA",4,"SM2","Slocan_SW2|2025-06-22"
"6041","Slocan_SW2","Slocan","SW2","Anabat_Chorus","Anabat_Chorus",2025-06-22,"MYCI",0,"SM2","Slocan_SW2|2025-06-22"
"6042","Slocan_SW2","Slocan","SW2","Anabat_Chorus","Anabat_Chorus",2025-06-22,"MYEV",0,"SM2","Slocan_SW2|2025-06-22"
"6043","Slocan_SW2","Slocan","SW2","Anabat_Chorus","Anabat_Chorus",2025-06-22,"MYLU",8,"SM2","Slocan_SW2|2025-06-22"
"6044","Slocan_SW2","Slocan","SW2","Anabat_Chorus","Anabat_Chorus",2025-06-22,"MYSE",0,"SM2","Slocan_SW2|2025-06-22"
"6045","Slocan_SW2","Slocan","SW2","Anabat_Chorus","Anabat_Chorus",2025-06-22,"MYTH",0,"SM2","Slocan_SW2|2025-06-22"
"6046","Slocan_SW2","Slocan","SW2","Anabat_Chorus","Anabat_Chorus",2025-06-22,"MYVO",1,"SM2","Slocan_SW2|2025-06-22"
"6047","Slocan_SW2","Slocan","SW2","Anabat_Chorus","Anabat_Chorus",2025-06-22,"MYYU",7,"SM2","Slocan_SW2|2025-06-22"
"6048","Slocan_SW2","Slocan","SW2","Anabat_Chorus","Anabat_Chorus",2025-06-22,"PAHE",0,"SM2","Slocan_SW2|2025-06-22"
"6049","Spilimancheen_NW","Spilimancheen","NW","Swift","Other_FS",2025-06-15,"ANPA",0,"Swift","Spilimancheen_NW|2025-06-15"
"6050","Spilimancheen_NW","Spilimancheen","NW","Swift","Other_FS",2025-06-15,"COTO",0,"Swift","Spilimancheen_NW|2025-06-15"
"6051","Spilimancheen_NW","Spilimancheen","NW","Swift","Other_FS",2025-06-15,"EPFU",0,"Swift","Spilimancheen_NW|2025-06-15"
"6052","Spilimancheen_NW","Spilimancheen","NW","Swift","Other_FS",2025-06-15,"EUMA",0,"Swift","Spilimancheen_NW|2025-06-15"
"6053","Spilimancheen_NW","Spilimancheen","NW","Swift","Other_FS",2025-06-15,"LABO",1,"Swift","Spilimancheen_NW|2025-06-15"
"6054","Spilimancheen_NW","Spilimancheen","NW","Swift","Other_FS",2025-06-15,"LACI",0,"Swift","Spilimancheen_NW|2025-06-15"
"6055","Spilimancheen_NW","Spilimancheen","NW","Swift","Other_FS",2025-06-15,"LANO",0,"Swift","Spilimancheen_NW|2025-06-15"
"6056","Spilimancheen_NW","Spilimancheen","NW","Swift","Other_FS",2025-06-15,"MYCA",2,"Swift","Spilimancheen_NW|2025-06-15"
"6057","Spilimancheen_NW","Spilimancheen","NW","Swift","Other_FS",2025-06-15,"MYCI",0,"Swift","Spilimancheen_NW|2025-06-15"
"6058","Spilimancheen_NW","Spilimancheen","NW","Swift","Other_FS",2025-06-15,"MYEV",0,"Swift","Spilimancheen_NW|2025-06-15"
"6059","Spilimancheen_NW","Spilimancheen","NW","Swift","Other_FS",2025-06-15,"MYLU",23,"Swift","Spilimancheen_NW|2025-06-15"
"6060","Spilimancheen_NW","Spilimancheen","NW","Swift","Other_FS",2025-06-15,"MYSE",0,"Swift","Spilimancheen_NW|2025-06-15"
"6061","Spilimancheen_NW","Spilimancheen","NW","Swift","Other_FS",2025-06-15,"MYTH",0,"Swift","Spilimancheen_NW|2025-06-15"
"6062","Spilimancheen_NW","Spilimancheen","NW","Swift","Other_FS",2025-06-15,"MYVO",21,"Swift","Spilimancheen_NW|2025-06-15"
"6063","Spilimancheen_NW","Spilimancheen","NW","Swift","Other_FS",2025-06-15,"MYYU",0,"Swift","Spilimancheen_NW|2025-06-15"
"6064","Spilimancheen_NW","Spilimancheen","NW","Swift","Other_FS",2025-06-15,"PAHE",0,"Swift","Spilimancheen_NW|2025-06-15"
"6065","Spilimancheen_NW","Spilimancheen","NW","Swift","Other_FS",2025-06-16,"ANPA",0,"Swift","Spilimancheen_NW|2025-06-16"
"6066","Spilimancheen_NW","Spilimancheen","NW","Swift","Other_FS",2025-06-16,"COTO",0,"Swift","Spilimancheen_NW|2025-06-16"
"6067","Spilimancheen_NW","Spilimancheen","NW","Swift","Other_FS",2025-06-16,"EPFU",0,"Swift","Spilimancheen_NW|2025-06-16"
"6068","Spilimancheen_NW","Spilimancheen","NW","Swift","Other_FS",2025-06-16,"EUMA",0,"Swift","Spilimancheen_NW|2025-06-16"
"6069","Spilimancheen_NW","Spilimancheen","NW","Swift","Other_FS",2025-06-16,"LABO",5,"Swift","Spilimancheen_NW|2025-06-16"
"6070","Spilimancheen_NW","Spilimancheen","NW","Swift","Other_FS",2025-06-16,"LACI",1,"Swift","Spilimancheen_NW|2025-06-16"
"6071","Spilimancheen_NW","Spilimancheen","NW","Swift","Other_FS",2025-06-16,"LANO",0,"Swift","Spilimancheen_NW|2025-06-16"
"6072","Spilimancheen_NW","Spilimancheen","NW","Swift","Other_FS",2025-06-16,"MYCA",7,"Swift","Spilimancheen_NW|2025-06-16"
"6073","Spilimancheen_NW","Spilimancheen","NW","Swift","Other_FS",2025-06-16,"MYCI",0,"Swift","Spilimancheen_NW|2025-06-16"
"6074","Spilimancheen_NW","Spilimancheen","NW","Swift","Other_FS",2025-06-16,"MYEV",0,"Swift","Spilimancheen_NW|2025-06-16"
"6075","Spilimancheen_NW","Spilimancheen","NW","Swift","Other_FS",2025-06-16,"MYLU",322,"Swift","Spilimancheen_NW|2025-06-16"
"6076","Spilimancheen_NW","Spilimancheen","NW","Swift","Other_FS",2025-06-16,"MYSE",1,"Swift","Spilimancheen_NW|2025-06-16"
"6077","Spilimancheen_NW","Spilimancheen","NW","Swift","Other_FS",2025-06-16,"MYTH",0,"Swift","Spilimancheen_NW|2025-06-16"
"6078","Spilimancheen_NW","Spilimancheen","NW","Swift","Other_FS",2025-06-16,"MYVO",45,"Swift","Spilimancheen_NW|2025-06-16"
"6079","Spilimancheen_NW","Spilimancheen","NW","Swift","Other_FS",2025-06-16,"MYYU",0,"Swift","Spilimancheen_NW|2025-06-16"
"6080","Spilimancheen_NW","Spilimancheen","NW","Swift","Other_FS",2025-06-16,"PAHE",0,"Swift","Spilimancheen_NW|2025-06-16"
"6081","Spilimancheen_NW","Spilimancheen","NW","Swift","Other_FS",2025-06-17,"ANPA",0,"Swift","Spilimancheen_NW|2025-06-17"
"6082","Spilimancheen_NW","Spilimancheen","NW","Swift","Other_FS",2025-06-17,"COTO",0,"Swift","Spilimancheen_NW|2025-06-17"
"6083","Spilimancheen_NW","Spilimancheen","NW","Swift","Other_FS",2025-06-17,"EPFU",0,"Swift","Spilimancheen_NW|2025-06-17"
"6084","Spilimancheen_NW","Spilimancheen","NW","Swift","Other_FS",2025-06-17,"EUMA",0,"Swift","Spilimancheen_NW|2025-06-17"
"6085","Spilimancheen_NW","Spilimancheen","NW","Swift","Other_FS",2025-06-17,"LABO",6,"Swift","Spilimancheen_NW|2025-06-17"
"6086","Spilimancheen_NW","Spilimancheen","NW","Swift","Other_FS",2025-06-17,"LACI",2,"Swift","Spilimancheen_NW|2025-06-17"
"6087","Spilimancheen_NW","Spilimancheen","NW","Swift","Other_FS",2025-06-17,"LANO",0,"Swift","Spilimancheen_NW|2025-06-17"
"6088","Spilimancheen_NW","Spilimancheen","NW","Swift","Other_FS",2025-06-17,"MYCA",14,"Swift","Spilimancheen_NW|2025-06-17"
"6089","Spilimancheen_NW","Spilimancheen","NW","Swift","Other_FS",2025-06-17,"MYCI",0,"Swift","Spilimancheen_NW|2025-06-17"
"6090","Spilimancheen_NW","Spilimancheen","NW","Swift","Other_FS",2025-06-17,"MYEV",0,"Swift","Spilimancheen_NW|2025-06-17"
"6091","Spilimancheen_NW","Spilimancheen","NW","Swift","Other_FS",2025-06-17,"MYLU",331,"Swift","Spilimancheen_NW|2025-06-17"
"6092","Spilimancheen_NW","Spilimancheen","NW","Swift","Other_FS",2025-06-17,"MYSE",0,"Swift","Spilimancheen_NW|2025-06-17"
"6093","Spilimancheen_NW","Spilimancheen","NW","Swift","Other_FS",2025-06-17,"MYTH",0,"Swift","Spilimancheen_NW|2025-06-17"
"6094","Spilimancheen_NW","Spilimancheen","NW","Swift","Other_FS",2025-06-17,"MYVO",63,"Swift","Spilimancheen_NW|2025-06-17"
"6095","Spilimancheen_NW","Spilimancheen","NW","Swift","Other_FS",2025-06-17,"MYYU",0,"Swift","Spilimancheen_NW|2025-06-17"
"6096","Spilimancheen_NW","Spilimancheen","NW","Swift","Other_FS",2025-06-17,"PAHE",0,"Swift","Spilimancheen_NW|2025-06-17"
"6097","Spilimancheen_NW","Spilimancheen","NW","Swift","Other_FS",2025-06-18,"ANPA",0,"Swift","Spilimancheen_NW|2025-06-18"
"6098","Spilimancheen_NW","Spilimancheen","NW","Swift","Other_FS",2025-06-18,"COTO",0,"Swift","Spilimancheen_NW|2025-06-18"
"6099","Spilimancheen_NW","Spilimancheen","NW","Swift","Other_FS",2025-06-18,"EPFU",0,"Swift","Spilimancheen_NW|2025-06-18"
"6100","Spilimancheen_NW","Spilimancheen","NW","Swift","Other_FS",2025-06-18,"EUMA",0,"Swift","Spilimancheen_NW|2025-06-18"
"6101","Spilimancheen_NW","Spilimancheen","NW","Swift","Other_FS",2025-06-18,"LABO",1,"Swift","Spilimancheen_NW|2025-06-18"
"6102","Spilimancheen_NW","Spilimancheen","NW","Swift","Other_FS",2025-06-18,"LACI",0,"Swift","Spilimancheen_NW|2025-06-18"
"6103","Spilimancheen_NW","Spilimancheen","NW","Swift","Other_FS",2025-06-18,"LANO",0,"Swift","Spilimancheen_NW|2025-06-18"
"6104","Spilimancheen_NW","Spilimancheen","NW","Swift","Other_FS",2025-06-18,"MYCA",32,"Swift","Spilimancheen_NW|2025-06-18"
"6105","Spilimancheen_NW","Spilimancheen","NW","Swift","Other_FS",2025-06-18,"MYCI",0,"Swift","Spilimancheen_NW|2025-06-18"
"6106","Spilimancheen_NW","Spilimancheen","NW","Swift","Other_FS",2025-06-18,"MYEV",0,"Swift","Spilimancheen_NW|2025-06-18"
"6107","Spilimancheen_NW","Spilimancheen","NW","Swift","Other_FS",2025-06-18,"MYLU",127,"Swift","Spilimancheen_NW|2025-06-18"
"6108","Spilimancheen_NW","Spilimancheen","NW","Swift","Other_FS",2025-06-18,"MYSE",0,"Swift","Spilimancheen_NW|2025-06-18"
"6109","Spilimancheen_NW","Spilimancheen","NW","Swift","Other_FS",2025-06-18,"MYTH",0,"Swift","Spilimancheen_NW|2025-06-18"
"6110","Spilimancheen_NW","Spilimancheen","NW","Swift","Other_FS",2025-06-18,"MYVO",60,"Swift","Spilimancheen_NW|2025-06-18"
"6111","Spilimancheen_NW","Spilimancheen","NW","Swift","Other_FS",2025-06-18,"MYYU",2,"Swift","Spilimancheen_NW|2025-06-18"
"6112","Spilimancheen_NW","Spilimancheen","NW","Swift","Other_FS",2025-06-18,"PAHE",0,"Swift","Spilimancheen_NW|2025-06-18"
"6113","Spilimancheen_NW","Spilimancheen","NW","Swift","Other_FS",2025-06-19,"ANPA",0,"Swift","Spilimancheen_NW|2025-06-19"
"6114","Spilimancheen_NW","Spilimancheen","NW","Swift","Other_FS",2025-06-19,"COTO",0,"Swift","Spilimancheen_NW|2025-06-19"
"6115","Spilimancheen_NW","Spilimancheen","NW","Swift","Other_FS",2025-06-19,"EPFU",0,"Swift","Spilimancheen_NW|2025-06-19"
"6116","Spilimancheen_NW","Spilimancheen","NW","Swift","Other_FS",2025-06-19,"EUMA",0,"Swift","Spilimancheen_NW|2025-06-19"
"6117","Spilimancheen_NW","Spilimancheen","NW","Swift","Other_FS",2025-06-19,"LABO",11,"Swift","Spilimancheen_NW|2025-06-19"
"6118","Spilimancheen_NW","Spilimancheen","NW","Swift","Other_FS",2025-06-19,"LACI",0,"Swift","Spilimancheen_NW|2025-06-19"
"6119","Spilimancheen_NW","Spilimancheen","NW","Swift","Other_FS",2025-06-19,"LANO",1,"Swift","Spilimancheen_NW|2025-06-19"
"6120","Spilimancheen_NW","Spilimancheen","NW","Swift","Other_FS",2025-06-19,"MYCA",73,"Swift","Spilimancheen_NW|2025-06-19"
"6121","Spilimancheen_NW","Spilimancheen","NW","Swift","Other_FS",2025-06-19,"MYCI",0,"Swift","Spilimancheen_NW|2025-06-19"
"6122","Spilimancheen_NW","Spilimancheen","NW","Swift","Other_FS",2025-06-19,"MYEV",1,"Swift","Spilimancheen_NW|2025-06-19"
"6123","Spilimancheen_NW","Spilimancheen","NW","Swift","Other_FS",2025-06-19,"MYLU",438,"Swift","Spilimancheen_NW|2025-06-19"
"6124","Spilimancheen_NW","Spilimancheen","NW","Swift","Other_FS",2025-06-19,"MYSE",1,"Swift","Spilimancheen_NW|2025-06-19"
"6125","Spilimancheen_NW","Spilimancheen","NW","Swift","Other_FS",2025-06-19,"MYTH",0,"Swift","Spilimancheen_NW|2025-06-19"
"6126","Spilimancheen_NW","Spilimancheen","NW","Swift","Other_FS",2025-06-19,"MYVO",139,"Swift","Spilimancheen_NW|2025-06-19"
"6127","Spilimancheen_NW","Spilimancheen","NW","Swift","Other_FS",2025-06-19,"MYYU",2,"Swift","Spilimancheen_NW|2025-06-19"
"6128","Spilimancheen_NW","Spilimancheen","NW","Swift","Other_FS",2025-06-19,"PAHE",0,"Swift","Spilimancheen_NW|2025-06-19"
"6129","Spilimancheen_NW","Spilimancheen","NW","Swift","Other_FS",2025-06-22,"ANPA",0,"Swift","Spilimancheen_NW|2025-06-22"
"6130","Spilimancheen_NW","Spilimancheen","NW","Swift","Other_FS",2025-06-22,"COTO",0,"Swift","Spilimancheen_NW|2025-06-22"
"6131","Spilimancheen_NW","Spilimancheen","NW","Swift","Other_FS",2025-06-22,"EPFU",1,"Swift","Spilimancheen_NW|2025-06-22"
"6132","Spilimancheen_NW","Spilimancheen","NW","Swift","Other_FS",2025-06-22,"EUMA",0,"Swift","Spilimancheen_NW|2025-06-22"
"6133","Spilimancheen_NW","Spilimancheen","NW","Swift","Other_FS",2025-06-22,"LABO",1,"Swift","Spilimancheen_NW|2025-06-22"
"6134","Spilimancheen_NW","Spilimancheen","NW","Swift","Other_FS",2025-06-22,"LACI",0,"Swift","Spilimancheen_NW|2025-06-22"
"6135","Spilimancheen_NW","Spilimancheen","NW","Swift","Other_FS",2025-06-22,"LANO",0,"Swift","Spilimancheen_NW|2025-06-22"
"6136","Spilimancheen_NW","Spilimancheen","NW","Swift","Other_FS",2025-06-22,"MYCA",2,"Swift","Spilimancheen_NW|2025-06-22"
"6137","Spilimancheen_NW","Spilimancheen","NW","Swift","Other_FS",2025-06-22,"MYCI",0,"Swift","Spilimancheen_NW|2025-06-22"
"6138","Spilimancheen_NW","Spilimancheen","NW","Swift","Other_FS",2025-06-22,"MYEV",0,"Swift","Spilimancheen_NW|2025-06-22"
"6139","Spilimancheen_NW","Spilimancheen","NW","Swift","Other_FS",2025-06-22,"MYLU",36,"Swift","Spilimancheen_NW|2025-06-22"
"6140","Spilimancheen_NW","Spilimancheen","NW","Swift","Other_FS",2025-06-22,"MYSE",3,"Swift","Spilimancheen_NW|2025-06-22"
"6141","Spilimancheen_NW","Spilimancheen","NW","Swift","Other_FS",2025-06-22,"MYTH",0,"Swift","Spilimancheen_NW|2025-06-22"
"6142","Spilimancheen_NW","Spilimancheen","NW","Swift","Other_FS",2025-06-22,"MYVO",70,"Swift","Spilimancheen_NW|2025-06-22"
"6143","Spilimancheen_NW","Spilimancheen","NW","Swift","Other_FS",2025-06-22,"MYYU",1,"Swift","Spilimancheen_NW|2025-06-22"
"6144","Spilimancheen_NW","Spilimancheen","NW","Swift","Other_FS",2025-06-22,"PAHE",0,"Swift","Spilimancheen_NW|2025-06-22"
"6145","Spilimancheen_NW","Spilimancheen","NW","Swift","Other_FS",2025-06-24,"ANPA",0,"Swift","Spilimancheen_NW|2025-06-24"
"6146","Spilimancheen_NW","Spilimancheen","NW","Swift","Other_FS",2025-06-24,"COTO",0,"Swift","Spilimancheen_NW|2025-06-24"
"6147","Spilimancheen_NW","Spilimancheen","NW","Swift","Other_FS",2025-06-24,"EPFU",1,"Swift","Spilimancheen_NW|2025-06-24"
"6148","Spilimancheen_NW","Spilimancheen","NW","Swift","Other_FS",2025-06-24,"EUMA",0,"Swift","Spilimancheen_NW|2025-06-24"
"6149","Spilimancheen_NW","Spilimancheen","NW","Swift","Other_FS",2025-06-24,"LABO",3,"Swift","Spilimancheen_NW|2025-06-24"
"6150","Spilimancheen_NW","Spilimancheen","NW","Swift","Other_FS",2025-06-24,"LACI",3,"Swift","Spilimancheen_NW|2025-06-24"
"6151","Spilimancheen_NW","Spilimancheen","NW","Swift","Other_FS",2025-06-24,"LANO",2,"Swift","Spilimancheen_NW|2025-06-24"
"6152","Spilimancheen_NW","Spilimancheen","NW","Swift","Other_FS",2025-06-24,"MYCA",26,"Swift","Spilimancheen_NW|2025-06-24"
"6153","Spilimancheen_NW","Spilimancheen","NW","Swift","Other_FS",2025-06-24,"MYCI",0,"Swift","Spilimancheen_NW|2025-06-24"
"6154","Spilimancheen_NW","Spilimancheen","NW","Swift","Other_FS",2025-06-24,"MYEV",0,"Swift","Spilimancheen_NW|2025-06-24"
"6155","Spilimancheen_NW","Spilimancheen","NW","Swift","Other_FS",2025-06-24,"MYLU",354,"Swift","Spilimancheen_NW|2025-06-24"
"6156","Spilimancheen_NW","Spilimancheen","NW","Swift","Other_FS",2025-06-24,"MYSE",0,"Swift","Spilimancheen_NW|2025-06-24"
"6157","Spilimancheen_NW","Spilimancheen","NW","Swift","Other_FS",2025-06-24,"MYTH",0,"Swift","Spilimancheen_NW|2025-06-24"
"6158","Spilimancheen_NW","Spilimancheen","NW","Swift","Other_FS",2025-06-24,"MYVO",52,"Swift","Spilimancheen_NW|2025-06-24"
"6159","Spilimancheen_NW","Spilimancheen","NW","Swift","Other_FS",2025-06-24,"MYYU",4,"Swift","Spilimancheen_NW|2025-06-24"
"6160","Spilimancheen_NW","Spilimancheen","NW","Swift","Other_FS",2025-06-24,"PAHE",0,"Swift","Spilimancheen_NW|2025-06-24"
"6161","Spilimancheen_NW","Spilimancheen","NW","Anabat_Chorus","Anabat_Chorus",2025-06-15,"ANPA",0,"Swift","Spilimancheen_NW|2025-06-15"
"6162","Spilimancheen_NW","Spilimancheen","NW","Anabat_Chorus","Anabat_Chorus",2025-06-15,"COTO",0,"Swift","Spilimancheen_NW|2025-06-15"
"6163","Spilimancheen_NW","Spilimancheen","NW","Anabat_Chorus","Anabat_Chorus",2025-06-15,"EPFU",6,"Swift","Spilimancheen_NW|2025-06-15"
"6164","Spilimancheen_NW","Spilimancheen","NW","Anabat_Chorus","Anabat_Chorus",2025-06-15,"EUMA",0,"Swift","Spilimancheen_NW|2025-06-15"
"6165","Spilimancheen_NW","Spilimancheen","NW","Anabat_Chorus","Anabat_Chorus",2025-06-15,"LABO",0,"Swift","Spilimancheen_NW|2025-06-15"
"6166","Spilimancheen_NW","Spilimancheen","NW","Anabat_Chorus","Anabat_Chorus",2025-06-15,"LACI",6,"Swift","Spilimancheen_NW|2025-06-15"
"6167","Spilimancheen_NW","Spilimancheen","NW","Anabat_Chorus","Anabat_Chorus",2025-06-15,"LANO",0,"Swift","Spilimancheen_NW|2025-06-15"
"6168","Spilimancheen_NW","Spilimancheen","NW","Anabat_Chorus","Anabat_Chorus",2025-06-15,"MYCA",0,"Swift","Spilimancheen_NW|2025-06-15"
"6169","Spilimancheen_NW","Spilimancheen","NW","Anabat_Chorus","Anabat_Chorus",2025-06-15,"MYCI",0,"Swift","Spilimancheen_NW|2025-06-15"
"6170","Spilimancheen_NW","Spilimancheen","NW","Anabat_Chorus","Anabat_Chorus",2025-06-15,"MYEV",1,"Swift","Spilimancheen_NW|2025-06-15"
"6171","Spilimancheen_NW","Spilimancheen","NW","Anabat_Chorus","Anabat_Chorus",2025-06-15,"MYLU",42,"Swift","Spilimancheen_NW|2025-06-15"
"6172","Spilimancheen_NW","Spilimancheen","NW","Anabat_Chorus","Anabat_Chorus",2025-06-15,"MYSE",2,"Swift","Spilimancheen_NW|2025-06-15"
"6173","Spilimancheen_NW","Spilimancheen","NW","Anabat_Chorus","Anabat_Chorus",2025-06-15,"MYTH",0,"Swift","Spilimancheen_NW|2025-06-15"
"6174","Spilimancheen_NW","Spilimancheen","NW","Anabat_Chorus","Anabat_Chorus",2025-06-15,"MYVO",0,"Swift","Spilimancheen_NW|2025-06-15"
"6175","Spilimancheen_NW","Spilimancheen","NW","Anabat_Chorus","Anabat_Chorus",2025-06-15,"MYYU",0,"Swift","Spilimancheen_NW|2025-06-15"
"6176","Spilimancheen_NW","Spilimancheen","NW","Anabat_Chorus","Anabat_Chorus",2025-06-15,"PAHE",0,"Swift","Spilimancheen_NW|2025-06-15"
"6177","Spilimancheen_NW","Spilimancheen","NW","Anabat_Chorus","Anabat_Chorus",2025-06-16,"ANPA",0,"Swift","Spilimancheen_NW|2025-06-16"
"6178","Spilimancheen_NW","Spilimancheen","NW","Anabat_Chorus","Anabat_Chorus",2025-06-16,"COTO",0,"Swift","Spilimancheen_NW|2025-06-16"
"6179","Spilimancheen_NW","Spilimancheen","NW","Anabat_Chorus","Anabat_Chorus",2025-06-16,"EPFU",4,"Swift","Spilimancheen_NW|2025-06-16"
"6180","Spilimancheen_NW","Spilimancheen","NW","Anabat_Chorus","Anabat_Chorus",2025-06-16,"EUMA",0,"Swift","Spilimancheen_NW|2025-06-16"
"6181","Spilimancheen_NW","Spilimancheen","NW","Anabat_Chorus","Anabat_Chorus",2025-06-16,"LABO",4,"Swift","Spilimancheen_NW|2025-06-16"
"6182","Spilimancheen_NW","Spilimancheen","NW","Anabat_Chorus","Anabat_Chorus",2025-06-16,"LACI",2,"Swift","Spilimancheen_NW|2025-06-16"
"6183","Spilimancheen_NW","Spilimancheen","NW","Anabat_Chorus","Anabat_Chorus",2025-06-16,"LANO",3,"Swift","Spilimancheen_NW|2025-06-16"
"6184","Spilimancheen_NW","Spilimancheen","NW","Anabat_Chorus","Anabat_Chorus",2025-06-16,"MYCA",3,"Swift","Spilimancheen_NW|2025-06-16"
"6185","Spilimancheen_NW","Spilimancheen","NW","Anabat_Chorus","Anabat_Chorus",2025-06-16,"MYCI",0,"Swift","Spilimancheen_NW|2025-06-16"
"6186","Spilimancheen_NW","Spilimancheen","NW","Anabat_Chorus","Anabat_Chorus",2025-06-16,"MYEV",1,"Swift","Spilimancheen_NW|2025-06-16"
"6187","Spilimancheen_NW","Spilimancheen","NW","Anabat_Chorus","Anabat_Chorus",2025-06-16,"MYLU",66,"Swift","Spilimancheen_NW|2025-06-16"
"6188","Spilimancheen_NW","Spilimancheen","NW","Anabat_Chorus","Anabat_Chorus",2025-06-16,"MYSE",2,"Swift","Spilimancheen_NW|2025-06-16"
"6189","Spilimancheen_NW","Spilimancheen","NW","Anabat_Chorus","Anabat_Chorus",2025-06-16,"MYTH",0,"Swift","Spilimancheen_NW|2025-06-16"
"6190","Spilimancheen_NW","Spilimancheen","NW","Anabat_Chorus","Anabat_Chorus",2025-06-16,"MYVO",5,"Swift","Spilimancheen_NW|2025-06-16"
"6191","Spilimancheen_NW","Spilimancheen","NW","Anabat_Chorus","Anabat_Chorus",2025-06-16,"MYYU",0,"Swift","Spilimancheen_NW|2025-06-16"
"6192","Spilimancheen_NW","Spilimancheen","NW","Anabat_Chorus","Anabat_Chorus",2025-06-16,"PAHE",0,"Swift","Spilimancheen_NW|2025-06-16"
"6193","Spilimancheen_NW","Spilimancheen","NW","Anabat_Chorus","Anabat_Chorus",2025-06-17,"ANPA",2,"Swift","Spilimancheen_NW|2025-06-17"
"6194","Spilimancheen_NW","Spilimancheen","NW","Anabat_Chorus","Anabat_Chorus",2025-06-17,"COTO",0,"Swift","Spilimancheen_NW|2025-06-17"
"6195","Spilimancheen_NW","Spilimancheen","NW","Anabat_Chorus","Anabat_Chorus",2025-06-17,"EPFU",8,"Swift","Spilimancheen_NW|2025-06-17"
"6196","Spilimancheen_NW","Spilimancheen","NW","Anabat_Chorus","Anabat_Chorus",2025-06-17,"EUMA",0,"Swift","Spilimancheen_NW|2025-06-17"
"6197","Spilimancheen_NW","Spilimancheen","NW","Anabat_Chorus","Anabat_Chorus",2025-06-17,"LABO",2,"Swift","Spilimancheen_NW|2025-06-17"
"6198","Spilimancheen_NW","Spilimancheen","NW","Anabat_Chorus","Anabat_Chorus",2025-06-17,"LACI",5,"Swift","Spilimancheen_NW|2025-06-17"
"6199","Spilimancheen_NW","Spilimancheen","NW","Anabat_Chorus","Anabat_Chorus",2025-06-17,"LANO",2,"Swift","Spilimancheen_NW|2025-06-17"
"6200","Spilimancheen_NW","Spilimancheen","NW","Anabat_Chorus","Anabat_Chorus",2025-06-17,"MYCA",1,"Swift","Spilimancheen_NW|2025-06-17"
"6201","Spilimancheen_NW","Spilimancheen","NW","Anabat_Chorus","Anabat_Chorus",2025-06-17,"MYCI",0,"Swift","Spilimancheen_NW|2025-06-17"
"6202","Spilimancheen_NW","Spilimancheen","NW","Anabat_Chorus","Anabat_Chorus",2025-06-17,"MYEV",2,"Swift","Spilimancheen_NW|2025-06-17"
"6203","Spilimancheen_NW","Spilimancheen","NW","Anabat_Chorus","Anabat_Chorus",2025-06-17,"MYLU",82,"Swift","Spilimancheen_NW|2025-06-17"
"6204","Spilimancheen_NW","Spilimancheen","NW","Anabat_Chorus","Anabat_Chorus",2025-06-17,"MYSE",0,"Swift","Spilimancheen_NW|2025-06-17"
"6205","Spilimancheen_NW","Spilimancheen","NW","Anabat_Chorus","Anabat_Chorus",2025-06-17,"MYTH",0,"Swift","Spilimancheen_NW|2025-06-17"
"6206","Spilimancheen_NW","Spilimancheen","NW","Anabat_Chorus","Anabat_Chorus",2025-06-17,"MYVO",5,"Swift","Spilimancheen_NW|2025-06-17"
"6207","Spilimancheen_NW","Spilimancheen","NW","Anabat_Chorus","Anabat_Chorus",2025-06-17,"MYYU",0,"Swift","Spilimancheen_NW|2025-06-17"
"6208","Spilimancheen_NW","Spilimancheen","NW","Anabat_Chorus","Anabat_Chorus",2025-06-17,"PAHE",0,"Swift","Spilimancheen_NW|2025-06-17"
"6209","Spilimancheen_NW","Spilimancheen","NW","Anabat_Chorus","Anabat_Chorus",2025-06-18,"ANPA",0,"Swift","Spilimancheen_NW|2025-06-18"
"6210","Spilimancheen_NW","Spilimancheen","NW","Anabat_Chorus","Anabat_Chorus",2025-06-18,"COTO",0,"Swift","Spilimancheen_NW|2025-06-18"
"6211","Spilimancheen_NW","Spilimancheen","NW","Anabat_Chorus","Anabat_Chorus",2025-06-18,"EPFU",4,"Swift","Spilimancheen_NW|2025-06-18"
"6212","Spilimancheen_NW","Spilimancheen","NW","Anabat_Chorus","Anabat_Chorus",2025-06-18,"EUMA",0,"Swift","Spilimancheen_NW|2025-06-18"
"6213","Spilimancheen_NW","Spilimancheen","NW","Anabat_Chorus","Anabat_Chorus",2025-06-18,"LABO",0,"Swift","Spilimancheen_NW|2025-06-18"
"6214","Spilimancheen_NW","Spilimancheen","NW","Anabat_Chorus","Anabat_Chorus",2025-06-18,"LACI",1,"Swift","Spilimancheen_NW|2025-06-18"
"6215","Spilimancheen_NW","Spilimancheen","NW","Anabat_Chorus","Anabat_Chorus",2025-06-18,"LANO",1,"Swift","Spilimancheen_NW|2025-06-18"
"6216","Spilimancheen_NW","Spilimancheen","NW","Anabat_Chorus","Anabat_Chorus",2025-06-18,"MYCA",5,"Swift","Spilimancheen_NW|2025-06-18"
"6217","Spilimancheen_NW","Spilimancheen","NW","Anabat_Chorus","Anabat_Chorus",2025-06-18,"MYCI",0,"Swift","Spilimancheen_NW|2025-06-18"
"6218","Spilimancheen_NW","Spilimancheen","NW","Anabat_Chorus","Anabat_Chorus",2025-06-18,"MYEV",0,"Swift","Spilimancheen_NW|2025-06-18"
"6219","Spilimancheen_NW","Spilimancheen","NW","Anabat_Chorus","Anabat_Chorus",2025-06-18,"MYLU",212,"Swift","Spilimancheen_NW|2025-06-18"
"6220","Spilimancheen_NW","Spilimancheen","NW","Anabat_Chorus","Anabat_Chorus",2025-06-18,"MYSE",3,"Swift","Spilimancheen_NW|2025-06-18"
"6221","Spilimancheen_NW","Spilimancheen","NW","Anabat_Chorus","Anabat_Chorus",2025-06-18,"MYTH",0,"Swift","Spilimancheen_NW|2025-06-18"
"6222","Spilimancheen_NW","Spilimancheen","NW","Anabat_Chorus","Anabat_Chorus",2025-06-18,"MYVO",14,"Swift","Spilimancheen_NW|2025-06-18"
"6223","Spilimancheen_NW","Spilimancheen","NW","Anabat_Chorus","Anabat_Chorus",2025-06-18,"MYYU",0,"Swift","Spilimancheen_NW|2025-06-18"
"6224","Spilimancheen_NW","Spilimancheen","NW","Anabat_Chorus","Anabat_Chorus",2025-06-18,"PAHE",0,"Swift","Spilimancheen_NW|2025-06-18"
"6225","Spilimancheen_NW","Spilimancheen","NW","Anabat_Chorus","Anabat_Chorus",2025-06-19,"ANPA",0,"Swift","Spilimancheen_NW|2025-06-19"
"6226","Spilimancheen_NW","Spilimancheen","NW","Anabat_Chorus","Anabat_Chorus",2025-06-19,"COTO",0,"Swift","Spilimancheen_NW|2025-06-19"
"6227","Spilimancheen_NW","Spilimancheen","NW","Anabat_Chorus","Anabat_Chorus",2025-06-19,"EPFU",10,"Swift","Spilimancheen_NW|2025-06-19"
"6228","Spilimancheen_NW","Spilimancheen","NW","Anabat_Chorus","Anabat_Chorus",2025-06-19,"EUMA",0,"Swift","Spilimancheen_NW|2025-06-19"
"6229","Spilimancheen_NW","Spilimancheen","NW","Anabat_Chorus","Anabat_Chorus",2025-06-19,"LABO",0,"Swift","Spilimancheen_NW|2025-06-19"
"6230","Spilimancheen_NW","Spilimancheen","NW","Anabat_Chorus","Anabat_Chorus",2025-06-19,"LACI",22,"Swift","Spilimancheen_NW|2025-06-19"
"6231","Spilimancheen_NW","Spilimancheen","NW","Anabat_Chorus","Anabat_Chorus",2025-06-19,"LANO",16,"Swift","Spilimancheen_NW|2025-06-19"
"6232","Spilimancheen_NW","Spilimancheen","NW","Anabat_Chorus","Anabat_Chorus",2025-06-19,"MYCA",9,"Swift","Spilimancheen_NW|2025-06-19"
"6233","Spilimancheen_NW","Spilimancheen","NW","Anabat_Chorus","Anabat_Chorus",2025-06-19,"MYCI",0,"Swift","Spilimancheen_NW|2025-06-19"
"6234","Spilimancheen_NW","Spilimancheen","NW","Anabat_Chorus","Anabat_Chorus",2025-06-19,"MYEV",2,"Swift","Spilimancheen_NW|2025-06-19"
"6235","Spilimancheen_NW","Spilimancheen","NW","Anabat_Chorus","Anabat_Chorus",2025-06-19,"MYLU",498,"Swift","Spilimancheen_NW|2025-06-19"
"6236","Spilimancheen_NW","Spilimancheen","NW","Anabat_Chorus","Anabat_Chorus",2025-06-19,"MYSE",1,"Swift","Spilimancheen_NW|2025-06-19"
"6237","Spilimancheen_NW","Spilimancheen","NW","Anabat_Chorus","Anabat_Chorus",2025-06-19,"MYTH",0,"Swift","Spilimancheen_NW|2025-06-19"
"6238","Spilimancheen_NW","Spilimancheen","NW","Anabat_Chorus","Anabat_Chorus",2025-06-19,"MYVO",15,"Swift","Spilimancheen_NW|2025-06-19"
"6239","Spilimancheen_NW","Spilimancheen","NW","Anabat_Chorus","Anabat_Chorus",2025-06-19,"MYYU",1,"Swift","Spilimancheen_NW|2025-06-19"
"6240","Spilimancheen_NW","Spilimancheen","NW","Anabat_Chorus","Anabat_Chorus",2025-06-19,"PAHE",0,"Swift","Spilimancheen_NW|2025-06-19"
"6241","Spilimancheen_NW","Spilimancheen","NW","Anabat_Chorus","Anabat_Chorus",2025-06-22,"ANPA",0,"Swift","Spilimancheen_NW|2025-06-22"
"6242","Spilimancheen_NW","Spilimancheen","NW","Anabat_Chorus","Anabat_Chorus",2025-06-22,"COTO",0,"Swift","Spilimancheen_NW|2025-06-22"
"6243","Spilimancheen_NW","Spilimancheen","NW","Anabat_Chorus","Anabat_Chorus",2025-06-22,"EPFU",0,"Swift","Spilimancheen_NW|2025-06-22"
"6244","Spilimancheen_NW","Spilimancheen","NW","Anabat_Chorus","Anabat_Chorus",2025-06-22,"EUMA",0,"Swift","Spilimancheen_NW|2025-06-22"
"6245","Spilimancheen_NW","Spilimancheen","NW","Anabat_Chorus","Anabat_Chorus",2025-06-22,"LABO",0,"Swift","Spilimancheen_NW|2025-06-22"
"6246","Spilimancheen_NW","Spilimancheen","NW","Anabat_Chorus","Anabat_Chorus",2025-06-22,"LACI",0,"Swift","Spilimancheen_NW|2025-06-22"
"6247","Spilimancheen_NW","Spilimancheen","NW","Anabat_Chorus","Anabat_Chorus",2025-06-22,"LANO",0,"Swift","Spilimancheen_NW|2025-06-22"
"6248","Spilimancheen_NW","Spilimancheen","NW","Anabat_Chorus","Anabat_Chorus",2025-06-22,"MYCA",0,"Swift","Spilimancheen_NW|2025-06-22"
"6249","Spilimancheen_NW","Spilimancheen","NW","Anabat_Chorus","Anabat_Chorus",2025-06-22,"MYCI",0,"Swift","Spilimancheen_NW|2025-06-22"
"6250","Spilimancheen_NW","Spilimancheen","NW","Anabat_Chorus","Anabat_Chorus",2025-06-22,"MYEV",0,"Swift","Spilimancheen_NW|2025-06-22"
"6251","Spilimancheen_NW","Spilimancheen","NW","Anabat_Chorus","Anabat_Chorus",2025-06-22,"MYLU",1,"Swift","Spilimancheen_NW|2025-06-22"
"6252","Spilimancheen_NW","Spilimancheen","NW","Anabat_Chorus","Anabat_Chorus",2025-06-22,"MYSE",0,"Swift","Spilimancheen_NW|2025-06-22"
"6253","Spilimancheen_NW","Spilimancheen","NW","Anabat_Chorus","Anabat_Chorus",2025-06-22,"MYTH",0,"Swift","Spilimancheen_NW|2025-06-22"
"6254","Spilimancheen_NW","Spilimancheen","NW","Anabat_Chorus","Anabat_Chorus",2025-06-22,"MYVO",0,"Swift","Spilimancheen_NW|2025-06-22"
"6255","Spilimancheen_NW","Spilimancheen","NW","Anabat_Chorus","Anabat_Chorus",2025-06-22,"MYYU",0,"Swift","Spilimancheen_NW|2025-06-22"
"6256","Spilimancheen_NW","Spilimancheen","NW","Anabat_Chorus","Anabat_Chorus",2025-06-22,"PAHE",0,"Swift","Spilimancheen_NW|2025-06-22"
"6257","Spilimancheen_NW","Spilimancheen","NW","Anabat_Chorus","Anabat_Chorus",2025-06-24,"ANPA",0,"Swift","Spilimancheen_NW|2025-06-24"
"6258","Spilimancheen_NW","Spilimancheen","NW","Anabat_Chorus","Anabat_Chorus",2025-06-24,"COTO",0,"Swift","Spilimancheen_NW|2025-06-24"
"6259","Spilimancheen_NW","Spilimancheen","NW","Anabat_Chorus","Anabat_Chorus",2025-06-24,"EPFU",4,"Swift","Spilimancheen_NW|2025-06-24"
"6260","Spilimancheen_NW","Spilimancheen","NW","Anabat_Chorus","Anabat_Chorus",2025-06-24,"EUMA",0,"Swift","Spilimancheen_NW|2025-06-24"
"6261","Spilimancheen_NW","Spilimancheen","NW","Anabat_Chorus","Anabat_Chorus",2025-06-24,"LABO",0,"Swift","Spilimancheen_NW|2025-06-24"
"6262","Spilimancheen_NW","Spilimancheen","NW","Anabat_Chorus","Anabat_Chorus",2025-06-24,"LACI",0,"Swift","Spilimancheen_NW|2025-06-24"
"6263","Spilimancheen_NW","Spilimancheen","NW","Anabat_Chorus","Anabat_Chorus",2025-06-24,"LANO",0,"Swift","Spilimancheen_NW|2025-06-24"
"6264","Spilimancheen_NW","Spilimancheen","NW","Anabat_Chorus","Anabat_Chorus",2025-06-24,"MYCA",4,"Swift","Spilimancheen_NW|2025-06-24"
"6265","Spilimancheen_NW","Spilimancheen","NW","Anabat_Chorus","Anabat_Chorus",2025-06-24,"MYCI",0,"Swift","Spilimancheen_NW|2025-06-24"
"6266","Spilimancheen_NW","Spilimancheen","NW","Anabat_Chorus","Anabat_Chorus",2025-06-24,"MYEV",2,"Swift","Spilimancheen_NW|2025-06-24"
"6267","Spilimancheen_NW","Spilimancheen","NW","Anabat_Chorus","Anabat_Chorus",2025-06-24,"MYLU",53,"Swift","Spilimancheen_NW|2025-06-24"
"6268","Spilimancheen_NW","Spilimancheen","NW","Anabat_Chorus","Anabat_Chorus",2025-06-24,"MYSE",1,"Swift","Spilimancheen_NW|2025-06-24"
"6269","Spilimancheen_NW","Spilimancheen","NW","Anabat_Chorus","Anabat_Chorus",2025-06-24,"MYTH",0,"Swift","Spilimancheen_NW|2025-06-24"
"6270","Spilimancheen_NW","Spilimancheen","NW","Anabat_Chorus","Anabat_Chorus",2025-06-24,"MYVO",2,"Swift","Spilimancheen_NW|2025-06-24"
"6271","Spilimancheen_NW","Spilimancheen","NW","Anabat_Chorus","Anabat_Chorus",2025-06-24,"MYYU",0,"Swift","Spilimancheen_NW|2025-06-24"
"6272","Spilimancheen_NW","Spilimancheen","NW","Anabat_Chorus","Anabat_Chorus",2025-06-24,"PAHE",0,"Swift","Spilimancheen_NW|2025-06-24"
"6273","Spilimancheen_SW","Spilimancheen","SW","Swift","Other_FS",2025-06-15,"ANPA",0,"Swift","Spilimancheen_SW|2025-06-15"
"6274","Spilimancheen_SW","Spilimancheen","SW","Swift","Other_FS",2025-06-15,"COTO",0,"Swift","Spilimancheen_SW|2025-06-15"
"6275","Spilimancheen_SW","Spilimancheen","SW","Swift","Other_FS",2025-06-15,"EPFU",4,"Swift","Spilimancheen_SW|2025-06-15"
"6276","Spilimancheen_SW","Spilimancheen","SW","Swift","Other_FS",2025-06-15,"EUMA",0,"Swift","Spilimancheen_SW|2025-06-15"
"6277","Spilimancheen_SW","Spilimancheen","SW","Swift","Other_FS",2025-06-15,"LABO",0,"Swift","Spilimancheen_SW|2025-06-15"
"6278","Spilimancheen_SW","Spilimancheen","SW","Swift","Other_FS",2025-06-15,"LACI",12,"Swift","Spilimancheen_SW|2025-06-15"
"6279","Spilimancheen_SW","Spilimancheen","SW","Swift","Other_FS",2025-06-15,"LANO",0,"Swift","Spilimancheen_SW|2025-06-15"
"6280","Spilimancheen_SW","Spilimancheen","SW","Swift","Other_FS",2025-06-15,"MYCA",0,"Swift","Spilimancheen_SW|2025-06-15"
"6281","Spilimancheen_SW","Spilimancheen","SW","Swift","Other_FS",2025-06-15,"MYCI",0,"Swift","Spilimancheen_SW|2025-06-15"
"6282","Spilimancheen_SW","Spilimancheen","SW","Swift","Other_FS",2025-06-15,"MYEV",1,"Swift","Spilimancheen_SW|2025-06-15"
"6283","Spilimancheen_SW","Spilimancheen","SW","Swift","Other_FS",2025-06-15,"MYLU",22,"Swift","Spilimancheen_SW|2025-06-15"
"6284","Spilimancheen_SW","Spilimancheen","SW","Swift","Other_FS",2025-06-15,"MYSE",0,"Swift","Spilimancheen_SW|2025-06-15"
"6285","Spilimancheen_SW","Spilimancheen","SW","Swift","Other_FS",2025-06-15,"MYTH",0,"Swift","Spilimancheen_SW|2025-06-15"
"6286","Spilimancheen_SW","Spilimancheen","SW","Swift","Other_FS",2025-06-15,"MYVO",4,"Swift","Spilimancheen_SW|2025-06-15"
"6287","Spilimancheen_SW","Spilimancheen","SW","Swift","Other_FS",2025-06-15,"MYYU",0,"Swift","Spilimancheen_SW|2025-06-15"
"6288","Spilimancheen_SW","Spilimancheen","SW","Swift","Other_FS",2025-06-15,"PAHE",0,"Swift","Spilimancheen_SW|2025-06-15"
"6289","Spilimancheen_SW","Spilimancheen","SW","Swift","Other_FS",2025-06-16,"ANPA",0,"Swift","Spilimancheen_SW|2025-06-16"
"6290","Spilimancheen_SW","Spilimancheen","SW","Swift","Other_FS",2025-06-16,"COTO",0,"Swift","Spilimancheen_SW|2025-06-16"
"6291","Spilimancheen_SW","Spilimancheen","SW","Swift","Other_FS",2025-06-16,"EPFU",5,"Swift","Spilimancheen_SW|2025-06-16"
"6292","Spilimancheen_SW","Spilimancheen","SW","Swift","Other_FS",2025-06-16,"EUMA",0,"Swift","Spilimancheen_SW|2025-06-16"
"6293","Spilimancheen_SW","Spilimancheen","SW","Swift","Other_FS",2025-06-16,"LABO",3,"Swift","Spilimancheen_SW|2025-06-16"
"6294","Spilimancheen_SW","Spilimancheen","SW","Swift","Other_FS",2025-06-16,"LACI",4,"Swift","Spilimancheen_SW|2025-06-16"
"6295","Spilimancheen_SW","Spilimancheen","SW","Swift","Other_FS",2025-06-16,"LANO",3,"Swift","Spilimancheen_SW|2025-06-16"
"6296","Spilimancheen_SW","Spilimancheen","SW","Swift","Other_FS",2025-06-16,"MYCA",2,"Swift","Spilimancheen_SW|2025-06-16"
"6297","Spilimancheen_SW","Spilimancheen","SW","Swift","Other_FS",2025-06-16,"MYCI",0,"Swift","Spilimancheen_SW|2025-06-16"
"6298","Spilimancheen_SW","Spilimancheen","SW","Swift","Other_FS",2025-06-16,"MYEV",0,"Swift","Spilimancheen_SW|2025-06-16"
"6299","Spilimancheen_SW","Spilimancheen","SW","Swift","Other_FS",2025-06-16,"MYLU",52,"Swift","Spilimancheen_SW|2025-06-16"
"6300","Spilimancheen_SW","Spilimancheen","SW","Swift","Other_FS",2025-06-16,"MYSE",1,"Swift","Spilimancheen_SW|2025-06-16"
"6301","Spilimancheen_SW","Spilimancheen","SW","Swift","Other_FS",2025-06-16,"MYTH",0,"Swift","Spilimancheen_SW|2025-06-16"
"6302","Spilimancheen_SW","Spilimancheen","SW","Swift","Other_FS",2025-06-16,"MYVO",1,"Swift","Spilimancheen_SW|2025-06-16"
"6303","Spilimancheen_SW","Spilimancheen","SW","Swift","Other_FS",2025-06-16,"MYYU",0,"Swift","Spilimancheen_SW|2025-06-16"
"6304","Spilimancheen_SW","Spilimancheen","SW","Swift","Other_FS",2025-06-16,"PAHE",0,"Swift","Spilimancheen_SW|2025-06-16"
"6305","Spilimancheen_SW","Spilimancheen","SW","Swift","Other_FS",2025-06-17,"ANPA",1,"Swift","Spilimancheen_SW|2025-06-17"
"6306","Spilimancheen_SW","Spilimancheen","SW","Swift","Other_FS",2025-06-17,"COTO",0,"Swift","Spilimancheen_SW|2025-06-17"
"6307","Spilimancheen_SW","Spilimancheen","SW","Swift","Other_FS",2025-06-17,"EPFU",3,"Swift","Spilimancheen_SW|2025-06-17"
"6308","Spilimancheen_SW","Spilimancheen","SW","Swift","Other_FS",2025-06-17,"EUMA",0,"Swift","Spilimancheen_SW|2025-06-17"
"6309","Spilimancheen_SW","Spilimancheen","SW","Swift","Other_FS",2025-06-17,"LABO",0,"Swift","Spilimancheen_SW|2025-06-17"
"6310","Spilimancheen_SW","Spilimancheen","SW","Swift","Other_FS",2025-06-17,"LACI",7,"Swift","Spilimancheen_SW|2025-06-17"
"6311","Spilimancheen_SW","Spilimancheen","SW","Swift","Other_FS",2025-06-17,"LANO",2,"Swift","Spilimancheen_SW|2025-06-17"
"6312","Spilimancheen_SW","Spilimancheen","SW","Swift","Other_FS",2025-06-17,"MYCA",2,"Swift","Spilimancheen_SW|2025-06-17"
"6313","Spilimancheen_SW","Spilimancheen","SW","Swift","Other_FS",2025-06-17,"MYCI",0,"Swift","Spilimancheen_SW|2025-06-17"
"6314","Spilimancheen_SW","Spilimancheen","SW","Swift","Other_FS",2025-06-17,"MYEV",1,"Swift","Spilimancheen_SW|2025-06-17"
"6315","Spilimancheen_SW","Spilimancheen","SW","Swift","Other_FS",2025-06-17,"MYLU",60,"Swift","Spilimancheen_SW|2025-06-17"
"6316","Spilimancheen_SW","Spilimancheen","SW","Swift","Other_FS",2025-06-17,"MYSE",0,"Swift","Spilimancheen_SW|2025-06-17"
"6317","Spilimancheen_SW","Spilimancheen","SW","Swift","Other_FS",2025-06-17,"MYTH",1,"Swift","Spilimancheen_SW|2025-06-17"
"6318","Spilimancheen_SW","Spilimancheen","SW","Swift","Other_FS",2025-06-17,"MYVO",2,"Swift","Spilimancheen_SW|2025-06-17"
"6319","Spilimancheen_SW","Spilimancheen","SW","Swift","Other_FS",2025-06-17,"MYYU",0,"Swift","Spilimancheen_SW|2025-06-17"
"6320","Spilimancheen_SW","Spilimancheen","SW","Swift","Other_FS",2025-06-17,"PAHE",0,"Swift","Spilimancheen_SW|2025-06-17"
"6321","Spilimancheen_SW","Spilimancheen","SW","Swift","Other_FS",2025-06-18,"ANPA",0,"Swift","Spilimancheen_SW|2025-06-18"
"6322","Spilimancheen_SW","Spilimancheen","SW","Swift","Other_FS",2025-06-18,"COTO",0,"Swift","Spilimancheen_SW|2025-06-18"
"6323","Spilimancheen_SW","Spilimancheen","SW","Swift","Other_FS",2025-06-18,"EPFU",3,"Swift","Spilimancheen_SW|2025-06-18"
"6324","Spilimancheen_SW","Spilimancheen","SW","Swift","Other_FS",2025-06-18,"EUMA",0,"Swift","Spilimancheen_SW|2025-06-18"
"6325","Spilimancheen_SW","Spilimancheen","SW","Swift","Other_FS",2025-06-18,"LABO",0,"Swift","Spilimancheen_SW|2025-06-18"
"6326","Spilimancheen_SW","Spilimancheen","SW","Swift","Other_FS",2025-06-18,"LACI",0,"Swift","Spilimancheen_SW|2025-06-18"
"6327","Spilimancheen_SW","Spilimancheen","SW","Swift","Other_FS",2025-06-18,"LANO",2,"Swift","Spilimancheen_SW|2025-06-18"
"6328","Spilimancheen_SW","Spilimancheen","SW","Swift","Other_FS",2025-06-18,"MYCA",4,"Swift","Spilimancheen_SW|2025-06-18"
"6329","Spilimancheen_SW","Spilimancheen","SW","Swift","Other_FS",2025-06-18,"MYCI",0,"Swift","Spilimancheen_SW|2025-06-18"
"6330","Spilimancheen_SW","Spilimancheen","SW","Swift","Other_FS",2025-06-18,"MYEV",1,"Swift","Spilimancheen_SW|2025-06-18"
"6331","Spilimancheen_SW","Spilimancheen","SW","Swift","Other_FS",2025-06-18,"MYLU",141,"Swift","Spilimancheen_SW|2025-06-18"
"6332","Spilimancheen_SW","Spilimancheen","SW","Swift","Other_FS",2025-06-18,"MYSE",2,"Swift","Spilimancheen_SW|2025-06-18"
"6333","Spilimancheen_SW","Spilimancheen","SW","Swift","Other_FS",2025-06-18,"MYTH",0,"Swift","Spilimancheen_SW|2025-06-18"
"6334","Spilimancheen_SW","Spilimancheen","SW","Swift","Other_FS",2025-06-18,"MYVO",8,"Swift","Spilimancheen_SW|2025-06-18"
"6335","Spilimancheen_SW","Spilimancheen","SW","Swift","Other_FS",2025-06-18,"MYYU",0,"Swift","Spilimancheen_SW|2025-06-18"
"6336","Spilimancheen_SW","Spilimancheen","SW","Swift","Other_FS",2025-06-18,"PAHE",0,"Swift","Spilimancheen_SW|2025-06-18"
"6337","Spilimancheen_SW","Spilimancheen","SW","Swift","Other_FS",2025-06-19,"ANPA",0,"Swift","Spilimancheen_SW|2025-06-19"
"6338","Spilimancheen_SW","Spilimancheen","SW","Swift","Other_FS",2025-06-19,"COTO",0,"Swift","Spilimancheen_SW|2025-06-19"
"6339","Spilimancheen_SW","Spilimancheen","SW","Swift","Other_FS",2025-06-19,"EPFU",6,"Swift","Spilimancheen_SW|2025-06-19"
"6340","Spilimancheen_SW","Spilimancheen","SW","Swift","Other_FS",2025-06-19,"EUMA",0,"Swift","Spilimancheen_SW|2025-06-19"
"6341","Spilimancheen_SW","Spilimancheen","SW","Swift","Other_FS",2025-06-19,"LABO",4,"Swift","Spilimancheen_SW|2025-06-19"
"6342","Spilimancheen_SW","Spilimancheen","SW","Swift","Other_FS",2025-06-19,"LACI",11,"Swift","Spilimancheen_SW|2025-06-19"
"6343","Spilimancheen_SW","Spilimancheen","SW","Swift","Other_FS",2025-06-19,"LANO",15,"Swift","Spilimancheen_SW|2025-06-19"
"6344","Spilimancheen_SW","Spilimancheen","SW","Swift","Other_FS",2025-06-19,"MYCA",3,"Swift","Spilimancheen_SW|2025-06-19"
"6345","Spilimancheen_SW","Spilimancheen","SW","Swift","Other_FS",2025-06-19,"MYCI",0,"Swift","Spilimancheen_SW|2025-06-19"
"6346","Spilimancheen_SW","Spilimancheen","SW","Swift","Other_FS",2025-06-19,"MYEV",1,"Swift","Spilimancheen_SW|2025-06-19"
"6347","Spilimancheen_SW","Spilimancheen","SW","Swift","Other_FS",2025-06-19,"MYLU",363,"Swift","Spilimancheen_SW|2025-06-19"
"6348","Spilimancheen_SW","Spilimancheen","SW","Swift","Other_FS",2025-06-19,"MYSE",0,"Swift","Spilimancheen_SW|2025-06-19"
"6349","Spilimancheen_SW","Spilimancheen","SW","Swift","Other_FS",2025-06-19,"MYTH",1,"Swift","Spilimancheen_SW|2025-06-19"
"6350","Spilimancheen_SW","Spilimancheen","SW","Swift","Other_FS",2025-06-19,"MYVO",14,"Swift","Spilimancheen_SW|2025-06-19"
"6351","Spilimancheen_SW","Spilimancheen","SW","Swift","Other_FS",2025-06-19,"MYYU",0,"Swift","Spilimancheen_SW|2025-06-19"
"6352","Spilimancheen_SW","Spilimancheen","SW","Swift","Other_FS",2025-06-19,"PAHE",0,"Swift","Spilimancheen_SW|2025-06-19"
"6353","Spilimancheen_SW","Spilimancheen","SW","Swift","Other_FS",2025-06-21,"ANPA",0,"Swift","Spilimancheen_SW|2025-06-21"
"6354","Spilimancheen_SW","Spilimancheen","SW","Swift","Other_FS",2025-06-21,"COTO",0,"Swift","Spilimancheen_SW|2025-06-21"
"6355","Spilimancheen_SW","Spilimancheen","SW","Swift","Other_FS",2025-06-21,"EPFU",0,"Swift","Spilimancheen_SW|2025-06-21"
"6356","Spilimancheen_SW","Spilimancheen","SW","Swift","Other_FS",2025-06-21,"EUMA",0,"Swift","Spilimancheen_SW|2025-06-21"
"6357","Spilimancheen_SW","Spilimancheen","SW","Swift","Other_FS",2025-06-21,"LABO",0,"Swift","Spilimancheen_SW|2025-06-21"
"6358","Spilimancheen_SW","Spilimancheen","SW","Swift","Other_FS",2025-06-21,"LACI",3,"Swift","Spilimancheen_SW|2025-06-21"
"6359","Spilimancheen_SW","Spilimancheen","SW","Swift","Other_FS",2025-06-21,"LANO",0,"Swift","Spilimancheen_SW|2025-06-21"
"6360","Spilimancheen_SW","Spilimancheen","SW","Swift","Other_FS",2025-06-21,"MYCA",0,"Swift","Spilimancheen_SW|2025-06-21"
"6361","Spilimancheen_SW","Spilimancheen","SW","Swift","Other_FS",2025-06-21,"MYCI",0,"Swift","Spilimancheen_SW|2025-06-21"
"6362","Spilimancheen_SW","Spilimancheen","SW","Swift","Other_FS",2025-06-21,"MYEV",0,"Swift","Spilimancheen_SW|2025-06-21"
"6363","Spilimancheen_SW","Spilimancheen","SW","Swift","Other_FS",2025-06-21,"MYLU",6,"Swift","Spilimancheen_SW|2025-06-21"
"6364","Spilimancheen_SW","Spilimancheen","SW","Swift","Other_FS",2025-06-21,"MYSE",0,"Swift","Spilimancheen_SW|2025-06-21"
"6365","Spilimancheen_SW","Spilimancheen","SW","Swift","Other_FS",2025-06-21,"MYTH",0,"Swift","Spilimancheen_SW|2025-06-21"
"6366","Spilimancheen_SW","Spilimancheen","SW","Swift","Other_FS",2025-06-21,"MYVO",1,"Swift","Spilimancheen_SW|2025-06-21"
"6367","Spilimancheen_SW","Spilimancheen","SW","Swift","Other_FS",2025-06-21,"MYYU",0,"Swift","Spilimancheen_SW|2025-06-21"
"6368","Spilimancheen_SW","Spilimancheen","SW","Swift","Other_FS",2025-06-21,"PAHE",0,"Swift","Spilimancheen_SW|2025-06-21"
"6369","Spilimancheen_SW","Spilimancheen","SW","Swift","Other_FS",2025-06-22,"ANPA",0,"Swift","Spilimancheen_SW|2025-06-22"
"6370","Spilimancheen_SW","Spilimancheen","SW","Swift","Other_FS",2025-06-22,"COTO",0,"Swift","Spilimancheen_SW|2025-06-22"
"6371","Spilimancheen_SW","Spilimancheen","SW","Swift","Other_FS",2025-06-22,"EPFU",1,"Swift","Spilimancheen_SW|2025-06-22"
"6372","Spilimancheen_SW","Spilimancheen","SW","Swift","Other_FS",2025-06-22,"EUMA",0,"Swift","Spilimancheen_SW|2025-06-22"
"6373","Spilimancheen_SW","Spilimancheen","SW","Swift","Other_FS",2025-06-22,"LABO",0,"Swift","Spilimancheen_SW|2025-06-22"
"6374","Spilimancheen_SW","Spilimancheen","SW","Swift","Other_FS",2025-06-22,"LACI",10,"Swift","Spilimancheen_SW|2025-06-22"
"6375","Spilimancheen_SW","Spilimancheen","SW","Swift","Other_FS",2025-06-22,"LANO",0,"Swift","Spilimancheen_SW|2025-06-22"
"6376","Spilimancheen_SW","Spilimancheen","SW","Swift","Other_FS",2025-06-22,"MYCA",0,"Swift","Spilimancheen_SW|2025-06-22"
"6377","Spilimancheen_SW","Spilimancheen","SW","Swift","Other_FS",2025-06-22,"MYCI",0,"Swift","Spilimancheen_SW|2025-06-22"
"6378","Spilimancheen_SW","Spilimancheen","SW","Swift","Other_FS",2025-06-22,"MYEV",1,"Swift","Spilimancheen_SW|2025-06-22"
"6379","Spilimancheen_SW","Spilimancheen","SW","Swift","Other_FS",2025-06-22,"MYLU",12,"Swift","Spilimancheen_SW|2025-06-22"
"6380","Spilimancheen_SW","Spilimancheen","SW","Swift","Other_FS",2025-06-22,"MYSE",1,"Swift","Spilimancheen_SW|2025-06-22"
"6381","Spilimancheen_SW","Spilimancheen","SW","Swift","Other_FS",2025-06-22,"MYTH",0,"Swift","Spilimancheen_SW|2025-06-22"
"6382","Spilimancheen_SW","Spilimancheen","SW","Swift","Other_FS",2025-06-22,"MYVO",0,"Swift","Spilimancheen_SW|2025-06-22"
"6383","Spilimancheen_SW","Spilimancheen","SW","Swift","Other_FS",2025-06-22,"MYYU",0,"Swift","Spilimancheen_SW|2025-06-22"
"6384","Spilimancheen_SW","Spilimancheen","SW","Swift","Other_FS",2025-06-22,"PAHE",0,"Swift","Spilimancheen_SW|2025-06-22"
"6385","Spilimancheen_SW","Spilimancheen","SW","Swift","Other_FS",2025-06-23,"ANPA",0,"Swift","Spilimancheen_SW|2025-06-23"
"6386","Spilimancheen_SW","Spilimancheen","SW","Swift","Other_FS",2025-06-23,"COTO",0,"Swift","Spilimancheen_SW|2025-06-23"
"6387","Spilimancheen_SW","Spilimancheen","SW","Swift","Other_FS",2025-06-23,"EPFU",4,"Swift","Spilimancheen_SW|2025-06-23"
"6388","Spilimancheen_SW","Spilimancheen","SW","Swift","Other_FS",2025-06-23,"EUMA",0,"Swift","Spilimancheen_SW|2025-06-23"
"6389","Spilimancheen_SW","Spilimancheen","SW","Swift","Other_FS",2025-06-23,"LABO",3,"Swift","Spilimancheen_SW|2025-06-23"
"6390","Spilimancheen_SW","Spilimancheen","SW","Swift","Other_FS",2025-06-23,"LACI",5,"Swift","Spilimancheen_SW|2025-06-23"
"6391","Spilimancheen_SW","Spilimancheen","SW","Swift","Other_FS",2025-06-23,"LANO",0,"Swift","Spilimancheen_SW|2025-06-23"
"6392","Spilimancheen_SW","Spilimancheen","SW","Swift","Other_FS",2025-06-23,"MYCA",1,"Swift","Spilimancheen_SW|2025-06-23"
"6393","Spilimancheen_SW","Spilimancheen","SW","Swift","Other_FS",2025-06-23,"MYCI",0,"Swift","Spilimancheen_SW|2025-06-23"
"6394","Spilimancheen_SW","Spilimancheen","SW","Swift","Other_FS",2025-06-23,"MYEV",0,"Swift","Spilimancheen_SW|2025-06-23"
"6395","Spilimancheen_SW","Spilimancheen","SW","Swift","Other_FS",2025-06-23,"MYLU",30,"Swift","Spilimancheen_SW|2025-06-23"
"6396","Spilimancheen_SW","Spilimancheen","SW","Swift","Other_FS",2025-06-23,"MYSE",6,"Swift","Spilimancheen_SW|2025-06-23"
"6397","Spilimancheen_SW","Spilimancheen","SW","Swift","Other_FS",2025-06-23,"MYTH",0,"Swift","Spilimancheen_SW|2025-06-23"
"6398","Spilimancheen_SW","Spilimancheen","SW","Swift","Other_FS",2025-06-23,"MYVO",2,"Swift","Spilimancheen_SW|2025-06-23"
"6399","Spilimancheen_SW","Spilimancheen","SW","Swift","Other_FS",2025-06-23,"MYYU",0,"Swift","Spilimancheen_SW|2025-06-23"
"6400","Spilimancheen_SW","Spilimancheen","SW","Swift","Other_FS",2025-06-23,"PAHE",0,"Swift","Spilimancheen_SW|2025-06-23"
"6401","Spilimancheen_SW","Spilimancheen","SW","Swift","Other_FS",2025-06-24,"ANPA",0,"Swift","Spilimancheen_SW|2025-06-24"
"6402","Spilimancheen_SW","Spilimancheen","SW","Swift","Other_FS",2025-06-24,"COTO",0,"Swift","Spilimancheen_SW|2025-06-24"
"6403","Spilimancheen_SW","Spilimancheen","SW","Swift","Other_FS",2025-06-24,"EPFU",9,"Swift","Spilimancheen_SW|2025-06-24"
"6404","Spilimancheen_SW","Spilimancheen","SW","Swift","Other_FS",2025-06-24,"EUMA",0,"Swift","Spilimancheen_SW|2025-06-24"
"6405","Spilimancheen_SW","Spilimancheen","SW","Swift","Other_FS",2025-06-24,"LABO",0,"Swift","Spilimancheen_SW|2025-06-24"
"6406","Spilimancheen_SW","Spilimancheen","SW","Swift","Other_FS",2025-06-24,"LACI",4,"Swift","Spilimancheen_SW|2025-06-24"
"6407","Spilimancheen_SW","Spilimancheen","SW","Swift","Other_FS",2025-06-24,"LANO",1,"Swift","Spilimancheen_SW|2025-06-24"
"6408","Spilimancheen_SW","Spilimancheen","SW","Swift","Other_FS",2025-06-24,"MYCA",17,"Swift","Spilimancheen_SW|2025-06-24"
"6409","Spilimancheen_SW","Spilimancheen","SW","Swift","Other_FS",2025-06-24,"MYCI",0,"Swift","Spilimancheen_SW|2025-06-24"
"6410","Spilimancheen_SW","Spilimancheen","SW","Swift","Other_FS",2025-06-24,"MYEV",4,"Swift","Spilimancheen_SW|2025-06-24"
"6411","Spilimancheen_SW","Spilimancheen","SW","Swift","Other_FS",2025-06-24,"MYLU",497,"Swift","Spilimancheen_SW|2025-06-24"
"6412","Spilimancheen_SW","Spilimancheen","SW","Swift","Other_FS",2025-06-24,"MYSE",3,"Swift","Spilimancheen_SW|2025-06-24"
"6413","Spilimancheen_SW","Spilimancheen","SW","Swift","Other_FS",2025-06-24,"MYTH",0,"Swift","Spilimancheen_SW|2025-06-24"
"6414","Spilimancheen_SW","Spilimancheen","SW","Swift","Other_FS",2025-06-24,"MYVO",12,"Swift","Spilimancheen_SW|2025-06-24"
"6415","Spilimancheen_SW","Spilimancheen","SW","Swift","Other_FS",2025-06-24,"MYYU",1,"Swift","Spilimancheen_SW|2025-06-24"
"6416","Spilimancheen_SW","Spilimancheen","SW","Swift","Other_FS",2025-06-24,"PAHE",0,"Swift","Spilimancheen_SW|2025-06-24"
"6417","Spilimancheen_SW","Spilimancheen","SW","Swift","Other_FS",2025-06-25,"ANPA",0,"Swift","Spilimancheen_SW|2025-06-25"
"6418","Spilimancheen_SW","Spilimancheen","SW","Swift","Other_FS",2025-06-25,"COTO",0,"Swift","Spilimancheen_SW|2025-06-25"
"6419","Spilimancheen_SW","Spilimancheen","SW","Swift","Other_FS",2025-06-25,"EPFU",1,"Swift","Spilimancheen_SW|2025-06-25"
"6420","Spilimancheen_SW","Spilimancheen","SW","Swift","Other_FS",2025-06-25,"EUMA",0,"Swift","Spilimancheen_SW|2025-06-25"
"6421","Spilimancheen_SW","Spilimancheen","SW","Swift","Other_FS",2025-06-25,"LABO",1,"Swift","Spilimancheen_SW|2025-06-25"
"6422","Spilimancheen_SW","Spilimancheen","SW","Swift","Other_FS",2025-06-25,"LACI",1,"Swift","Spilimancheen_SW|2025-06-25"
"6423","Spilimancheen_SW","Spilimancheen","SW","Swift","Other_FS",2025-06-25,"LANO",0,"Swift","Spilimancheen_SW|2025-06-25"
"6424","Spilimancheen_SW","Spilimancheen","SW","Swift","Other_FS",2025-06-25,"MYCA",3,"Swift","Spilimancheen_SW|2025-06-25"
"6425","Spilimancheen_SW","Spilimancheen","SW","Swift","Other_FS",2025-06-25,"MYCI",0,"Swift","Spilimancheen_SW|2025-06-25"
"6426","Spilimancheen_SW","Spilimancheen","SW","Swift","Other_FS",2025-06-25,"MYEV",0,"Swift","Spilimancheen_SW|2025-06-25"
"6427","Spilimancheen_SW","Spilimancheen","SW","Swift","Other_FS",2025-06-25,"MYLU",26,"Swift","Spilimancheen_SW|2025-06-25"
"6428","Spilimancheen_SW","Spilimancheen","SW","Swift","Other_FS",2025-06-25,"MYSE",0,"Swift","Spilimancheen_SW|2025-06-25"
"6429","Spilimancheen_SW","Spilimancheen","SW","Swift","Other_FS",2025-06-25,"MYTH",0,"Swift","Spilimancheen_SW|2025-06-25"
"6430","Spilimancheen_SW","Spilimancheen","SW","Swift","Other_FS",2025-06-25,"MYVO",0,"Swift","Spilimancheen_SW|2025-06-25"
"6431","Spilimancheen_SW","Spilimancheen","SW","Swift","Other_FS",2025-06-25,"MYYU",0,"Swift","Spilimancheen_SW|2025-06-25"
"6432","Spilimancheen_SW","Spilimancheen","SW","Swift","Other_FS",2025-06-25,"PAHE",0,"Swift","Spilimancheen_SW|2025-06-25"
"6433","Spilimancheen_SW","Spilimancheen","SW","Anabat_Chorus","Anabat_Chorus",2025-06-15,"ANPA",0,"Swift","Spilimancheen_SW|2025-06-15"
"6434","Spilimancheen_SW","Spilimancheen","SW","Anabat_Chorus","Anabat_Chorus",2025-06-15,"COTO",0,"Swift","Spilimancheen_SW|2025-06-15"
"6435","Spilimancheen_SW","Spilimancheen","SW","Anabat_Chorus","Anabat_Chorus",2025-06-15,"EPFU",0,"Swift","Spilimancheen_SW|2025-06-15"
"6436","Spilimancheen_SW","Spilimancheen","SW","Anabat_Chorus","Anabat_Chorus",2025-06-15,"EUMA",0,"Swift","Spilimancheen_SW|2025-06-15"
"6437","Spilimancheen_SW","Spilimancheen","SW","Anabat_Chorus","Anabat_Chorus",2025-06-15,"LABO",0,"Swift","Spilimancheen_SW|2025-06-15"
"6438","Spilimancheen_SW","Spilimancheen","SW","Anabat_Chorus","Anabat_Chorus",2025-06-15,"LACI",0,"Swift","Spilimancheen_SW|2025-06-15"
"6439","Spilimancheen_SW","Spilimancheen","SW","Anabat_Chorus","Anabat_Chorus",2025-06-15,"LANO",2,"Swift","Spilimancheen_SW|2025-06-15"
"6440","Spilimancheen_SW","Spilimancheen","SW","Anabat_Chorus","Anabat_Chorus",2025-06-15,"MYCA",1,"Swift","Spilimancheen_SW|2025-06-15"
"6441","Spilimancheen_SW","Spilimancheen","SW","Anabat_Chorus","Anabat_Chorus",2025-06-15,"MYCI",0,"Swift","Spilimancheen_SW|2025-06-15"
"6442","Spilimancheen_SW","Spilimancheen","SW","Anabat_Chorus","Anabat_Chorus",2025-06-15,"MYEV",0,"Swift","Spilimancheen_SW|2025-06-15"
"6443","Spilimancheen_SW","Spilimancheen","SW","Anabat_Chorus","Anabat_Chorus",2025-06-15,"MYLU",49,"Swift","Spilimancheen_SW|2025-06-15"
"6444","Spilimancheen_SW","Spilimancheen","SW","Anabat_Chorus","Anabat_Chorus",2025-06-15,"MYSE",0,"Swift","Spilimancheen_SW|2025-06-15"
"6445","Spilimancheen_SW","Spilimancheen","SW","Anabat_Chorus","Anabat_Chorus",2025-06-15,"MYTH",0,"Swift","Spilimancheen_SW|2025-06-15"
"6446","Spilimancheen_SW","Spilimancheen","SW","Anabat_Chorus","Anabat_Chorus",2025-06-15,"MYVO",22,"Swift","Spilimancheen_SW|2025-06-15"
"6447","Spilimancheen_SW","Spilimancheen","SW","Anabat_Chorus","Anabat_Chorus",2025-06-15,"MYYU",1,"Swift","Spilimancheen_SW|2025-06-15"
"6448","Spilimancheen_SW","Spilimancheen","SW","Anabat_Chorus","Anabat_Chorus",2025-06-15,"PAHE",0,"Swift","Spilimancheen_SW|2025-06-15"
"6449","Spilimancheen_SW","Spilimancheen","SW","Anabat_Chorus","Anabat_Chorus",2025-06-16,"ANPA",0,"Swift","Spilimancheen_SW|2025-06-16"
"6450","Spilimancheen_SW","Spilimancheen","SW","Anabat_Chorus","Anabat_Chorus",2025-06-16,"COTO",0,"Swift","Spilimancheen_SW|2025-06-16"
"6451","Spilimancheen_SW","Spilimancheen","SW","Anabat_Chorus","Anabat_Chorus",2025-06-16,"EPFU",1,"Swift","Spilimancheen_SW|2025-06-16"
"6452","Spilimancheen_SW","Spilimancheen","SW","Anabat_Chorus","Anabat_Chorus",2025-06-16,"EUMA",0,"Swift","Spilimancheen_SW|2025-06-16"
"6453","Spilimancheen_SW","Spilimancheen","SW","Anabat_Chorus","Anabat_Chorus",2025-06-16,"LABO",3,"Swift","Spilimancheen_SW|2025-06-16"
"6454","Spilimancheen_SW","Spilimancheen","SW","Anabat_Chorus","Anabat_Chorus",2025-06-16,"LACI",3,"Swift","Spilimancheen_SW|2025-06-16"
"6455","Spilimancheen_SW","Spilimancheen","SW","Anabat_Chorus","Anabat_Chorus",2025-06-16,"LANO",4,"Swift","Spilimancheen_SW|2025-06-16"
"6456","Spilimancheen_SW","Spilimancheen","SW","Anabat_Chorus","Anabat_Chorus",2025-06-16,"MYCA",6,"Swift","Spilimancheen_SW|2025-06-16"
"6457","Spilimancheen_SW","Spilimancheen","SW","Anabat_Chorus","Anabat_Chorus",2025-06-16,"MYCI",0,"Swift","Spilimancheen_SW|2025-06-16"
"6458","Spilimancheen_SW","Spilimancheen","SW","Anabat_Chorus","Anabat_Chorus",2025-06-16,"MYEV",0,"Swift","Spilimancheen_SW|2025-06-16"
"6459","Spilimancheen_SW","Spilimancheen","SW","Anabat_Chorus","Anabat_Chorus",2025-06-16,"MYLU",494,"Swift","Spilimancheen_SW|2025-06-16"
"6460","Spilimancheen_SW","Spilimancheen","SW","Anabat_Chorus","Anabat_Chorus",2025-06-16,"MYSE",1,"Swift","Spilimancheen_SW|2025-06-16"
"6461","Spilimancheen_SW","Spilimancheen","SW","Anabat_Chorus","Anabat_Chorus",2025-06-16,"MYTH",0,"Swift","Spilimancheen_SW|2025-06-16"
"6462","Spilimancheen_SW","Spilimancheen","SW","Anabat_Chorus","Anabat_Chorus",2025-06-16,"MYVO",45,"Swift","Spilimancheen_SW|2025-06-16"
"6463","Spilimancheen_SW","Spilimancheen","SW","Anabat_Chorus","Anabat_Chorus",2025-06-16,"MYYU",0,"Swift","Spilimancheen_SW|2025-06-16"
"6464","Spilimancheen_SW","Spilimancheen","SW","Anabat_Chorus","Anabat_Chorus",2025-06-16,"PAHE",0,"Swift","Spilimancheen_SW|2025-06-16"
"6465","Spilimancheen_SW","Spilimancheen","SW","Anabat_Chorus","Anabat_Chorus",2025-06-17,"ANPA",0,"Swift","Spilimancheen_SW|2025-06-17"
"6466","Spilimancheen_SW","Spilimancheen","SW","Anabat_Chorus","Anabat_Chorus",2025-06-17,"COTO",0,"Swift","Spilimancheen_SW|2025-06-17"
"6467","Spilimancheen_SW","Spilimancheen","SW","Anabat_Chorus","Anabat_Chorus",2025-06-17,"EPFU",2,"Swift","Spilimancheen_SW|2025-06-17"
"6468","Spilimancheen_SW","Spilimancheen","SW","Anabat_Chorus","Anabat_Chorus",2025-06-17,"EUMA",0,"Swift","Spilimancheen_SW|2025-06-17"
"6469","Spilimancheen_SW","Spilimancheen","SW","Anabat_Chorus","Anabat_Chorus",2025-06-17,"LABO",1,"Swift","Spilimancheen_SW|2025-06-17"
"6470","Spilimancheen_SW","Spilimancheen","SW","Anabat_Chorus","Anabat_Chorus",2025-06-17,"LACI",2,"Swift","Spilimancheen_SW|2025-06-17"
"6471","Spilimancheen_SW","Spilimancheen","SW","Anabat_Chorus","Anabat_Chorus",2025-06-17,"LANO",1,"Swift","Spilimancheen_SW|2025-06-17"
"6472","Spilimancheen_SW","Spilimancheen","SW","Anabat_Chorus","Anabat_Chorus",2025-06-17,"MYCA",17,"Swift","Spilimancheen_SW|2025-06-17"
"6473","Spilimancheen_SW","Spilimancheen","SW","Anabat_Chorus","Anabat_Chorus",2025-06-17,"MYCI",0,"Swift","Spilimancheen_SW|2025-06-17"
"6474","Spilimancheen_SW","Spilimancheen","SW","Anabat_Chorus","Anabat_Chorus",2025-06-17,"MYEV",0,"Swift","Spilimancheen_SW|2025-06-17"
"6475","Spilimancheen_SW","Spilimancheen","SW","Anabat_Chorus","Anabat_Chorus",2025-06-17,"MYLU",467,"Swift","Spilimancheen_SW|2025-06-17"
"6476","Spilimancheen_SW","Spilimancheen","SW","Anabat_Chorus","Anabat_Chorus",2025-06-17,"MYSE",0,"Swift","Spilimancheen_SW|2025-06-17"
"6477","Spilimancheen_SW","Spilimancheen","SW","Anabat_Chorus","Anabat_Chorus",2025-06-17,"MYTH",0,"Swift","Spilimancheen_SW|2025-06-17"
"6478","Spilimancheen_SW","Spilimancheen","SW","Anabat_Chorus","Anabat_Chorus",2025-06-17,"MYVO",58,"Swift","Spilimancheen_SW|2025-06-17"
"6479","Spilimancheen_SW","Spilimancheen","SW","Anabat_Chorus","Anabat_Chorus",2025-06-17,"MYYU",0,"Swift","Spilimancheen_SW|2025-06-17"
"6480","Spilimancheen_SW","Spilimancheen","SW","Anabat_Chorus","Anabat_Chorus",2025-06-17,"PAHE",0,"Swift","Spilimancheen_SW|2025-06-17"
"6481","Spilimancheen_SW","Spilimancheen","SW","Anabat_Chorus","Anabat_Chorus",2025-06-18,"ANPA",0,"Swift","Spilimancheen_SW|2025-06-18"
"6482","Spilimancheen_SW","Spilimancheen","SW","Anabat_Chorus","Anabat_Chorus",2025-06-18,"COTO",0,"Swift","Spilimancheen_SW|2025-06-18"
"6483","Spilimancheen_SW","Spilimancheen","SW","Anabat_Chorus","Anabat_Chorus",2025-06-18,"EPFU",0,"Swift","Spilimancheen_SW|2025-06-18"
"6484","Spilimancheen_SW","Spilimancheen","SW","Anabat_Chorus","Anabat_Chorus",2025-06-18,"EUMA",0,"Swift","Spilimancheen_SW|2025-06-18"
"6485","Spilimancheen_SW","Spilimancheen","SW","Anabat_Chorus","Anabat_Chorus",2025-06-18,"LABO",0,"Swift","Spilimancheen_SW|2025-06-18"
"6486","Spilimancheen_SW","Spilimancheen","SW","Anabat_Chorus","Anabat_Chorus",2025-06-18,"LACI",1,"Swift","Spilimancheen_SW|2025-06-18"
"6487","Spilimancheen_SW","Spilimancheen","SW","Anabat_Chorus","Anabat_Chorus",2025-06-18,"LANO",0,"Swift","Spilimancheen_SW|2025-06-18"
"6488","Spilimancheen_SW","Spilimancheen","SW","Anabat_Chorus","Anabat_Chorus",2025-06-18,"MYCA",22,"Swift","Spilimancheen_SW|2025-06-18"
"6489","Spilimancheen_SW","Spilimancheen","SW","Anabat_Chorus","Anabat_Chorus",2025-06-18,"MYCI",0,"Swift","Spilimancheen_SW|2025-06-18"
"6490","Spilimancheen_SW","Spilimancheen","SW","Anabat_Chorus","Anabat_Chorus",2025-06-18,"MYEV",1,"Swift","Spilimancheen_SW|2025-06-18"
"6491","Spilimancheen_SW","Spilimancheen","SW","Anabat_Chorus","Anabat_Chorus",2025-06-18,"MYLU",242,"Swift","Spilimancheen_SW|2025-06-18"
"6492","Spilimancheen_SW","Spilimancheen","SW","Anabat_Chorus","Anabat_Chorus",2025-06-18,"MYSE",0,"Swift","Spilimancheen_SW|2025-06-18"
"6493","Spilimancheen_SW","Spilimancheen","SW","Anabat_Chorus","Anabat_Chorus",2025-06-18,"MYTH",0,"Swift","Spilimancheen_SW|2025-06-18"
"6494","Spilimancheen_SW","Spilimancheen","SW","Anabat_Chorus","Anabat_Chorus",2025-06-18,"MYVO",55,"Swift","Spilimancheen_SW|2025-06-18"
"6495","Spilimancheen_SW","Spilimancheen","SW","Anabat_Chorus","Anabat_Chorus",2025-06-18,"MYYU",4,"Swift","Spilimancheen_SW|2025-06-18"
"6496","Spilimancheen_SW","Spilimancheen","SW","Anabat_Chorus","Anabat_Chorus",2025-06-18,"PAHE",0,"Swift","Spilimancheen_SW|2025-06-18"
"6497","Spilimancheen_SW","Spilimancheen","SW","Anabat_Chorus","Anabat_Chorus",2025-06-19,"ANPA",0,"Swift","Spilimancheen_SW|2025-06-19"
"6498","Spilimancheen_SW","Spilimancheen","SW","Anabat_Chorus","Anabat_Chorus",2025-06-19,"COTO",0,"Swift","Spilimancheen_SW|2025-06-19"
"6499","Spilimancheen_SW","Spilimancheen","SW","Anabat_Chorus","Anabat_Chorus",2025-06-19,"EPFU",0,"Swift","Spilimancheen_SW|2025-06-19"
"6500","Spilimancheen_SW","Spilimancheen","SW","Anabat_Chorus","Anabat_Chorus",2025-06-19,"EUMA",0,"Swift","Spilimancheen_SW|2025-06-19"
"6501","Spilimancheen_SW","Spilimancheen","SW","Anabat_Chorus","Anabat_Chorus",2025-06-19,"LABO",1,"Swift","Spilimancheen_SW|2025-06-19"
"6502","Spilimancheen_SW","Spilimancheen","SW","Anabat_Chorus","Anabat_Chorus",2025-06-19,"LACI",1,"Swift","Spilimancheen_SW|2025-06-19"
"6503","Spilimancheen_SW","Spilimancheen","SW","Anabat_Chorus","Anabat_Chorus",2025-06-19,"LANO",3,"Swift","Spilimancheen_SW|2025-06-19"
"6504","Spilimancheen_SW","Spilimancheen","SW","Anabat_Chorus","Anabat_Chorus",2025-06-19,"MYCA",51,"Swift","Spilimancheen_SW|2025-06-19"
"6505","Spilimancheen_SW","Spilimancheen","SW","Anabat_Chorus","Anabat_Chorus",2025-06-19,"MYCI",0,"Swift","Spilimancheen_SW|2025-06-19"
"6506","Spilimancheen_SW","Spilimancheen","SW","Anabat_Chorus","Anabat_Chorus",2025-06-19,"MYEV",1,"Swift","Spilimancheen_SW|2025-06-19"
"6507","Spilimancheen_SW","Spilimancheen","SW","Anabat_Chorus","Anabat_Chorus",2025-06-19,"MYLU",599,"Swift","Spilimancheen_SW|2025-06-19"
"6508","Spilimancheen_SW","Spilimancheen","SW","Anabat_Chorus","Anabat_Chorus",2025-06-19,"MYSE",2,"Swift","Spilimancheen_SW|2025-06-19"
"6509","Spilimancheen_SW","Spilimancheen","SW","Anabat_Chorus","Anabat_Chorus",2025-06-19,"MYTH",0,"Swift","Spilimancheen_SW|2025-06-19"
"6510","Spilimancheen_SW","Spilimancheen","SW","Anabat_Chorus","Anabat_Chorus",2025-06-19,"MYVO",161,"Swift","Spilimancheen_SW|2025-06-19"
"6511","Spilimancheen_SW","Spilimancheen","SW","Anabat_Chorus","Anabat_Chorus",2025-06-19,"MYYU",1,"Swift","Spilimancheen_SW|2025-06-19"
"6512","Spilimancheen_SW","Spilimancheen","SW","Anabat_Chorus","Anabat_Chorus",2025-06-19,"PAHE",0,"Swift","Spilimancheen_SW|2025-06-19"
"6513","Spilimancheen_SW","Spilimancheen","SW","Anabat_Chorus","Anabat_Chorus",2025-06-21,"ANPA",0,"Swift","Spilimancheen_SW|2025-06-21"
"6514","Spilimancheen_SW","Spilimancheen","SW","Anabat_Chorus","Anabat_Chorus",2025-06-21,"COTO",0,"Swift","Spilimancheen_SW|2025-06-21"
"6515","Spilimancheen_SW","Spilimancheen","SW","Anabat_Chorus","Anabat_Chorus",2025-06-21,"EPFU",0,"Swift","Spilimancheen_SW|2025-06-21"
"6516","Spilimancheen_SW","Spilimancheen","SW","Anabat_Chorus","Anabat_Chorus",2025-06-21,"EUMA",0,"Swift","Spilimancheen_SW|2025-06-21"
"6517","Spilimancheen_SW","Spilimancheen","SW","Anabat_Chorus","Anabat_Chorus",2025-06-21,"LABO",2,"Swift","Spilimancheen_SW|2025-06-21"
"6518","Spilimancheen_SW","Spilimancheen","SW","Anabat_Chorus","Anabat_Chorus",2025-06-21,"LACI",0,"Swift","Spilimancheen_SW|2025-06-21"
"6519","Spilimancheen_SW","Spilimancheen","SW","Anabat_Chorus","Anabat_Chorus",2025-06-21,"LANO",0,"Swift","Spilimancheen_SW|2025-06-21"
"6520","Spilimancheen_SW","Spilimancheen","SW","Anabat_Chorus","Anabat_Chorus",2025-06-21,"MYCA",6,"Swift","Spilimancheen_SW|2025-06-21"
"6521","Spilimancheen_SW","Spilimancheen","SW","Anabat_Chorus","Anabat_Chorus",2025-06-21,"MYCI",0,"Swift","Spilimancheen_SW|2025-06-21"
"6522","Spilimancheen_SW","Spilimancheen","SW","Anabat_Chorus","Anabat_Chorus",2025-06-21,"MYEV",0,"Swift","Spilimancheen_SW|2025-06-21"
"6523","Spilimancheen_SW","Spilimancheen","SW","Anabat_Chorus","Anabat_Chorus",2025-06-21,"MYLU",29,"Swift","Spilimancheen_SW|2025-06-21"
"6524","Spilimancheen_SW","Spilimancheen","SW","Anabat_Chorus","Anabat_Chorus",2025-06-21,"MYSE",0,"Swift","Spilimancheen_SW|2025-06-21"
"6525","Spilimancheen_SW","Spilimancheen","SW","Anabat_Chorus","Anabat_Chorus",2025-06-21,"MYTH",0,"Swift","Spilimancheen_SW|2025-06-21"
"6526","Spilimancheen_SW","Spilimancheen","SW","Anabat_Chorus","Anabat_Chorus",2025-06-21,"MYVO",3,"Swift","Spilimancheen_SW|2025-06-21"
"6527","Spilimancheen_SW","Spilimancheen","SW","Anabat_Chorus","Anabat_Chorus",2025-06-21,"MYYU",1,"Swift","Spilimancheen_SW|2025-06-21"
"6528","Spilimancheen_SW","Spilimancheen","SW","Anabat_Chorus","Anabat_Chorus",2025-06-21,"PAHE",0,"Swift","Spilimancheen_SW|2025-06-21"
"6529","Spilimancheen_SW","Spilimancheen","SW","Anabat_Chorus","Anabat_Chorus",2025-06-22,"ANPA",0,"Swift","Spilimancheen_SW|2025-06-22"
"6530","Spilimancheen_SW","Spilimancheen","SW","Anabat_Chorus","Anabat_Chorus",2025-06-22,"COTO",0,"Swift","Spilimancheen_SW|2025-06-22"
"6531","Spilimancheen_SW","Spilimancheen","SW","Anabat_Chorus","Anabat_Chorus",2025-06-22,"EPFU",3,"Swift","Spilimancheen_SW|2025-06-22"
"6532","Spilimancheen_SW","Spilimancheen","SW","Anabat_Chorus","Anabat_Chorus",2025-06-22,"EUMA",0,"Swift","Spilimancheen_SW|2025-06-22"
"6533","Spilimancheen_SW","Spilimancheen","SW","Anabat_Chorus","Anabat_Chorus",2025-06-22,"LABO",1,"Swift","Spilimancheen_SW|2025-06-22"
"6534","Spilimancheen_SW","Spilimancheen","SW","Anabat_Chorus","Anabat_Chorus",2025-06-22,"LACI",0,"Swift","Spilimancheen_SW|2025-06-22"
"6535","Spilimancheen_SW","Spilimancheen","SW","Anabat_Chorus","Anabat_Chorus",2025-06-22,"LANO",1,"Swift","Spilimancheen_SW|2025-06-22"
"6536","Spilimancheen_SW","Spilimancheen","SW","Anabat_Chorus","Anabat_Chorus",2025-06-22,"MYCA",4,"Swift","Spilimancheen_SW|2025-06-22"
"6537","Spilimancheen_SW","Spilimancheen","SW","Anabat_Chorus","Anabat_Chorus",2025-06-22,"MYCI",0,"Swift","Spilimancheen_SW|2025-06-22"
"6538","Spilimancheen_SW","Spilimancheen","SW","Anabat_Chorus","Anabat_Chorus",2025-06-22,"MYEV",1,"Swift","Spilimancheen_SW|2025-06-22"
"6539","Spilimancheen_SW","Spilimancheen","SW","Anabat_Chorus","Anabat_Chorus",2025-06-22,"MYLU",54,"Swift","Spilimancheen_SW|2025-06-22"
"6540","Spilimancheen_SW","Spilimancheen","SW","Anabat_Chorus","Anabat_Chorus",2025-06-22,"MYSE",24,"Swift","Spilimancheen_SW|2025-06-22"
"6541","Spilimancheen_SW","Spilimancheen","SW","Anabat_Chorus","Anabat_Chorus",2025-06-22,"MYTH",0,"Swift","Spilimancheen_SW|2025-06-22"
"6542","Spilimancheen_SW","Spilimancheen","SW","Anabat_Chorus","Anabat_Chorus",2025-06-22,"MYVO",45,"Swift","Spilimancheen_SW|2025-06-22"
"6543","Spilimancheen_SW","Spilimancheen","SW","Anabat_Chorus","Anabat_Chorus",2025-06-22,"MYYU",3,"Swift","Spilimancheen_SW|2025-06-22"
"6544","Spilimancheen_SW","Spilimancheen","SW","Anabat_Chorus","Anabat_Chorus",2025-06-22,"PAHE",0,"Swift","Spilimancheen_SW|2025-06-22"
"6545","Spilimancheen_SW","Spilimancheen","SW","Anabat_Chorus","Anabat_Chorus",2025-06-23,"ANPA",0,"Swift","Spilimancheen_SW|2025-06-23"
"6546","Spilimancheen_SW","Spilimancheen","SW","Anabat_Chorus","Anabat_Chorus",2025-06-23,"COTO",0,"Swift","Spilimancheen_SW|2025-06-23"
"6547","Spilimancheen_SW","Spilimancheen","SW","Anabat_Chorus","Anabat_Chorus",2025-06-23,"EPFU",3,"Swift","Spilimancheen_SW|2025-06-23"
"6548","Spilimancheen_SW","Spilimancheen","SW","Anabat_Chorus","Anabat_Chorus",2025-06-23,"EUMA",0,"Swift","Spilimancheen_SW|2025-06-23"
"6549","Spilimancheen_SW","Spilimancheen","SW","Anabat_Chorus","Anabat_Chorus",2025-06-23,"LABO",2,"Swift","Spilimancheen_SW|2025-06-23"
"6550","Spilimancheen_SW","Spilimancheen","SW","Anabat_Chorus","Anabat_Chorus",2025-06-23,"LACI",0,"Swift","Spilimancheen_SW|2025-06-23"
"6551","Spilimancheen_SW","Spilimancheen","SW","Anabat_Chorus","Anabat_Chorus",2025-06-23,"LANO",0,"Swift","Spilimancheen_SW|2025-06-23"
"6552","Spilimancheen_SW","Spilimancheen","SW","Anabat_Chorus","Anabat_Chorus",2025-06-23,"MYCA",11,"Swift","Spilimancheen_SW|2025-06-23"
"6553","Spilimancheen_SW","Spilimancheen","SW","Anabat_Chorus","Anabat_Chorus",2025-06-23,"MYCI",0,"Swift","Spilimancheen_SW|2025-06-23"
"6554","Spilimancheen_SW","Spilimancheen","SW","Anabat_Chorus","Anabat_Chorus",2025-06-23,"MYEV",0,"Swift","Spilimancheen_SW|2025-06-23"
"6555","Spilimancheen_SW","Spilimancheen","SW","Anabat_Chorus","Anabat_Chorus",2025-06-23,"MYLU",178,"Swift","Spilimancheen_SW|2025-06-23"
"6556","Spilimancheen_SW","Spilimancheen","SW","Anabat_Chorus","Anabat_Chorus",2025-06-23,"MYSE",3,"Swift","Spilimancheen_SW|2025-06-23"
"6557","Spilimancheen_SW","Spilimancheen","SW","Anabat_Chorus","Anabat_Chorus",2025-06-23,"MYTH",0,"Swift","Spilimancheen_SW|2025-06-23"
"6558","Spilimancheen_SW","Spilimancheen","SW","Anabat_Chorus","Anabat_Chorus",2025-06-23,"MYVO",80,"Swift","Spilimancheen_SW|2025-06-23"
"6559","Spilimancheen_SW","Spilimancheen","SW","Anabat_Chorus","Anabat_Chorus",2025-06-23,"MYYU",0,"Swift","Spilimancheen_SW|2025-06-23"
"6560","Spilimancheen_SW","Spilimancheen","SW","Anabat_Chorus","Anabat_Chorus",2025-06-23,"PAHE",0,"Swift","Spilimancheen_SW|2025-06-23"
"6561","Spilimancheen_SW","Spilimancheen","SW","Anabat_Chorus","Anabat_Chorus",2025-06-24,"ANPA",0,"Swift","Spilimancheen_SW|2025-06-24"
"6562","Spilimancheen_SW","Spilimancheen","SW","Anabat_Chorus","Anabat_Chorus",2025-06-24,"COTO",0,"Swift","Spilimancheen_SW|2025-06-24"
"6563","Spilimancheen_SW","Spilimancheen","SW","Anabat_Chorus","Anabat_Chorus",2025-06-24,"EPFU",2,"Swift","Spilimancheen_SW|2025-06-24"
"6564","Spilimancheen_SW","Spilimancheen","SW","Anabat_Chorus","Anabat_Chorus",2025-06-24,"EUMA",0,"Swift","Spilimancheen_SW|2025-06-24"
"6565","Spilimancheen_SW","Spilimancheen","SW","Anabat_Chorus","Anabat_Chorus",2025-06-24,"LABO",0,"Swift","Spilimancheen_SW|2025-06-24"
"6566","Spilimancheen_SW","Spilimancheen","SW","Anabat_Chorus","Anabat_Chorus",2025-06-24,"LACI",4,"Swift","Spilimancheen_SW|2025-06-24"
"6567","Spilimancheen_SW","Spilimancheen","SW","Anabat_Chorus","Anabat_Chorus",2025-06-24,"LANO",2,"Swift","Spilimancheen_SW|2025-06-24"
"6568","Spilimancheen_SW","Spilimancheen","SW","Anabat_Chorus","Anabat_Chorus",2025-06-24,"MYCA",28,"Swift","Spilimancheen_SW|2025-06-24"
"6569","Spilimancheen_SW","Spilimancheen","SW","Anabat_Chorus","Anabat_Chorus",2025-06-24,"MYCI",0,"Swift","Spilimancheen_SW|2025-06-24"
"6570","Spilimancheen_SW","Spilimancheen","SW","Anabat_Chorus","Anabat_Chorus",2025-06-24,"MYEV",0,"Swift","Spilimancheen_SW|2025-06-24"
"6571","Spilimancheen_SW","Spilimancheen","SW","Anabat_Chorus","Anabat_Chorus",2025-06-24,"MYLU",479,"Swift","Spilimancheen_SW|2025-06-24"
"6572","Spilimancheen_SW","Spilimancheen","SW","Anabat_Chorus","Anabat_Chorus",2025-06-24,"MYSE",5,"Swift","Spilimancheen_SW|2025-06-24"
"6573","Spilimancheen_SW","Spilimancheen","SW","Anabat_Chorus","Anabat_Chorus",2025-06-24,"MYTH",0,"Swift","Spilimancheen_SW|2025-06-24"
"6574","Spilimancheen_SW","Spilimancheen","SW","Anabat_Chorus","Anabat_Chorus",2025-06-24,"MYVO",80,"Swift","Spilimancheen_SW|2025-06-24"
"6575","Spilimancheen_SW","Spilimancheen","SW","Anabat_Chorus","Anabat_Chorus",2025-06-24,"MYYU",1,"Swift","Spilimancheen_SW|2025-06-24"
"6576","Spilimancheen_SW","Spilimancheen","SW","Anabat_Chorus","Anabat_Chorus",2025-06-24,"PAHE",0,"Swift","Spilimancheen_SW|2025-06-24"
"6577","Spilimancheen_SW","Spilimancheen","SW","Anabat_Chorus","Anabat_Chorus",2025-06-25,"ANPA",0,"Swift","Spilimancheen_SW|2025-06-25"
"6578","Spilimancheen_SW","Spilimancheen","SW","Anabat_Chorus","Anabat_Chorus",2025-06-25,"COTO",0,"Swift","Spilimancheen_SW|2025-06-25"
"6579","Spilimancheen_SW","Spilimancheen","SW","Anabat_Chorus","Anabat_Chorus",2025-06-25,"EPFU",0,"Swift","Spilimancheen_SW|2025-06-25"
"6580","Spilimancheen_SW","Spilimancheen","SW","Anabat_Chorus","Anabat_Chorus",2025-06-25,"EUMA",0,"Swift","Spilimancheen_SW|2025-06-25"
"6581","Spilimancheen_SW","Spilimancheen","SW","Anabat_Chorus","Anabat_Chorus",2025-06-25,"LABO",1,"Swift","Spilimancheen_SW|2025-06-25"
"6582","Spilimancheen_SW","Spilimancheen","SW","Anabat_Chorus","Anabat_Chorus",2025-06-25,"LACI",1,"Swift","Spilimancheen_SW|2025-06-25"
"6583","Spilimancheen_SW","Spilimancheen","SW","Anabat_Chorus","Anabat_Chorus",2025-06-25,"LANO",0,"Swift","Spilimancheen_SW|2025-06-25"
"6584","Spilimancheen_SW","Spilimancheen","SW","Anabat_Chorus","Anabat_Chorus",2025-06-25,"MYCA",20,"Swift","Spilimancheen_SW|2025-06-25"
"6585","Spilimancheen_SW","Spilimancheen","SW","Anabat_Chorus","Anabat_Chorus",2025-06-25,"MYCI",0,"Swift","Spilimancheen_SW|2025-06-25"
"6586","Spilimancheen_SW","Spilimancheen","SW","Anabat_Chorus","Anabat_Chorus",2025-06-25,"MYEV",0,"Swift","Spilimancheen_SW|2025-06-25"
"6587","Spilimancheen_SW","Spilimancheen","SW","Anabat_Chorus","Anabat_Chorus",2025-06-25,"MYLU",139,"Swift","Spilimancheen_SW|2025-06-25"
"6588","Spilimancheen_SW","Spilimancheen","SW","Anabat_Chorus","Anabat_Chorus",2025-06-25,"MYSE",8,"Swift","Spilimancheen_SW|2025-06-25"
"6589","Spilimancheen_SW","Spilimancheen","SW","Anabat_Chorus","Anabat_Chorus",2025-06-25,"MYTH",0,"Swift","Spilimancheen_SW|2025-06-25"
"6590","Spilimancheen_SW","Spilimancheen","SW","Anabat_Chorus","Anabat_Chorus",2025-06-25,"MYVO",45,"Swift","Spilimancheen_SW|2025-06-25"
"6591","Spilimancheen_SW","Spilimancheen","SW","Anabat_Chorus","Anabat_Chorus",2025-06-25,"MYYU",0,"Swift","Spilimancheen_SW|2025-06-25"
"6592","Spilimancheen_SW","Spilimancheen","SW","Anabat_Chorus","Anabat_Chorus",2025-06-25,"PAHE",0,"Swift","Spilimancheen_SW|2025-06-25"
